-- --------------------------------------------------------
-- Host:                         127.0.0.1
-- Versión del servidor:         8.0.22 - MySQL Community Server - GPL
-- SO del servidor:              Win64
-- HeidiSQL Versión:             11.2.0.6255
-- --------------------------------------------------------

/*!40101 SET @OLD_CHARACTER_SET_CLIENT=@@CHARACTER_SET_CLIENT */;
/*!40101 SET NAMES utf8 */;
/*!50503 SET NAMES utf8mb4 */;
/*!40014 SET @OLD_FOREIGN_KEY_CHECKS=@@FOREIGN_KEY_CHECKS, FOREIGN_KEY_CHECKS=0 */;
/*!40101 SET @OLD_SQL_MODE=@@SQL_MODE, SQL_MODE='NO_AUTO_VALUE_ON_ZERO' */;
/*!40111 SET @OLD_SQL_NOTES=@@SQL_NOTES, SQL_NOTES=0 */;


-- Volcando estructura de base de datos para proyecto
CREATE DATABASE IF NOT EXISTS `proyecto` /*!40100 DEFAULT CHARACTER SET utf8 */ /*!80016 DEFAULT ENCRYPTION='N' */;
USE `proyecto`;

-- Volcando estructura para tabla proyecto.circuitos
CREATE TABLE IF NOT EXISTS `circuitos` (
  `codigo` int NOT NULL,
  `nombre` varchar(50) DEFAULT NULL,
  `localizacion` varchar(100) DEFAULT NULL,
  `longitud` decimal(10,3) DEFAULT NULL,
  PRIMARY KEY (`codigo`)
) ENGINE=InnoDB DEFAULT CHARSET=utf8;

-- Volcando datos para la tabla proyecto.circuitos: ~51 rows (aproximadamente)
/*!40000 ALTER TABLE `circuitos` DISABLE KEYS */;
INSERT INTO `circuitos` (`codigo`, `nombre`, `localizacion`, `longitud`) VALUES
	(1, 'Autodromo Nazionale Monza (Road Course)', 'Italy', 5.794),
	(2, 'Autodromo Nazionale Monza (Junior Course)', 'Italy', 2.404),
	(3, 'Brands Hatch (Indy Circuit)', 'UK', 2.029),
	(4, 'Bugatti Circuit', 'France', 4.143),
	(5, 'Circuit de Catalunya (GP Circuit)', 'Spain', 4.656),
	(6, 'Circuit de Catalunya (National Circuit)', 'Spain', 3.069),
	(7, 'Circuit de Catalunya (Club Circuit)', 'Spain', 1.703),
	(8, 'Circuit de Monaco', 'Grand Prix Circuit', 3.337),
	(9, 'Circuit de Spa-Francorchamps', 'Belgium', 7.004),
	(10, 'Circuit des 24 Heures', 'France', 13.626),
	(11, 'Circuit of The Americas (Grand Prix Circuit)', 'USA', 5.515),
	(12, 'Circuit of The Americas (National Circuit)', 'USA', 3.701),
	(13, 'Circuit of The Americas (Club Circuit)', 'USA', 1.979),
	(14, 'Daytona International Speedway (Speedway)', 'USA', 4.023),
	(15, 'Daytona International Speedway (Road Course)', 'USA', 5.729),
	(16, 'Daytona International Speedway (Motorcycle Course)', 'USA', 4.748),
	(17, 'Dubai Autodrome (Grand Prix Circuit)', 'UAE', 5.390),
	(18, 'Dubai Autodrome (International Circuit)', 'UAE', 4.291),
	(19, 'Dubai Autodrome (National Circuit)', 'UAE', 3.560),
	(20, 'Dubai Autodrome (Club Circuit)', 'UAE', 2.461),
	(21, 'Dubai Autodrome (Hill Circuit)', 'UAE', 1.748),
	(22, 'Dubai Autodrome (Oval Circuit)', 'UAE', 1.120),
	(23, 'Formula E Berlin Circuit', 'Germany', 2.250),
	(24, 'Formula E Hong Kong Circuit', 'Hong Kong (SAR)', 1.860),
	(25, 'Formula E New York Circuit', 'USA', 1.947),
	(26, 'Hockenheimring (Grand Prix Circuit)', 'Germany', 4.574),
	(27, 'Hockenheimring (National)', 'Germany', 3.629),
	(28, 'Hockenheimring (Short)', 'Germany', 2.638),
	(29, 'Indianapolis Motor Speedway (Speedway)', 'USA', 4.023),
	(30, 'Indianapolis Motor Speedway (Road Course)', 'USA', 4.078),
	(31, 'Marina Bay Street Circuit (Grand Prix Circuit)', 'Singapore', 5.065),
	(32, 'Melbourne', 'Australia', 2.700),
	(33, 'Mount Panorama', 'Australia', 6.214),
	(34, 'Nürburgring (Grand Prix Circuit)', 'Germany', 5.137),
	(35, 'Nürburgring (Sprint Circuit)', 'Germany', 3.619),
	(36, 'Nürburgring (Müllenbachschleife)', 'Germany', 1.500),
	(37, 'Porsche Test Track (Dynamic Circuit)', 'Germany', 2.250),
	(38, 'Porsche Test Track (On-road Circuit - Long)', 'Germany', 3.706),
	(39, 'Porsche Test Track (On-road Circuit - Short)', 'Germany', 2.200),
	(40, 'Red Bull Ring (Grand Prix Circuit)', 'Austria', 4.318),
	(41, 'Red Bull Ring (Südschleife National Circuit)', 'Austria', 2.337),
	(42, 'Richmond International Raceway', 'USA', 1.210),
	(43, 'Silverstone (The Bridge Grand Prix Circuit 2009)', 'UK', 5.140),
	(44, 'Silverstone (The Grand Prix Circuit)', 'UK', 5.892),
	(45, 'Silverstone (The International Circuit)', 'UK', 2.995),
	(46, 'Silverstone (The National Circuit)', 'UK', 2.638),
	(47, 'Suzuka Circuit (Grand Prix Circuit)', 'Japan', 5.807),
	(48, 'Suzuka Circuit (East Circuit)', 'Japan', 2.243),
	(49, 'Suzuka Circuit (West Circuit)', 'Japan', 3.467),
	(50, 'WeatherTech Raceway Laguna Seca', 'USA', 3.602),
	(51, 'Yas Marina Circuit', 'UAE', 5.554);
/*!40000 ALTER TABLE `circuitos` ENABLE KEYS */;

-- Volcando estructura para tabla proyecto.clases
CREATE TABLE IF NOT EXISTS `clases` (
  `nombre` varchar(50) NOT NULL,
  `descripcion` varchar(250) DEFAULT NULL,
  PRIMARY KEY (`nombre`)
) ENGINE=InnoDB DEFAULT CHARSET=utf8;

-- Volcando datos para la tabla proyecto.clases: ~3 rows (aproximadamente)
/*!40000 ALTER TABLE `clases` DISABLE KEYS */;
INSERT INTO `clases` (`nombre`, `descripcion`) VALUES
	('P', 'Producción; Coches fabricados para la venta al público en general, y no son exclusivamente para competición.'),
	('R', 'Competición; Coches diseñados o mejorados para su uso exclusivo en competición.'),
	('S', 'Supercoche; Coches de alto valor monetorio con altas prestaciones para el público en general, preo gracias a su alto rendimiento son idoneos para "exprimirlos" en pista.');
/*!40000 ALTER TABLE `clases` ENABLE KEYS */;

-- Volcando estructura para tabla proyecto.coches
CREATE TABLE IF NOT EXISTS `coches` (
  `codigo` int NOT NULL,
  `marca` varchar(25) DEFAULT NULL,
  `modelo` varchar(50) DEFAULT NULL,
  `velocidad_punta` int DEFAULT NULL,
  `aceleracion` decimal(10,2) DEFAULT NULL,
  `frenada` decimal(10,2) DEFAULT NULL,
  `agarre` decimal(10,2) DEFAULT NULL,
  `clase` varchar(50) NOT NULL,
  PRIMARY KEY (`codigo`),
  KEY `fk_coches_categorias_idx` (`clase`),
  CONSTRAINT `fk_coches_categorias` FOREIGN KEY (`clase`) REFERENCES `clases` (`nombre`)
) ENGINE=InnoDB DEFAULT CHARSET=utf8;

-- Volcando datos para la tabla proyecto.coches: ~500 rows (aproximadamente)
/*!40000 ALTER TABLE `coches` DISABLE KEYS */;
INSERT INTO `coches` (`codigo`, `marca`, `modelo`, `velocidad_punta`, `aceleracion`, `frenada`, `agarre`, `clase`) VALUES
	(1, 'Chevrolet', 'Impala', 165, 2.65, 25.36, 4.44, 'S'),
	(2, 'Mazda', '626', 324, 8.09, 41.76, 3.42, 'S'),
	(3, 'BMW', 'X5', 149, 1.78, 25.90, 4.70, 'P'),
	(4, 'Hyundai', 'Sonata', 365, 9.11, 33.86, 2.57, 'P'),
	(5, 'MINI', 'Clubman', 129, 4.51, 21.53, 4.61, 'P'),
	(6, 'Ford', 'Explorer', 102, 8.07, 27.15, 3.79, 'S'),
	(7, 'Plymouth', 'Neon', 382, 1.02, 22.73, 2.57, 'R'),
	(8, 'Chevrolet', 'Express 3500', 247, 4.62, 30.76, 3.07, 'S'),
	(9, 'Toyota', 'Prius', 153, 3.82, 39.55, 3.12, 'R'),
	(10, 'Mitsubishi', 'Expo', 233, 6.96, 23.51, 3.38, 'S'),
	(11, 'Porsche', 'Cayenne', 195, 3.09, 37.52, 4.30, 'P'),
	(12, 'Volkswagen', 'Jetta', 152, 7.19, 21.92, 4.44, 'S'),
	(13, 'Maserati', 'GranSport', 300, 8.26, 38.96, 4.24, 'S'),
	(14, 'Mercury', 'Tracer', 134, 1.66, 25.40, 4.12, 'S'),
	(15, 'Audi', '5000S', 261, 6.43, 29.43, 3.77, 'P'),
	(16, 'Chevrolet', 'Uplander', 129, 1.02, 36.58, 2.31, 'S'),
	(17, 'Volkswagen', 'Cabriolet', 391, 2.43, 25.55, 4.16, 'P'),
	(18, 'BMW', '530', 384, 1.11, 42.04, 4.97, 'P'),
	(19, 'Acura', 'RSX', 389, 2.40, 41.97, 4.22, 'R'),
	(20, 'Lincoln', 'MKX', 315, 1.70, 42.33, 3.65, 'S'),
	(21, 'Nissan', 'Altima', 101, 5.76, 27.03, 3.90, 'R'),
	(22, 'Pontiac', 'G6', 307, 2.75, 28.35, 2.43, 'S'),
	(23, 'BMW', 'X6', 294, 2.43, 24.50, 4.98, 'S'),
	(24, 'Audi', 'Q5', 122, 6.16, 42.28, 2.87, 'P'),
	(25, 'Daewoo', 'Lanos', 125, 9.03, 34.00, 4.11, 'R'),
	(26, 'Mazda', 'Protege', 309, 5.80, 41.60, 3.50, 'S'),
	(27, 'Toyota', 'Tundra', 361, 4.47, 31.40, 4.83, 'R'),
	(28, 'Jeep', 'Wrangler', 112, 3.66, 32.45, 2.95, 'P'),
	(29, 'Mazda', 'RX-7', 246, 6.82, 44.14, 4.54, 'R'),
	(30, 'Chrysler', 'Town & Country', 150, 6.87, 38.19, 3.35, 'R'),
	(31, 'Subaru', 'Impreza', 218, 1.62, 34.75, 3.97, 'P'),
	(32, 'BMW', '6 Series', 94, 9.04, 31.71, 2.21, 'S'),
	(33, 'Honda', 'S2000', 152, 2.09, 41.87, 3.10, 'P'),
	(34, 'Mercedes-Benz', 'CLK-Class', 225, 8.11, 34.88, 4.32, 'P'),
	(35, 'Lexus', 'LS', 137, 2.06, 27.22, 3.49, 'S'),
	(36, 'Cadillac', 'Eldorado', 278, 4.80, 28.45, 3.76, 'S'),
	(37, 'Volkswagen', 'GTI', 162, 4.71, 20.57, 4.94, 'R'),
	(38, 'BMW', 'X3', 381, 1.50, 23.07, 3.90, 'S'),
	(39, 'Toyota', 'Avalon', 129, 2.62, 44.99, 2.90, 'S'),
	(40, 'Acura', 'MDX', 238, 3.61, 38.84, 2.76, 'S'),
	(41, 'Land Rover', 'Range Rover', 374, 8.34, 33.75, 4.40, 'S'),
	(42, 'Honda', 'Passport', 94, 2.14, 20.53, 2.78, 'R'),
	(43, 'Toyota', 'Yaris', 344, 9.45, 32.80, 2.20, 'P'),
	(44, 'Suzuki', 'Swift', 91, 2.12, 36.58, 3.33, 'S'),
	(45, 'Kia', 'Rondo', 114, 9.30, 43.48, 3.82, 'S'),
	(46, 'Nissan', 'Pathfinder', 103, 7.98, 34.78, 2.60, 'S'),
	(47, 'Chrysler', 'Sebring', 233, 8.72, 28.22, 4.47, 'R'),
	(48, 'Buick', 'Park Avenue', 107, 9.35, 32.97, 2.35, 'S'),
	(49, 'Suzuki', 'Sidekick', 331, 9.23, 24.29, 2.95, 'P'),
	(50, 'Hyundai', 'Genesis Coupe', 295, 5.87, 20.23, 2.59, 'R'),
	(51, 'Chevrolet', 'Tahoe', 132, 8.78, 30.69, 2.85, 'R'),
	(52, 'Oldsmobile', 'Bravada', 214, 3.77, 37.13, 3.35, 'S'),
	(53, 'Chevrolet', 'Cavalier', 355, 9.75, 40.58, 4.09, 'S'),
	(54, 'Chevrolet', 'Suburban 1500', 243, 8.94, 25.30, 4.19, 'S'),
	(55, 'Lexus', 'IS', 91, 2.70, 26.93, 3.74, 'S'),
	(56, 'Volvo', 'S60', 370, 1.07, 21.16, 4.06, 'R'),
	(57, 'Mazda', 'B-Series', 160, 7.17, 30.35, 2.81, 'P'),
	(58, 'Ferrari', 'FF', 168, 5.72, 21.15, 4.80, 'P'),
	(59, 'Buick', 'Riviera', 230, 6.16, 22.02, 3.53, 'P'),
	(60, 'Subaru', 'Outback', 229, 5.99, 22.99, 2.38, 'R'),
	(61, 'Ford', 'Festiva', 208, 1.45, 41.34, 3.72, 'S'),
	(62, 'Mercury', 'Sable', 381, 3.00, 23.19, 3.71, 'P'),
	(63, 'Mercury', 'Grand Marquis', 169, 2.27, 37.25, 3.71, 'S'),
	(64, 'Volkswagen', 'Type 2', 267, 3.90, 27.76, 4.57, 'S'),
	(65, 'Ford', 'F250', 256, 6.64, 43.44, 3.58, 'P'),
	(66, 'Ford', 'F-Series', 380, 3.70, 44.44, 4.29, 'S'),
	(67, 'Dodge', 'Colt', 104, 6.87, 21.85, 2.57, 'R'),
	(68, 'Infiniti', 'JX', 189, 9.87, 41.05, 2.85, 'S'),
	(69, 'Mazda', '626', 229, 5.73, 35.47, 3.37, 'P'),
	(70, 'Honda', 'S2000', 347, 1.83, 20.02, 3.86, 'R'),
	(71, 'Hyundai', 'Accent', 113, 3.07, 40.76, 3.95, 'R'),
	(72, 'GMC', 'Sierra 1500', 388, 2.74, 42.43, 3.98, 'R'),
	(73, 'Pontiac', 'Grand Prix', 179, 3.35, 28.42, 3.89, 'R'),
	(74, 'Maybach', '62', 294, 4.97, 35.32, 2.94, 'S'),
	(75, 'Lexus', 'ES', 217, 7.03, 33.20, 2.45, 'R'),
	(76, 'Volvo', 'V50', 117, 9.62, 38.25, 4.21, 'S'),
	(77, 'Rolls-Royce', 'Phantom', 304, 1.94, 44.30, 2.43, 'R'),
	(78, 'Cadillac', 'DeVille', 151, 2.58, 32.37, 3.68, 'P'),
	(79, 'Mitsubishi', 'Diamante', 380, 8.71, 42.51, 3.40, 'S'),
	(80, 'Cadillac', 'Escalade ESV', 387, 1.47, 31.68, 3.94, 'P'),
	(81, 'Buick', 'LeSabre', 350, 4.04, 32.08, 4.81, 'S'),
	(82, 'Suzuki', 'Forenza', 185, 1.74, 26.01, 2.99, 'S'),
	(83, 'BMW', '600', 243, 9.22, 24.75, 4.00, 'S'),
	(84, 'Isuzu', 'Trooper', 209, 4.55, 25.45, 2.38, 'R'),
	(85, 'Mazda', 'MX-6', 145, 1.87, 23.64, 3.39, 'S'),
	(86, 'Mercedes-Benz', 'E-Class', 216, 5.59, 44.83, 3.19, 'S'),
	(87, 'Audi', '4000s', 363, 1.33, 20.77, 4.27, 'S'),
	(88, 'Pontiac', 'Fiero', 142, 6.33, 40.88, 4.67, 'S'),
	(89, 'Chevrolet', 'G-Series G30', 317, 5.15, 42.04, 3.60, 'S'),
	(90, 'Lotus', 'Esprit Turbo', 266, 7.21, 24.70, 4.93, 'P'),
	(91, 'Pontiac', 'Bonneville', 370, 7.28, 30.01, 4.04, 'P'),
	(92, 'Volkswagen', 'riolet', 344, 2.91, 23.23, 4.30, 'R'),
	(93, 'Jaguar', 'XK Series', 107, 9.09, 24.53, 2.08, 'S'),
	(94, 'BMW', 'Z3', 208, 8.58, 27.73, 2.95, 'P'),
	(95, 'Mitsubishi', 'Pajero', 373, 1.84, 26.50, 3.61, 'R'),
	(96, 'Lexus', 'GS', 350, 4.01, 27.40, 4.63, 'P'),
	(97, 'Infiniti', 'Q', 310, 4.87, 25.69, 3.04, 'P'),
	(98, 'Maybach', '57', 333, 2.48, 30.06, 2.64, 'S'),
	(99, 'Suzuki', 'Vitara', 112, 9.82, 20.44, 2.23, 'P'),
	(100, 'Ford', 'Expedition EL', 242, 2.25, 36.98, 2.82, 'P'),
	(101, 'GMC', 'Savana 3500', 340, 3.03, 44.63, 3.58, 'P'),
	(102, 'Ford', 'F150', 164, 3.54, 34.78, 2.41, 'S'),
	(103, 'Volkswagen', 'Golf III', 341, 2.36, 25.54, 4.84, 'S'),
	(104, 'MINI', 'Clubman', 306, 7.96, 43.13, 4.94, 'S'),
	(105, 'Suzuki', 'X-90', 160, 1.77, 33.90, 3.17, 'S'),
	(106, 'Lexus', 'LS', 190, 9.11, 25.67, 3.32, 'S'),
	(107, 'BMW', 'Z4', 116, 6.00, 28.43, 4.82, 'P'),
	(108, 'Kia', 'Sorento', 344, 3.21, 21.59, 4.33, 'R'),
	(109, 'Mitsubishi', 'Chariot', 325, 4.06, 25.40, 2.50, 'S'),
	(110, 'Kia', 'Sedona', 234, 3.95, 23.26, 2.32, 'P'),
	(111, 'Ford', 'LTD', 375, 1.42, 24.93, 4.25, 'S'),
	(112, 'Cadillac', 'SRX', 168, 7.98, 40.30, 2.09, 'R'),
	(113, 'Land Rover', 'Range Rover Sport', 328, 4.97, 27.52, 3.69, 'S'),
	(114, 'Honda', 'Accord', 256, 4.47, 41.03, 3.20, 'S'),
	(115, 'Mercedes-Benz', 'SL-Class', 273, 9.32, 36.89, 2.28, 'P'),
	(116, 'Chevrolet', 'Cobalt', 217, 4.70, 23.84, 3.56, 'R'),
	(117, 'Ford', 'Probe', 182, 4.65, 44.54, 3.69, 'S'),
	(118, 'Chevrolet', '1500', 264, 5.95, 43.75, 4.39, 'R'),
	(119, 'Lexus', 'ES', 195, 2.62, 39.04, 2.18, 'S'),
	(120, 'Saab', '9-3', 223, 8.63, 33.87, 3.51, 'S'),
	(121, 'Lexus', 'IS', 388, 3.59, 35.68, 4.27, 'S'),
	(122, 'Dodge', 'Ram 2500 Club', 282, 8.10, 33.72, 2.46, 'P'),
	(123, 'Dodge', 'Caravan', 221, 3.37, 33.23, 4.82, 'S'),
	(124, 'Volkswagen', 'GTI', 346, 9.64, 25.29, 4.56, 'R'),
	(125, 'Volkswagen', 'rio', 244, 8.85, 23.73, 2.64, 'P'),
	(126, 'Subaru', 'Outback', 197, 2.75, 32.62, 3.73, 'S'),
	(127, 'Ford', 'Club Wagon', 222, 5.32, 28.83, 3.99, 'S'),
	(128, 'BMW', '7 Series', 345, 2.76, 28.85, 3.33, 'P'),
	(129, 'Lincoln', 'MKZ', 242, 9.17, 38.34, 3.36, 'P'),
	(130, 'Eagle', 'Talon', 255, 6.30, 23.02, 2.88, 'S'),
	(131, 'Toyota', 'Tacoma Xtra', 125, 2.51, 29.53, 2.26, 'R'),
	(132, 'Kia', 'Optima', 277, 8.65, 27.42, 4.97, 'S'),
	(133, 'Suzuki', 'Grand Vitara', 159, 3.26, 22.98, 3.43, 'S'),
	(134, 'Volkswagen', 'Jetta', 301, 6.08, 35.61, 4.86, 'P'),
	(135, 'Volvo', 'V70', 327, 2.63, 30.54, 3.41, 'P'),
	(136, 'Mazda', 'B-Series', 375, 9.07, 30.79, 4.57, 'S'),
	(137, 'Buick', 'Rainier', 354, 7.36, 34.63, 2.92, 'S'),
	(138, 'Dodge', 'Stealth', 347, 7.32, 36.39, 3.82, 'S'),
	(139, 'Chevrolet', '3500', 245, 4.46, 33.23, 4.77, 'P'),
	(140, 'Hyundai', 'Sonata', 373, 7.07, 23.60, 4.32, 'S'),
	(141, 'Mitsubishi', '3000GT', 239, 8.64, 30.09, 3.84, 'S'),
	(142, 'Audi', 'riolet', 331, 8.31, 29.44, 2.55, 'R'),
	(143, 'Mercury', 'Grand Marquis', 129, 4.45, 27.27, 3.05, 'P'),
	(144, 'Pontiac', 'Trans Sport', 98, 4.61, 24.82, 4.97, 'R'),
	(145, 'Chrysler', 'Crossfire', 389, 3.51, 33.86, 3.29, 'R'),
	(146, 'Volkswagen', 'GTI', 179, 3.27, 27.92, 4.78, 'S'),
	(147, 'Buick', 'Regal', 357, 7.62, 35.40, 3.37, 'P'),
	(148, 'GMC', 'Yukon', 266, 3.00, 25.98, 2.73, 'S'),
	(149, 'Chevrolet', 'Astro', 320, 8.57, 26.90, 3.10, 'P'),
	(150, 'Audi', 'A4', 97, 4.49, 28.14, 4.94, 'R'),
	(151, 'Jaguar', 'XK Series', 369, 2.47, 26.14, 4.85, 'P'),
	(152, 'Chevrolet', 'Suburban 2500', 224, 9.45, 43.62, 2.71, 'S'),
	(153, 'Toyota', 'Tacoma Xtra', 285, 6.24, 32.91, 2.89, 'P'),
	(154, 'Rambler', 'Classic', 227, 6.36, 36.73, 2.79, 'S'),
	(155, 'Lexus', 'ES', 396, 1.46, 31.94, 2.71, 'R'),
	(156, 'Chevrolet', 'Traverse', 148, 1.49, 44.97, 4.95, 'S'),
	(157, 'Acura', 'MDX', 234, 6.04, 28.46, 2.36, 'S'),
	(158, 'Chrysler', 'Sebring', 348, 6.19, 20.96, 4.66, 'R'),
	(159, 'Volvo', 'C70', 159, 3.13, 44.58, 2.23, 'R'),
	(160, 'Audi', 'Cabriolet', 196, 5.62, 25.92, 3.58, 'P'),
	(161, 'GMC', 'Savana 3500', 365, 8.86, 30.02, 3.60, 'S'),
	(162, 'BMW', 'Z3', 321, 2.26, 26.00, 4.10, 'R'),
	(163, 'Maserati', 'Coupe', 360, 2.84, 20.67, 3.87, 'P'),
	(164, 'Hyundai', 'Azera', 178, 2.43, 25.21, 2.44, 'P'),
	(165, 'Acura', 'TSX', 362, 6.81, 22.42, 2.82, 'R'),
	(166, 'Chevrolet', 'Suburban 1500', 325, 2.01, 34.22, 3.15, 'R'),
	(167, 'Ford', 'Taurus', 156, 4.94, 41.60, 4.63, 'R'),
	(168, 'Ford', 'Ranger', 233, 8.50, 40.36, 2.81, 'S'),
	(169, 'Lexus', 'ES', 224, 4.42, 37.44, 2.63, 'P'),
	(170, 'Nissan', 'Pathfinder', 203, 4.45, 34.30, 2.76, 'R'),
	(171, 'GMC', '2500', 214, 6.27, 42.18, 3.81, 'S'),
	(172, 'Land Rover', 'Discovery', 154, 9.21, 36.47, 2.67, 'S'),
	(173, 'Lexus', 'ES', 94, 8.67, 38.15, 4.84, 'P'),
	(174, 'Dodge', 'Stratus', 214, 9.73, 28.70, 3.98, 'S'),
	(175, 'Infiniti', 'I', 185, 6.54, 30.81, 4.43, 'S'),
	(176, 'Pontiac', 'Torrent', 126, 4.78, 25.45, 4.70, 'R'),
	(177, 'Dodge', 'Ram 3500', 213, 2.98, 28.48, 2.05, 'S'),
	(178, 'Volkswagen', 'Eos', 369, 5.75, 23.36, 3.77, 'S'),
	(179, 'Mitsubishi', 'Lancer', 275, 1.94, 23.96, 4.40, 'P'),
	(180, 'Aston Martin', 'DBS', 121, 6.13, 30.15, 2.25, 'R'),
	(181, 'Hyundai', 'Veloster', 379, 5.37, 40.65, 3.39, 'P'),
	(182, 'GMC', 'Safari', 307, 5.26, 44.55, 2.04, 'R'),
	(183, 'Dodge', 'Ram 1500', 313, 4.82, 41.91, 2.02, 'P'),
	(184, 'Bentley', 'Arnage', 271, 2.42, 34.96, 3.29, 'R'),
	(185, 'Pontiac', 'Firebird', 271, 8.71, 29.83, 2.55, 'S'),
	(186, 'Chevrolet', 'Malibu', 241, 4.94, 35.53, 3.10, 'R'),
	(187, 'Ford', 'Fairlane', 245, 3.45, 21.85, 2.74, 'S'),
	(188, 'Subaru', 'Legacy', 313, 2.98, 34.30, 3.50, 'P'),
	(189, 'Studebaker', 'Avanti', 236, 3.90, 35.83, 3.51, 'R'),
	(190, 'Hyundai', 'Accent', 243, 1.71, 35.94, 3.66, 'S'),
	(191, 'Chevrolet', 'Impala', 303, 8.69, 29.94, 3.45, 'S'),
	(192, 'Ford', 'Windstar', 278, 8.82, 20.20, 2.91, 'S'),
	(193, 'Hyundai', 'Accent', 163, 7.84, 42.19, 3.44, 'P'),
	(194, 'Nissan', 'Quest', 235, 6.52, 25.14, 2.59, 'P'),
	(195, 'Ford', 'Focus ST', 191, 1.14, 40.58, 3.66, 'S'),
	(196, 'Cadillac', 'Sixty Special', 179, 4.57, 20.19, 2.58, 'S'),
	(197, 'Cadillac', 'Escalade', 196, 9.59, 20.29, 2.73, 'P'),
	(198, 'Isuzu', 'Space', 291, 3.12, 24.88, 4.35, 'P'),
	(199, 'Ford', 'Laser', 136, 3.15, 31.54, 3.93, 'R'),
	(200, 'Volkswagen', 'Cabriolet', 233, 7.95, 34.14, 2.63, 'S'),
	(201, 'GMC', '2500 Club Coupe', 307, 1.22, 21.64, 3.17, 'S'),
	(202, 'GMC', 'Yukon', 153, 1.83, 21.68, 3.03, 'S'),
	(203, 'Volkswagen', 'Passat', 267, 8.87, 32.50, 2.36, 'S'),
	(204, 'Subaru', 'Impreza', 148, 2.33, 35.09, 3.32, 'S'),
	(205, 'Ford', 'Festiva', 296, 1.03, 22.48, 3.24, 'R'),
	(206, 'Land Rover', 'Freelander', 186, 7.79, 43.48, 2.12, 'S'),
	(207, 'Jaguar', 'S-Type', 364, 8.63, 20.99, 3.31, 'P'),
	(208, 'Toyota', '4Runner', 305, 3.29, 40.44, 3.34, 'P'),
	(209, 'Pontiac', 'Grand Am', 141, 5.12, 22.26, 4.51, 'S'),
	(210, 'Dodge', 'Viper', 311, 1.78, 40.98, 2.31, 'P'),
	(211, 'Chevrolet', 'Tracker', 391, 8.17, 33.99, 2.50, 'S'),
	(212, 'Bentley', 'Continental', 262, 5.00, 32.38, 4.50, 'S'),
	(213, 'Chevrolet', 'S10', 357, 1.72, 28.59, 2.98, 'R'),
	(214, 'Mazda', 'B-Series', 280, 5.74, 32.46, 4.68, 'S'),
	(215, 'Chevrolet', 'Astro', 344, 1.26, 30.32, 4.88, 'S'),
	(216, 'Saab', '9-5', 220, 9.07, 44.08, 4.65, 'R'),
	(217, 'Subaru', 'Impreza', 166, 1.51, 33.71, 2.64, 'S'),
	(218, 'Audi', '5000CS', 210, 6.84, 20.41, 4.83, 'R'),
	(219, 'Land Rover', 'LR4', 383, 7.05, 21.27, 3.43, 'P'),
	(220, 'Honda', 'CR-Z', 222, 6.46, 26.11, 4.43, 'S'),
	(221, 'Chevrolet', 'Monte Carlo', 119, 9.49, 41.30, 2.96, 'R'),
	(222, 'Ford', 'F150', 96, 4.00, 28.92, 3.92, 'S'),
	(223, 'GMC', 'Yukon', 365, 5.03, 33.35, 4.56, 'S'),
	(224, 'Volkswagen', 'GTI', 268, 3.49, 34.46, 4.78, 'S'),
	(225, 'Isuzu', 'Amigo', 380, 1.59, 42.21, 2.44, 'P'),
	(226, 'Land Rover', 'Defender 90', 369, 1.21, 44.91, 3.99, 'R'),
	(227, 'Mazda', 'Miata MX-5', 323, 6.79, 22.73, 2.25, 'P'),
	(228, 'Nissan', 'Altima', 340, 7.35, 29.56, 4.34, 'P'),
	(229, 'Dodge', 'Stratus', 95, 4.74, 40.21, 4.53, 'S'),
	(230, 'GMC', 'Safari', 131, 6.10, 40.41, 3.46, 'P'),
	(231, 'Mazda', '929', 231, 5.61, 36.11, 4.54, 'P'),
	(232, 'Mitsubishi', 'Truck', 301, 1.50, 30.97, 3.54, 'R'),
	(233, 'Lexus', 'IS', 286, 7.92, 23.96, 2.41, 'S'),
	(234, 'Isuzu', 'Oasis', 214, 3.12, 38.31, 4.89, 'R'),
	(235, 'Nissan', 'Armada', 230, 9.23, 42.36, 4.38, 'S'),
	(236, 'Buick', 'Coachbuilder', 268, 1.31, 26.13, 2.27, 'S'),
	(237, 'BMW', 'M3', 329, 2.69, 22.09, 4.23, 'R'),
	(238, 'Chevrolet', 'Corsica', 314, 2.23, 42.86, 4.96, 'P'),
	(239, 'Honda', 'Accord', 180, 6.36, 39.40, 2.45, 'R'),
	(240, 'Mercedes-Benz', 'CLK-Class', 132, 7.11, 30.62, 3.53, 'S'),
	(241, 'Saab', '900', 373, 7.44, 25.83, 4.65, 'S'),
	(242, 'Mitsubishi', 'Pajero', 269, 3.15, 43.07, 2.64, 'S'),
	(243, 'Mercedes-Benz', 'SL-Class', 156, 9.32, 25.03, 2.82, 'S'),
	(244, 'Buick', 'Riviera', 172, 3.81, 38.51, 2.03, 'S'),
	(245, 'Mercedes-Benz', 'SL-Class', 244, 4.91, 28.88, 3.30, 'S'),
	(246, 'Chevrolet', 'Equinox', 236, 7.64, 29.69, 3.01, 'R'),
	(247, 'Mitsubishi', 'Montero Sport', 174, 4.26, 40.14, 3.88, 'S'),
	(248, 'Ford', 'F350', 389, 6.18, 22.14, 4.18, 'S'),
	(249, 'Mercury', 'Mystique', 357, 5.95, 41.09, 2.82, 'S'),
	(250, 'Volkswagen', 'Touareg', 92, 9.82, 29.87, 2.14, 'S'),
	(251, 'Toyota', 'RAV4', 122, 7.57, 42.82, 2.60, 'S'),
	(252, 'Pontiac', 'Grand Am', 295, 7.17, 42.02, 3.71, 'R'),
	(253, 'Land Rover', 'LR4', 333, 2.49, 34.99, 4.91, 'P'),
	(254, 'Mitsubishi', 'Diamante', 298, 8.16, 40.42, 2.59, 'P'),
	(255, 'Infiniti', 'I', 251, 10.00, 25.34, 2.47, 'P'),
	(256, 'Mitsubishi', 'Mirage', 373, 4.27, 35.68, 2.14, 'S'),
	(257, 'Chevrolet', 'Astro', 247, 1.62, 42.75, 3.80, 'P'),
	(258, 'GMC', 'Yukon XL 1500', 319, 4.08, 39.93, 4.78, 'R'),
	(259, 'Lexus', 'IS-F', 272, 9.96, 42.54, 2.05, 'S'),
	(260, 'Mercedes-Benz', 'E-Class', 304, 5.18, 21.00, 3.45, 'S'),
	(261, 'Mercedes-Benz', 'CLS-Class', 289, 8.10, 20.08, 4.17, 'P'),
	(262, 'GMC', 'Yukon XL 1500', 284, 7.45, 30.39, 3.27, 'S'),
	(263, 'Buick', 'Park Avenue', 400, 2.92, 22.85, 2.40, 'P'),
	(264, 'Jaguar', 'XF', 181, 8.32, 39.60, 4.49, 'S'),
	(265, 'Mercedes-Benz', 'CL-Class', 334, 4.74, 30.19, 4.00, 'S'),
	(266, 'GMC', 'Yukon XL 2500', 180, 2.16, 34.73, 5.00, 'R'),
	(267, 'Acura', 'RDX', 380, 7.70, 32.97, 4.70, 'R'),
	(268, 'Toyota', 'Sienna', 260, 3.78, 44.09, 3.25, 'S'),
	(269, 'Ford', 'Windstar', 336, 6.73, 43.63, 4.83, 'S'),
	(270, 'Chevrolet', 'Camaro', 116, 8.81, 40.66, 2.17, 'R'),
	(271, 'GMC', 'Safari', 178, 7.37, 35.07, 3.14, 'P'),
	(272, 'Chevrolet', 'Suburban 2500', 357, 7.75, 29.78, 2.30, 'P'),
	(273, 'Ford', 'Econoline E350', 255, 4.00, 23.76, 4.35, 'R'),
	(274, 'Chevrolet', 'Lumina', 173, 4.47, 33.81, 2.44, 'S'),
	(275, 'Ford', 'Probe', 215, 6.64, 27.24, 4.96, 'R'),
	(276, 'Mitsubishi', 'Mirage', 266, 5.05, 24.24, 3.51, 'P'),
	(277, 'Chevrolet', 'Malibu', 142, 4.56, 22.49, 4.42, 'R'),
	(278, 'Porsche', '928', 325, 6.74, 36.37, 2.80, 'R'),
	(279, 'Ford', 'Thunderbird', 135, 7.74, 31.55, 4.89, 'S'),
	(280, 'Holden', 'VS Commodore', 341, 6.94, 42.69, 3.46, 'R'),
	(281, 'Infiniti', 'Q', 317, 6.11, 29.63, 2.27, 'P'),
	(282, 'GMC', '3500', 376, 2.46, 29.28, 3.39, 'P'),
	(283, 'Mazda', 'B-Series', 397, 3.79, 41.32, 4.17, 'R'),
	(284, 'Mazda', 'B-Series Plus', 301, 6.29, 39.99, 4.82, 'S'),
	(285, 'Toyota', 'Sequoia', 312, 2.40, 22.99, 3.44, 'R'),
	(286, 'Dodge', 'Ram 1500', 364, 1.61, 28.70, 2.89, 'S'),
	(287, 'Buick', 'LeSabre', 159, 6.81, 28.00, 2.08, 'P'),
	(288, 'Suzuki', 'Grand Vitara', 135, 4.89, 27.04, 3.60, 'P'),
	(289, 'Pontiac', 'Monterey', 145, 8.56, 33.43, 2.82, 'P'),
	(290, 'BMW', '7 Series', 241, 9.60, 32.11, 2.60, 'P'),
	(291, 'Mercury', 'Topaz', 106, 9.78, 37.01, 3.44, 'S'),
	(292, 'Cadillac', 'XLR', 283, 6.56, 37.48, 4.93, 'S'),
	(293, 'Cadillac', 'DTS', 108, 1.70, 36.38, 3.76, 'P'),
	(294, 'Lotus', 'Esprit', 333, 5.57, 21.65, 2.00, 'S'),
	(295, 'Daewoo', 'Leganza', 165, 9.45, 33.60, 4.43, 'S'),
	(296, 'Mazda', 'B-Series', 142, 4.68, 27.85, 3.72, 'P'),
	(297, 'Suzuki', 'Esteem', 151, 9.99, 29.11, 3.98, 'S'),
	(298, 'Chevrolet', 'Sportvan G30', 389, 4.38, 33.22, 4.07, 'P'),
	(299, 'Acura', 'RL', 109, 9.91, 43.44, 2.56, 'S'),
	(300, 'Toyota', 'Highlander', 292, 4.79, 41.25, 3.50, 'R'),
	(301, 'Toyota', 'MR2', 272, 7.76, 32.16, 4.35, 'S'),
	(302, 'Ford', 'Ranger', 326, 7.58, 30.00, 3.12, 'P'),
	(303, 'Infiniti', 'QX', 173, 6.80, 27.30, 2.76, 'R'),
	(304, 'Oldsmobile', 'Custom Cruiser', 176, 6.78, 21.54, 2.69, 'S'),
	(305, 'Volkswagen', 'Cabriolet', 278, 1.61, 24.25, 3.87, 'P'),
	(306, 'Lincoln', 'Continental Mark VII', 213, 3.27, 34.89, 4.36, 'S'),
	(307, 'Mitsubishi', '3000GT', 395, 1.37, 31.73, 3.38, 'R'),
	(308, 'Holden', 'VS Commodore', 289, 1.84, 22.22, 2.48, 'P'),
	(309, 'Volkswagen', 'Cabriolet', 300, 3.84, 36.39, 3.05, 'R'),
	(310, 'Hummer', 'H3T', 270, 8.56, 23.95, 4.90, 'S'),
	(311, 'Kia', 'Optima', 237, 7.79, 36.00, 3.78, 'S'),
	(312, 'Saab', '900', 331, 2.04, 24.86, 4.29, 'R'),
	(313, 'Mazda', 'MX-5', 109, 3.12, 32.11, 4.22, 'S'),
	(314, 'Jaguar', 'S-Type', 289, 5.67, 32.74, 4.02, 'S'),
	(315, 'Acura', 'SLX', 294, 3.04, 25.05, 4.23, 'S'),
	(316, 'Dodge', 'Ram 2500', 129, 5.44, 42.56, 2.42, 'S'),
	(317, 'Suzuki', 'SX4', 221, 5.75, 32.19, 4.81, 'S'),
	(318, 'Ford', 'Edge', 244, 5.26, 30.39, 3.34, 'S'),
	(319, 'Toyota', 'Prius', 389, 4.01, 40.67, 3.69, 'P'),
	(320, 'Ford', 'Expedition', 134, 8.89, 27.11, 2.65, 'S'),
	(321, 'Nissan', 'Xterra', 399, 9.17, 32.46, 4.89, 'S'),
	(322, 'Cadillac', 'DeVille', 159, 8.91, 27.39, 3.14, 'P'),
	(323, 'Honda', 'Accord', 240, 9.90, 41.52, 2.68, 'S'),
	(324, 'Toyota', 'RAV4', 281, 6.00, 30.85, 3.03, 'S'),
	(325, 'Honda', 'Civic', 124, 7.47, 33.86, 4.57, 'P'),
	(326, 'Lexus', 'ES', 380, 8.62, 36.56, 3.96, 'S'),
	(327, 'Chrysler', '300M', 191, 7.86, 43.19, 5.00, 'P'),
	(328, 'Pontiac', 'LeMans', 370, 8.76, 37.55, 3.01, 'R'),
	(329, 'GMC', 'Rally Wagon 1500', 252, 8.37, 28.54, 3.61, 'S'),
	(330, 'Isuzu', 'Axiom', 363, 1.92, 37.75, 2.94, 'P'),
	(331, 'Chevrolet', 'K5 Blazer', 319, 5.79, 39.34, 4.26, 'P'),
	(332, 'Volkswagen', 'Golf', 364, 6.39, 20.19, 4.60, 'S'),
	(333, 'Chevrolet', 'Lumina APV', 257, 2.30, 36.33, 4.66, 'P'),
	(334, 'Cadillac', 'Escalade', 132, 9.14, 33.26, 3.49, 'S'),
	(335, 'Acura', 'TSX', 369, 3.37, 28.89, 4.35, 'S'),
	(336, 'Porsche', '911', 236, 9.09, 24.24, 3.00, 'S'),
	(337, 'Subaru', 'Legacy', 118, 5.43, 27.60, 4.61, 'R'),
	(338, 'Ferrari', 'F430', 386, 5.57, 31.73, 3.31, 'P'),
	(339, 'Volkswagen', 'Eurovan', 252, 9.19, 42.04, 3.72, 'R'),
	(340, 'Toyota', 'Corolla', 116, 8.71, 36.49, 3.03, 'S'),
	(341, 'Hummer', 'H1', 282, 4.46, 43.49, 4.78, 'R'),
	(342, 'Dodge', 'Grand Caravan', 152, 7.98, 40.65, 2.96, 'S'),
	(343, 'Mazda', 'MX-5', 114, 8.79, 27.41, 4.93, 'S'),
	(344, 'Maybach', '62', 380, 7.64, 26.11, 2.70, 'S'),
	(345, 'Lexus', 'LX', 199, 5.32, 32.57, 2.25, 'R'),
	(346, 'Geo', 'Metro', 360, 7.18, 30.79, 2.35, 'S'),
	(347, 'Volvo', '960', 250, 3.85, 20.53, 2.76, 'P'),
	(348, 'Dodge', 'Ram Wagon B350', 259, 1.94, 30.16, 3.95, 'P'),
	(349, 'Volkswagen', 'Eos', 334, 4.21, 25.21, 4.21, 'R'),
	(350, 'Toyota', 'Sienna', 100, 4.23, 31.51, 2.69, 'S'),
	(351, 'Mitsubishi', 'Expo', 330, 5.74, 40.71, 4.22, 'P'),
	(352, 'Chrysler', 'Town & Country', 203, 6.12, 40.49, 2.89, 'R'),
	(353, 'Dodge', 'Caravan', 248, 2.32, 39.55, 4.02, 'P'),
	(354, 'Pontiac', 'Aztek', 148, 1.73, 23.82, 2.31, 'S'),
	(355, 'Ford', 'Taurus', 337, 4.01, 43.62, 2.72, 'S'),
	(356, 'Suzuki', 'XL-7', 235, 9.52, 38.25, 2.09, 'R'),
	(357, 'Volkswagen', 'Jetta', 286, 1.22, 38.80, 3.39, 'S'),
	(358, 'Chrysler', 'Sebring', 393, 9.91, 20.81, 4.57, 'R'),
	(359, 'Lexus', 'ES', 198, 6.23, 24.73, 2.29, 'R'),
	(360, 'Oldsmobile', 'Ciera', 93, 2.73, 21.71, 2.69, 'S'),
	(361, 'Oldsmobile', 'Achieva', 384, 7.30, 30.90, 4.95, 'P'),
	(362, 'Toyota', 'Corolla', 242, 4.94, 21.53, 2.40, 'P'),
	(363, 'Mazda', 'Mazda6', 338, 1.89, 39.56, 3.35, 'R'),
	(364, 'Acura', 'RSX', 396, 7.50, 35.04, 4.91, 'S'),
	(365, 'Mitsubishi', 'Truck', 277, 6.63, 43.59, 4.57, 'P'),
	(366, 'Cadillac', 'DeVille', 317, 1.73, 26.46, 2.23, 'S'),
	(367, 'Dodge', 'Ram 1500', 176, 9.83, 24.90, 2.06, 'P'),
	(368, 'Subaru', 'Justy', 356, 6.68, 23.01, 3.26, 'S'),
	(369, 'Chevrolet', 'Volt', 160, 8.09, 27.22, 3.09, 'S'),
	(370, 'Ford', 'Th!nk', 93, 8.06, 21.43, 4.05, 'S'),
	(371, 'Oldsmobile', 'Bravada', 169, 1.26, 36.06, 3.50, 'S'),
	(372, 'Nissan', 'Versa', 226, 8.44, 43.79, 2.83, 'S'),
	(373, 'Lexus', 'RX', 247, 5.31, 42.92, 2.56, 'S'),
	(374, 'Dodge', 'Stratus', 289, 6.27, 39.19, 3.44, 'P'),
	(375, 'Chevrolet', 'Malibu', 143, 2.23, 38.06, 2.51, 'P'),
	(376, 'Suzuki', 'Grand Vitara', 255, 6.04, 38.63, 2.60, 'S'),
	(377, 'Ford', 'Econoline E150', 163, 9.29, 37.14, 4.19, 'R'),
	(378, 'Audi', 'A7', 290, 1.57, 21.21, 2.53, 'S'),
	(379, 'Chevrolet', 'Suburban 1500', 219, 5.73, 41.95, 2.90, 'R'),
	(380, 'Ford', 'Flex', 147, 2.56, 24.77, 2.84, 'R'),
	(381, 'Mercedes-Benz', 'S-Class', 178, 1.26, 39.85, 3.49, 'S'),
	(382, 'Mitsubishi', 'Tredia', 383, 2.05, 44.45, 2.91, 'S'),
	(383, 'Chrysler', 'Fifth Ave', 300, 1.91, 44.45, 2.90, 'S'),
	(384, 'Jeep', 'Grand Cherokee', 395, 4.31, 29.32, 4.99, 'P'),
	(385, 'Mazda', 'RX-7', 194, 9.30, 22.01, 3.22, 'P'),
	(386, 'Dodge', 'Caravan', 338, 3.49, 34.19, 4.53, 'R'),
	(387, 'Dodge', 'Stratus', 238, 8.99, 32.31, 4.79, 'R'),
	(388, 'Audi', 'A4', 392, 8.41, 41.87, 3.20, 'S'),
	(389, 'GMC', 'Sonoma', 336, 3.65, 44.11, 2.23, 'S'),
	(390, 'Mitsubishi', 'Lancer Evolution', 361, 9.16, 27.99, 2.34, 'S'),
	(391, 'Chevrolet', '1500', 104, 5.00, 43.10, 2.46, 'S'),
	(392, 'Lexus', 'RX', 106, 8.29, 33.82, 2.57, 'S'),
	(393, 'GMC', 'Jimmy', 316, 7.96, 39.09, 4.20, 'R'),
	(394, 'Buick', 'Estate', 97, 8.76, 42.60, 2.84, 'S'),
	(395, 'Toyota', 'MR2', 229, 3.28, 27.16, 4.54, 'P'),
	(396, 'Buick', 'Park Avenue', 284, 7.15, 21.69, 4.85, 'S'),
	(397, 'Honda', 'Insight', 221, 6.01, 23.20, 4.75, 'S'),
	(398, 'Pontiac', 'LeMans', 245, 9.73, 26.07, 2.34, 'P'),
	(399, 'Ford', 'C-MAX Hybrid', 241, 9.97, 31.04, 3.21, 'S'),
	(400, 'Cadillac', 'CTS-V', 316, 9.23, 38.82, 4.66, 'S'),
	(401, 'Jaguar', 'XK', 202, 9.43, 26.73, 4.86, 'S'),
	(402, 'Lexus', 'IS', 346, 8.97, 23.58, 3.09, 'S'),
	(403, 'Mazda', 'Tribute', 267, 9.67, 31.24, 3.21, 'S'),
	(404, 'BMW', 'Z3', 394, 8.64, 39.01, 5.00, 'P'),
	(405, 'Ford', 'Escort', 356, 2.89, 20.04, 3.70, 'S'),
	(406, 'Volkswagen', 'Cabriolet', 313, 3.39, 30.34, 2.69, 'R'),
	(407, 'Lincoln', 'Continental', 310, 4.39, 39.56, 4.72, 'S'),
	(408, 'Mercury', 'Cougar', 332, 3.16, 41.59, 3.60, 'S'),
	(409, 'Jeep', 'Cherokee', 314, 1.07, 29.60, 3.22, 'P'),
	(410, 'Audi', 'Q5', 117, 6.09, 25.53, 4.35, 'R'),
	(411, 'Aston Martin', 'DB9', 303, 1.96, 37.38, 4.26, 'S'),
	(412, 'Volkswagen', 'Eos', 274, 4.71, 25.05, 4.57, 'S'),
	(413, 'Nissan', 'Frontier', 394, 5.89, 30.05, 3.10, 'R'),
	(414, 'Chevrolet', 'Express 1500', 208, 8.76, 31.61, 3.17, 'P'),
	(415, 'Nissan', '300ZX', 194, 1.95, 30.86, 3.21, 'R'),
	(416, 'Oldsmobile', 'Bravada', 290, 9.85, 22.83, 3.20, 'P'),
	(417, 'Chevrolet', 'Camaro', 281, 2.73, 40.57, 2.99, 'S'),
	(418, 'Ford', 'F250', 253, 7.83, 43.73, 2.17, 'P'),
	(419, 'Volkswagen', 'Tiguan', 358, 4.58, 28.92, 2.70, 'R'),
	(420, 'Dodge', 'Dakota', 161, 3.68, 25.11, 4.42, 'P'),
	(421, 'Mazda', 'MX-5', 177, 3.32, 26.40, 2.39, 'P'),
	(422, 'Toyota', '4Runner', 374, 1.07, 25.17, 3.55, 'S'),
	(423, 'Buick', 'Regal', 135, 5.35, 34.96, 4.21, 'S'),
	(424, 'Acura', 'Legend', 348, 6.09, 26.77, 2.04, 'S'),
	(425, 'GMC', 'Suburban 1500', 318, 5.20, 39.43, 2.71, 'P'),
	(426, 'GMC', 'Vandura 1500', 172, 5.53, 24.16, 4.69, 'R'),
	(427, 'Mitsubishi', 'Chariot', 392, 3.98, 39.05, 2.59, 'R'),
	(428, 'Lexus', 'IS F', 122, 2.66, 20.50, 2.50, 'R'),
	(429, 'Hyundai', 'Accent', 366, 8.10, 22.65, 2.18, 'R'),
	(430, 'Ford', 'Crown Victoria', 268, 3.50, 37.31, 4.48, 'P'),
	(431, 'Toyota', 'Prius', 146, 7.45, 24.23, 3.83, 'S'),
	(432, 'Dodge', 'Viper', 228, 9.98, 43.73, 2.24, 'R'),
	(433, 'Land Rover', 'Range Rover', 203, 6.16, 40.08, 4.97, 'S'),
	(434, 'GMC', 'Savana 3500', 177, 9.00, 44.74, 2.64, 'P'),
	(435, 'Toyota', 'Matrix', 284, 2.82, 21.91, 2.96, 'R'),
	(436, 'Toyota', 'Land Cruiser', 340, 5.08, 38.40, 2.91, 'S'),
	(437, 'Toyota', 'Matrix', 212, 3.79, 44.15, 2.99, 'S'),
	(438, 'Dodge', 'Avenger', 325, 9.87, 43.87, 2.70, 'P'),
	(439, 'BMW', '3 Series', 250, 3.41, 29.80, 3.01, 'P'),
	(440, 'Ford', 'Mustang', 363, 6.24, 39.69, 2.42, 'P'),
	(441, 'Ford', 'EXP', 359, 2.57, 36.34, 3.83, 'P'),
	(442, 'Plymouth', 'Grand Voyager', 171, 3.40, 22.38, 3.23, 'R'),
	(443, 'Cadillac', 'Escalade ESV', 242, 6.84, 31.70, 4.18, 'S'),
	(444, 'Acura', 'TSX', 374, 4.28, 22.09, 2.91, 'S'),
	(445, 'MINI', 'Cooper', 168, 8.51, 28.22, 3.66, 'P'),
	(446, 'Mitsubishi', 'Galant', 327, 4.31, 41.80, 3.63, 'S'),
	(447, 'Isuzu', 'Rodeo', 179, 3.90, 29.18, 3.41, 'S'),
	(448, 'Mercedes-Benz', '500SEL', 357, 5.70, 32.01, 4.48, 'P'),
	(449, 'Audi', 'Q5', 250, 6.79, 37.46, 3.03, 'S'),
	(450, 'Mazda', '626', 196, 8.79, 38.20, 2.23, 'S'),
	(451, 'Mitsubishi', 'Galant', 399, 6.75, 26.36, 3.35, 'S'),
	(452, 'Land Rover', 'Discovery', 320, 7.55, 23.34, 3.70, 'P'),
	(453, 'Nissan', 'Quest', 275, 6.03, 44.39, 4.84, 'S'),
	(454, 'Lexus', 'IS', 97, 6.51, 26.06, 2.50, 'R'),
	(455, 'Mercedes-Benz', '600SEL', 361, 4.86, 28.94, 2.55, 'S'),
	(456, 'Chrysler', 'LeBaron', 163, 4.25, 37.73, 2.63, 'S'),
	(457, 'Acura', 'TL', 302, 2.06, 32.65, 3.00, 'R'),
	(458, 'Toyota', 'MR2', 227, 3.50, 36.99, 4.94, 'P'),
	(459, 'Dodge', 'Ram Van 3500', 127, 5.98, 38.51, 4.49, 'P'),
	(460, 'Mazda', 'MX-5', 232, 3.97, 42.00, 4.11, 'R'),
	(461, 'Dodge', 'Charger', 192, 5.06, 36.66, 4.27, 'S'),
	(462, 'Honda', 'CR-V', 297, 3.77, 40.01, 4.79, 'R'),
	(463, 'Toyota', 'Venza', 273, 8.20, 21.24, 2.81, 'R'),
	(464, 'Infiniti', 'G', 276, 3.81, 28.65, 3.08, 'R'),
	(465, 'Mitsubishi', 'Lancer Evolution', 180, 6.20, 29.92, 3.79, 'P'),
	(466, 'Audi', 'Q7', 278, 4.59, 30.84, 2.92, 'R'),
	(467, 'Ford', 'E-Series', 98, 8.22, 32.65, 3.63, 'S'),
	(468, 'GMC', 'Savana 2500', 298, 5.23, 22.53, 2.46, 'S'),
	(469, 'Ford', 'Taurus', 131, 6.50, 32.13, 3.94, 'S'),
	(470, 'Land Rover', 'Range Rover Sport', 287, 1.91, 35.56, 4.18, 'S'),
	(471, 'Ford', 'Bronco', 368, 5.87, 25.77, 2.44, 'S'),
	(472, 'Infiniti', 'M', 316, 9.18, 23.58, 4.73, 'S'),
	(473, 'Honda', 'Civic', 337, 9.94, 44.08, 3.21, 'R'),
	(474, 'Honda', 'Accord', 297, 9.42, 38.23, 3.75, 'P'),
	(475, 'Acura', 'TL', 396, 8.99, 33.24, 4.82, 'S'),
	(476, 'Ford', 'Mustang', 273, 5.88, 22.77, 4.38, 'S'),
	(477, 'Buick', 'Riviera', 161, 8.75, 24.17, 3.67, 'P'),
	(478, 'BMW', '7 Series', 158, 8.02, 37.51, 4.90, 'S'),
	(479, 'Mitsubishi', 'Galant', 330, 3.07, 40.27, 4.82, 'S'),
	(480, 'Chevrolet', 'HHR', 95, 6.49, 20.41, 3.00, 'S'),
	(481, 'Jaguar', 'XJ Series', 232, 3.63, 41.63, 2.13, 'R'),
	(482, 'Saturn', 'VUE', 239, 4.38, 27.62, 3.17, 'P'),
	(483, 'Chrysler', 'Imperial', 304, 5.53, 33.90, 4.08, 'R'),
	(484, 'Kia', 'Optima', 262, 1.98, 26.46, 2.44, 'P'),
	(485, 'Plymouth', 'Laser', 187, 5.55, 40.94, 3.64, 'S'),
	(486, 'Lotus', 'Esprit', 96, 2.40, 20.18, 3.46, 'P'),
	(487, 'Kia', 'Soul', 230, 3.37, 37.57, 4.62, 'S'),
	(488, 'Dodge', 'Intrepid', 96, 2.80, 32.30, 2.80, 'S'),
	(489, 'Volvo', 'V70', 341, 2.92, 36.42, 2.93, 'S'),
	(490, 'Mitsubishi', 'Chariot', 343, 5.16, 27.25, 4.06, 'S'),
	(491, 'Mercury', 'Sable', 377, 1.63, 26.13, 2.30, 'R'),
	(492, 'BMW', '6 Series', 184, 9.80, 29.44, 3.72, 'S'),
	(493, 'BMW', '3 Series', 139, 3.28, 31.77, 2.15, 'P'),
	(494, 'Subaru', 'Impreza', 242, 3.21, 33.47, 4.54, 'P'),
	(495, 'Dodge', 'Ram Van 3500', 235, 6.77, 24.65, 2.31, 'R'),
	(496, 'Ford', 'Explorer', 160, 4.73, 41.11, 2.72, 'S'),
	(497, 'Dodge', 'Shadow', 360, 7.04, 23.89, 4.71, 'R'),
	(498, 'Chrysler', '200', 259, 6.26, 40.53, 2.12, 'R'),
	(499, 'Ford', 'Thunderbird', 346, 7.22, 37.79, 3.66, 'S'),
	(500, 'Nissan', 'Pathfinder', 281, 4.77, 41.09, 4.48, 'S');
/*!40000 ALTER TABLE `coches` ENABLE KEYS */;

-- Volcando estructura para tabla proyecto.contacto
CREATE TABLE IF NOT EXISTS `contacto` (
  `email` varchar(100) DEFAULT NULL,
  `telefono` varchar(10) DEFAULT NULL
) ENGINE=InnoDB DEFAULT CHARSET=utf8;

-- Volcando datos para la tabla proyecto.contacto: ~1 rows (aproximadamente)
/*!40000 ALTER TABLE `contacto` DISABLE KEYS */;
INSERT INTO `contacto` (`email`, `telefono`) VALUES
	('Sergio1001@España.com', '658077873');
/*!40000 ALTER TABLE `contacto` ENABLE KEYS */;

-- Volcando estructura para función proyecto.funcion1__proyecto
DELIMITER //
CREATE FUNCTION `funcion1__proyecto`(codigoCoche INT) RETURNS varchar(25) CHARSET utf8
    DETERMINISTIC
BEGIN

	DECLARE claseCoche VARCHAR(25);
	DECLARE clase VARCHAR(25);
	
	SELECT coches.clase INTO claseCoche
	FROM coches
	WHERE coches.codigo = codigoCoche;
	
	if (claseCoche = 'P') then
		SET clase = 'PRODUCCIÓN';
	ELSEIF (claseCoche = 'R') then
		SET clase = 'COMEPETICIÓN';
	ELSEIF (claseCoche = 'S') then
		SET clase = 'SUPERCOCHE';
	END if;
	
	RETURN clase;	 
		
END//
DELIMITER ;

-- Volcando estructura para función proyecto.funcion2__proyecto
DELIMITER //
CREATE FUNCTION `funcion2__proyecto`(codigoPiloto INT) RETURNS varchar(25) CHARSET utf8
    DETERMINISTIC
BEGIN

	DECLARE posicionPiloto VARCHAR(25);
	DECLARE resultado VARCHAR(25);

	SELECT resultados.posicion INTO posicionPiloto
	FROM resultados
	INNER JOIN pilotos ON resultados.piloto = pilotos.codigo
	WHERE resultados.piloto = codigoPiloto;
	
	if (posicionPiloto = 1 OR posicionPiloto =  2 OR posicionPiloto = 3) then
		SET resultado = 'GANADOR';
	ELSE
		SET resultado = 'PERDEDOR';
	END if;		
	
	RETURN resultado;

END//
DELIMITER ;

-- Volcando estructura para tabla proyecto.menor_edad
CREATE TABLE IF NOT EXISTS `menor_edad` (
  `codigoPiloto` int DEFAULT NULL,
  `nacimiento` date DEFAULT NULL,
  `momentoIntroduccion` datetime DEFAULT NULL
) ENGINE=InnoDB DEFAULT CHARSET=utf8;

-- Volcando datos para la tabla proyecto.menor_edad: ~1 rows (aproximadamente)
/*!40000 ALTER TABLE `menor_edad` DISABLE KEYS */;
INSERT INTO `menor_edad` (`codigoPiloto`, `nacimiento`, `momentoIntroduccion`) VALUES
	(22, '2010-06-21', '2021-04-24 15:16:20');
/*!40000 ALTER TABLE `menor_edad` ENABLE KEYS */;

-- Volcando estructura para tabla proyecto.pilotos
CREATE TABLE IF NOT EXISTS `pilotos` (
  `codigo` int NOT NULL,
  `nombre` varchar(25) DEFAULT NULL,
  `apellidos` varchar(100) DEFAULT NULL,
  `nacimiento` date DEFAULT NULL,
  `nacionalidad` varchar(75) DEFAULT NULL,
  PRIMARY KEY (`codigo`)
) ENGINE=InnoDB DEFAULT CHARSET=utf8;

-- Volcando datos para la tabla proyecto.pilotos: ~1.001 rows (aproximadamente)
/*!40000 ALTER TABLE `pilotos` DISABLE KEYS */;
INSERT INTO `pilotos` (`codigo`, `nombre`, `apellidos`, `nacimiento`, `nacionalidad`) VALUES
	(1, 'Zed', 'Ockland', '1993-08-30', 'Potawatomi'),
	(2, 'Andras', 'Christofides', '1982-11-07', 'Melanesian'),
	(3, 'Ami', 'Goddman', '1999-07-17', 'Navajo'),
	(4, 'Ashlen', 'Limpricht', '1997-07-27', 'Houma'),
	(5, 'Ulrike', 'Ivermee', '1997-07-22', 'Taiwanese'),
	(6, 'Ashlie', 'Dawnay', '1988-08-26', 'Blackfeet'),
	(7, 'Amby', 'Polgreen', '1993-09-23', 'Costa Rican'),
	(8, 'Dorella', 'Delea', '1999-10-26', 'Tongan'),
	(9, 'Lori', 'Pozzo', '1975-09-19', 'Taiwanese'),
	(10, 'Corry', 'Teffrey', '1998-08-09', 'Lumbee'),
	(11, 'Cicely', 'Taylder', '1999-03-08', 'Micronesian'),
	(12, 'Billye', 'Braz', '1999-08-28', 'Yuman'),
	(13, 'Reiko', 'Plaxton', '1981-03-19', 'Sri Lankan'),
	(14, 'Burg', 'Brickell', '1974-01-24', 'Cambodian'),
	(15, 'Lorri', 'Scola', '1997-10-26', 'Chamorro'),
	(16, 'Radcliffe', 'Radenhurst', '1984-12-12', 'Samoan'),
	(17, 'Elwin', 'Auchterlonie', '1976-07-10', 'Guatemalan'),
	(18, 'Bartel', 'Cleaveland', '1996-10-12', 'Micronesian'),
	(19, 'Andy', 'Slarke', '1985-01-06', 'Chinese'),
	(20, 'Maryrose', 'Gouley', '1975-01-04', 'Pima'),
	(21, 'Morna', 'Penketh', '1989-11-05', 'Taiwanese'),
	(22, 'Ruggiero', 'Marval', '2010-06-21', 'Cuban'),
	(23, 'Booth', 'Dufall', '1970-05-04', 'Laotian'),
	(24, 'Cheryl', 'Harder', '1997-06-21', 'Bangladeshi'),
	(25, 'Myrtia', 'Lees', '1993-06-09', 'Central American'),
	(26, 'Breena', 'Muglestone', '1981-12-12', 'Cuban'),
	(27, 'Kenneth', 'Urridge', '1997-01-17', 'Black or African American'),
	(28, 'Heindrick', 'Chatwood', '1987-05-28', 'Tongan'),
	(29, 'Beck', 'Jacobsohn', '1979-10-15', 'Aleut'),
	(30, 'Harvey', 'Yegoshin', '1977-07-21', 'Asian Indian'),
	(31, 'Costanza', 'Jacob', '1985-04-26', 'Honduran'),
	(32, 'Marianne', 'McShane', '1981-08-22', 'Spaniard'),
	(33, 'Jaquenette', 'Brager', '1987-04-29', 'Guatemalan'),
	(34, 'Kris', 'Anglish', '1996-12-18', 'Cree'),
	(35, 'Meyer', 'Wordington', '1981-10-04', 'White'),
	(36, 'Carey', 'Diaper', '2000-03-22', 'Colville'),
	(37, 'Adrea', 'Stolberger', '1984-04-26', 'Asian Indian'),
	(38, 'Alicea', 'Pavelka', '1988-10-17', 'Thai'),
	(39, 'Raynard', 'Tembey', '1996-07-03', 'Shoshone'),
	(40, 'Aloise', 'Slevin', '1974-08-14', 'Polynesian'),
	(41, 'Gianna', 'Rankling', '1977-08-14', 'Tlingit-Haida'),
	(42, 'Jandy', 'Samson', '1996-11-11', 'American Indian'),
	(43, 'Aldis', 'Vaudre', '2001-11-05', 'Pakistani'),
	(44, 'Dougie', 'Skpsey', '1994-07-01', 'Iroquois'),
	(45, 'Mitchael', 'MacAllester', '1984-10-08', 'Yaqui'),
	(46, 'Laurel', 'Pischoff', '2000-02-18', 'Pakistani'),
	(47, 'Doroteya', 'Pellingar', '1984-03-07', 'Guatemalan'),
	(48, 'Vaughan', 'Castelli', '1991-06-19', 'Chamorro'),
	(49, 'Archer', 'Salvadore', '1972-10-14', 'Colombian'),
	(50, 'Marylynne', 'Barfitt', '1970-03-20', 'Pima'),
	(51, 'Traci', 'Parlott', '1981-11-22', 'Seminole'),
	(52, 'Dov', 'Casterot', '1975-10-27', 'Ecuadorian'),
	(53, 'Loy', 'O\'Fearguise', '1978-12-22', 'Delaware'),
	(54, 'Edie', 'Buttwell', '1987-08-27', 'Argentinian'),
	(55, 'Salomi', 'De Lasci', '1979-10-05', 'Tongan'),
	(56, 'L;urette', 'Petyt', '1979-07-18', 'Costa Rican'),
	(57, 'Randolph', 'Jurkiewicz', '1974-09-07', 'Central American'),
	(58, 'Erik', 'Rennick', '1984-08-26', 'Yakama'),
	(59, 'Stinky', 'Melia', '1973-12-19', 'Pima'),
	(60, 'Derrek', 'Heminsley', '1986-06-28', 'Polynesian'),
	(61, 'Alfie', 'Fehners', '1988-08-13', 'Puget Sound Salish'),
	(62, 'Astrix', 'Corris', '1970-10-22', 'Native Hawaiian'),
	(63, 'Tanny', 'Taylor', '1985-06-18', 'Puget Sound Salish'),
	(64, 'Elora', 'Skayman', '1982-12-25', 'Cheyenne'),
	(65, 'Minnnie', 'Norcop', '1973-04-09', 'Cree'),
	(66, 'Arabella', 'MacCollom', '1987-03-24', 'Pakistani'),
	(67, 'Edd', 'Beckford', '1982-04-15', 'Dominican (Dominican Republic)'),
	(68, 'Jacqui', 'Gremane', '1991-12-28', 'Uruguayan'),
	(69, 'Dore', 'Buttery', '1984-02-02', 'Thai'),
	(70, 'Herc', 'McGrory', '1998-03-12', 'Nicaraguan'),
	(71, 'Ellswerth', 'McAlister', '1978-01-21', 'Argentinian'),
	(72, 'Lyn', 'Phillipson', '1995-12-06', 'Aleut'),
	(73, 'Jarret', 'Scherme', '1989-01-19', 'Central American'),
	(74, 'Olimpia', 'Pordal', '1994-04-01', 'Costa Rican'),
	(75, 'Myrna', 'Silverman', '1977-10-23', 'Puget Sound Salish'),
	(76, 'Thedric', 'Dowling', '1982-10-10', 'Thai'),
	(77, 'Pamelina', 'Paull', '1995-11-03', 'Navajo'),
	(78, 'Avrit', 'Sainz', '1978-08-17', 'Alaskan Athabascan'),
	(79, 'Ann', 'Mixture', '1985-07-05', 'Colombian'),
	(80, 'Murial', 'Loach', '1992-06-18', 'Yuman'),
	(81, 'Sheri', 'Sworn', '1972-01-29', 'Ute'),
	(82, 'Welbie', 'Cianelli', '1985-07-26', 'Comanche'),
	(83, 'Doris', 'Calvert', '1974-10-26', 'Seminole'),
	(84, 'Rorke', 'Demongeot', '1998-08-08', 'Chamorro'),
	(85, 'Cele', 'Gilhespy', '1976-03-31', 'Indonesian'),
	(86, 'Christal', 'Lamblin', '2000-04-25', 'Pima'),
	(87, 'Aeriell', 'Montez', '1983-01-01', 'Colville'),
	(88, 'Ermentrude', 'Ilieve', '1980-11-20', 'Costa Rican'),
	(89, 'Mozelle', 'Engeham', '1984-06-12', 'Ute'),
	(90, 'Carter', 'Eager', '1978-03-26', 'Delaware'),
	(91, 'Jere', 'Brenneke', '1993-12-04', 'Asian'),
	(92, 'Jenn', 'Readie', '1986-09-19', 'Paraguayan'),
	(93, 'Townsend', 'Orae', '1980-06-11', 'Filipino'),
	(94, 'Perri', 'Duffett', '1988-01-18', 'Central American'),
	(95, 'Chelsy', 'Scolding', '1997-07-01', 'Tohono O\'Odham'),
	(96, 'Carny', 'Oleksinski', '1998-08-16', 'Korean'),
	(97, 'Elana', 'Beagan', '1989-02-13', 'Creek'),
	(98, 'Del', 'McGuckin', '1985-11-19', 'Filipino'),
	(99, 'Frankie', 'Pady', '1994-03-07', 'Yakama'),
	(100, 'Peggi', 'Gibbieson', '1983-06-16', 'Spaniard'),
	(101, 'Gino', 'Van Baaren', '2001-03-06', 'Seminole'),
	(102, 'Melamie', 'Millson', '1974-03-11', 'Korean'),
	(103, 'Grady', 'Baitman', '1982-03-15', 'Spaniard'),
	(104, 'Greg', 'Seavers', '1974-12-04', 'Thai'),
	(105, 'Delainey', 'Pinwill', '2000-03-09', 'Costa Rican'),
	(106, 'Pegeen', 'Ricks', '1991-06-04', 'Panamanian'),
	(107, 'Bee', 'Borrell', '1985-03-24', 'Chinese'),
	(108, 'Clio', 'Marten', '1989-06-18', 'Bolivian'),
	(109, 'Zed', 'Jorge', '1971-04-22', 'Chickasaw'),
	(110, 'Dot', 'Pym', '1997-08-03', 'Central American'),
	(111, 'Elissa', 'Upton', '1977-03-19', 'Peruvian'),
	(112, 'Kean', 'Slograve', '1987-03-30', 'Costa Rican'),
	(113, 'Karita', 'Olive', '1975-10-19', 'Seminole'),
	(114, 'Tracey', 'Vairow', '1977-03-08', 'Taiwanese'),
	(115, 'Claudie', 'Ismirnioglou', '1997-08-02', 'Asian'),
	(116, 'Randolf', 'Shailer', '2000-10-13', 'Colville'),
	(117, 'Lianna', 'Carrell', '1987-09-12', 'Central American'),
	(118, 'Geri', 'MacAlees', '1984-09-10', 'Laotian'),
	(119, 'Frans', 'Paolinelli', '2001-02-14', 'Chilean'),
	(120, 'Yasmeen', 'Revitt', '1976-12-07', 'Aleut'),
	(121, 'Van', 'Manjot', '1973-02-22', 'Dominican (Dominican Republic)'),
	(122, 'Derrik', 'Comusso', '1984-11-25', 'Salvadoran'),
	(123, 'Martica', 'Wingeatt', '1992-08-07', 'Potawatomi'),
	(124, 'Brandi', 'Gherarducci', '1993-05-14', 'Colombian'),
	(125, 'Roosevelt', 'Batteson', '1994-08-05', 'Malaysian'),
	(126, 'Garrek', 'Tewes', '1971-11-15', 'Alaska Native'),
	(127, 'Stefanie', 'Beavon', '1984-11-13', 'Korean'),
	(128, 'Stillmann', 'Peggram', '1992-09-24', 'Bolivian'),
	(129, 'Parke', 'Robe', '1999-05-17', 'Spaniard'),
	(130, 'Stirling', 'Ebbett', '1970-03-16', 'Bolivian'),
	(131, 'Livvy', 'Chanter', '1993-04-09', 'Menominee'),
	(132, 'Karlene', 'Dakin', '1978-05-21', 'Mexican'),
	(133, 'Melina', 'Scarlet', '1976-01-22', 'Melanesian'),
	(134, 'Zara', 'Mee', '1996-05-20', 'Asian Indian'),
	(135, 'Edita', 'Piche', '2002-01-13', 'Black or African American'),
	(136, 'Jacquetta', 'Cadlock', '1998-05-02', 'Sri Lankan'),
	(137, 'Christophe', 'Haskew', '1991-10-19', 'Japanese'),
	(138, 'Doug', 'Hancorn', '1992-12-09', 'Lumbee'),
	(139, 'Edmon', 'Treleven', '1998-07-31', 'Bangladeshi'),
	(140, 'Loleta', 'Leward', '1973-02-21', 'Aleut'),
	(141, 'Marianne', 'Vinker', '1988-02-05', 'Potawatomi'),
	(142, 'Muriel', 'Llewhellin', '1989-01-07', 'Alaska Native'),
	(143, 'Vita', 'Gailor', '1970-03-14', 'Navajo'),
	(144, 'Merla', 'Conti', '1970-05-06', 'Uruguayan'),
	(145, 'Clara', 'Rose', '1997-02-01', 'Seminole'),
	(146, 'Carolan', 'Wych', '1972-01-06', 'Chickasaw'),
	(147, 'Vidovik', 'Lewins', '1995-09-22', 'Alaska Native'),
	(148, 'Sabine', 'Gurney', '1979-11-29', 'Filipino'),
	(149, 'Aurilia', 'Salzberger', '1999-12-08', 'Chamorro'),
	(150, 'Blinni', 'Zeplin', '1972-03-29', 'Puerto Rican'),
	(151, 'Francine', 'Jennaroy', '1991-10-26', 'Indonesian'),
	(152, 'Forrest', 'Stenner', '1992-11-26', 'Iroquois'),
	(153, 'Franklin', 'Roust', '1997-07-31', 'Colombian'),
	(154, 'Sada', 'Diggin', '1970-08-06', 'Peruvian'),
	(155, 'Fred', 'Morris', '1996-03-23', 'Filipino'),
	(156, 'Evey', 'Cornew', '1990-11-26', 'Aleut'),
	(157, 'Kassandra', 'Maffione', '1983-04-23', 'Cree'),
	(158, 'Hana', 'Barenski', '1975-09-10', 'Samoan'),
	(159, 'Vasili', 'Shovelin', '1994-06-15', 'Osage'),
	(160, 'Edik', 'Itzkovici', '1992-05-03', 'Yuman'),
	(161, 'Marion', 'Rathke', '1972-03-27', 'Cheyenne'),
	(162, 'Rivkah', 'Warder', '1979-06-15', 'Asian Indian'),
	(163, 'Fleming', 'Drohane', '1981-01-31', 'Asian'),
	(164, 'Jean', 'McCrory', '1983-03-12', 'Yaqui'),
	(165, 'Lara', 'Tunny', '1983-01-15', 'Black or African American'),
	(166, 'Monique', 'Rubinov', '1982-02-26', 'Black or African American'),
	(167, 'Stillmann', 'Alflat', '1995-11-07', 'Ottawa'),
	(168, 'Avis', 'MacDonough', '1973-09-26', 'Hmong'),
	(169, 'Brien', 'Yedy', '1996-11-24', 'Chamorro'),
	(170, 'Lynne', 'Shovel', '1976-02-10', 'American Indian'),
	(171, 'Willamina', 'Paraman', '1975-10-13', 'Sri Lankan'),
	(172, 'Tristan', 'Keer', '1988-04-06', 'Costa Rican'),
	(173, 'Ella', 'Boothman', '1979-06-13', 'Dominican (Dominican Republic)'),
	(174, 'Laural', 'Matthiae', '1995-04-11', 'Laotian'),
	(175, 'Barny', 'MacNamara', '1987-06-07', 'Filipino'),
	(176, 'Sheelagh', 'Honsch', '1984-04-27', 'Korean'),
	(177, 'Jacintha', 'Bassom', '1975-08-05', 'Blackfeet'),
	(178, 'Mehetabel', 'Pareman', '1998-05-05', 'Bolivian'),
	(179, 'Inger', 'Skeete', '1993-06-09', 'American Indian'),
	(180, 'Anabelle', 'Konneke', '1990-06-13', 'Yuman'),
	(181, 'Darelle', 'Ickov', '1978-08-19', 'Menominee'),
	(182, 'Valentin', 'Lober', '1992-05-20', 'Spaniard'),
	(183, 'Elly', 'Torr', '1971-11-13', 'Bangladeshi'),
	(184, 'Angela', 'Dallin', '1979-01-11', 'Lumbee'),
	(185, 'Johannah', 'Moulden', '1975-06-14', 'Puget Sound Salish'),
	(186, 'Beck', 'Blampy', '1978-02-03', 'Puget Sound Salish'),
	(187, 'Fenelia', 'Dominichetti', '1970-11-17', 'Panamanian'),
	(188, 'Annabela', 'McGrale', '1975-07-14', 'Hmong'),
	(189, 'Merci', 'Donizeau', '1988-01-23', 'Alaska Native'),
	(190, 'Catlee', 'Panton', '1995-03-30', 'Micronesian'),
	(191, 'Jacky', 'Negal', '1979-09-08', 'Polynesian'),
	(192, 'Alysa', 'Shotbolt', '1984-11-12', 'American Indian and Alaska Native (AIAN)'),
	(193, 'Leonard', 'Schimek', '1982-11-21', 'Chickasaw'),
	(194, 'Holt', 'Loughead', '1981-03-01', 'Malaysian'),
	(195, 'Libbie', 'Heustace', '1983-08-02', 'Colville'),
	(196, 'Alfons', 'Tebald', '1984-01-06', 'Fijian'),
	(197, 'Caressa', 'Van Haeften', '1978-06-25', 'Yaqui'),
	(198, 'Stevy', 'Gerb', '1975-05-12', 'Malaysian'),
	(199, 'Siffre', 'Eakins', '1977-11-02', 'Japanese'),
	(200, 'Ame', 'Boik', '1993-09-05', 'American Indian'),
	(201, 'Silva', 'Ward', '1999-02-07', 'Asian'),
	(202, 'Thornton', 'Raine', '1995-10-25', 'Malaysian'),
	(203, 'Fidela', 'Douce', '1992-09-26', 'Filipino'),
	(204, 'Ag', 'McKniely', '1974-05-05', 'Panamanian'),
	(205, 'Maure', 'Astell', '1975-11-12', 'Puget Sound Salish'),
	(206, 'Aleda', 'Mellhuish', '1976-05-15', 'Vietnamese'),
	(207, 'Augusto', 'Facer', '1974-01-12', 'Indonesian'),
	(208, 'Adelaida', 'Hixley', '1986-11-03', 'Apache'),
	(209, 'Charline', 'Sayton', '1976-08-01', 'Cherokee'),
	(210, 'Stillman', 'Billingsly', '1998-07-28', 'Fijian'),
	(211, 'Upton', 'Adamovitz', '2001-05-02', 'Choctaw'),
	(212, 'Kevan', 'Cranfield', '1982-11-30', 'Melanesian'),
	(213, 'Isabella', 'Fitzharris', '1982-09-13', 'Kiowa'),
	(214, 'Janna', 'Thraves', '1983-05-30', 'Thai'),
	(215, 'Libby', 'Lyne', '1999-09-15', 'Comanche'),
	(216, 'Hartley', 'Sigge', '1987-03-16', 'Pakistani'),
	(217, 'Allis', 'Shafto', '1971-09-26', 'White'),
	(218, 'Yolane', 'Howey', '1984-07-23', 'Sri Lankan'),
	(219, 'Tabbitha', 'Strothers', '1980-10-06', 'Seminole'),
	(220, 'Clarke', 'Loud', '1981-01-29', 'Honduran'),
	(221, 'Tudor', 'Redsell', '1970-05-11', 'Tongan'),
	(222, 'Johnnie', 'Royal', '1986-12-28', 'American Indian'),
	(223, 'Remus', 'Bifield', '1974-12-10', 'Yuman'),
	(224, 'Beatrix', 'McKeag', '1983-02-25', 'Puget Sound Salish'),
	(225, 'Levey', 'Conant', '1970-03-07', 'Bolivian'),
	(226, 'Rosita', 'Ketteringham', '1990-05-27', 'Kiowa'),
	(227, 'Dalton', 'Gerardin', '1978-10-20', 'Chippewa'),
	(228, 'Brade', 'Titley', '1987-04-06', 'Potawatomi'),
	(229, 'Chariot', 'Leband', '1971-08-03', 'Dominican (Dominican Republic)'),
	(230, 'Roma', 'Loney', '1988-10-28', 'Chinese'),
	(231, 'Florinda', 'BoHlingolsen', '2000-10-26', 'White'),
	(232, 'Horace', 'Winsborrow', '1989-10-25', 'Chamorro'),
	(233, 'Base', 'Rraundl', '1977-05-16', 'Ecuadorian'),
	(234, 'Brianna', 'Kellaway', '1975-01-21', 'Creek'),
	(235, 'Granger', 'Torricina', '1976-01-03', 'Panamanian'),
	(236, 'Carmel', 'Ondrasek', '1971-11-03', 'Bolivian'),
	(237, 'Devora', 'D\'Alessandro', '1975-06-24', 'Comanche'),
	(238, 'Colline', 'Ault', '2000-11-27', 'Creek'),
	(239, 'Alva', 'Peaurt', '1970-08-12', 'Chickasaw'),
	(240, 'Guenna', 'Yurmanovev', '1982-01-02', 'White'),
	(241, 'Adrea', 'Standidge', '1980-09-01', 'Panamanian'),
	(242, 'Baxy', 'Postle', '1993-02-12', 'Alaska Native'),
	(243, 'Celle', 'Vedishchev', '1988-12-14', 'Eskimo'),
	(244, 'Truda', 'Eustes', '1982-11-28', 'Sri Lankan'),
	(245, 'Henrietta', 'Tomankiewicz', '1988-11-14', 'Korean'),
	(246, 'Suzie', 'Brobak', '1998-04-14', 'White'),
	(247, 'Sutton', 'Bellenie', '1970-04-06', 'Houma'),
	(248, 'Abbi', 'Rivard', '1997-04-19', 'Polynesian'),
	(249, 'Ashton', 'Fleetham', '1971-07-25', 'Samoan'),
	(250, 'Adria', 'Drakes', '1983-06-24', 'Blackfeet'),
	(251, 'Cacilia', 'Bampforth', '1978-09-04', 'Osage'),
	(252, 'Elka', 'Hawkeswood', '1984-10-04', 'Asian Indian'),
	(253, 'Aurthur', 'Curteis', '2001-06-17', 'Pueblo'),
	(254, 'Cilka', 'Maseres', '1998-11-27', 'Apache'),
	(255, 'Dewey', 'Wandrey', '1996-03-26', 'Aleut'),
	(256, 'Fernandina', 'Medforth', '2000-11-01', 'Colville'),
	(257, 'Demetra', 'Lathwell', '1988-01-24', 'Sioux'),
	(258, 'Priscella', 'Key', '1993-09-12', 'Chippewa'),
	(259, 'Ashil', 'Dancer', '1990-12-13', 'Guatemalan'),
	(260, 'Karleen', 'Fullagar', '1991-05-18', 'Vietnamese'),
	(261, 'Athena', 'Livett', '1988-08-19', 'Asian Indian'),
	(262, 'Osbourne', 'Maffy', '1976-12-04', 'Costa Rican'),
	(263, 'Elianore', 'Drinkwater', '1972-08-20', 'Chinese'),
	(264, 'Margarita', 'Bresman', '1996-01-18', 'Delaware'),
	(265, 'Anabelle', 'Davidescu', '1983-05-14', 'Korean'),
	(266, 'Esme', 'Zold', '1997-05-08', 'Pueblo'),
	(267, 'Claudelle', 'Cleal', '1996-10-06', 'Pakistani'),
	(268, 'Trip', 'Fochs', '1975-03-24', 'Crow'),
	(269, 'Katinka', 'Pescud', '1981-02-06', 'Sioux'),
	(270, 'Nertie', 'Dolden', '1974-09-11', 'Sri Lankan'),
	(271, 'Markus', 'Rounding', '1991-02-12', 'Polynesian'),
	(272, 'Rosene', 'Mauchline', '1997-11-16', 'Iroquois'),
	(273, 'Blake', 'Clare', '1994-07-13', 'Comanche'),
	(274, 'Bennie', 'Frudd', '1976-04-18', 'Dominican (Dominican Republic)'),
	(275, 'Cristabel', 'Trahar', '1986-05-06', 'Aleut'),
	(276, 'Carmencita', 'Bearns', '1989-04-23', 'Central American'),
	(277, 'Xavier', 'Shewsmith', '1987-03-13', 'Lumbee'),
	(278, 'Jonas', 'Forshaw', '1978-11-20', 'Chinese'),
	(279, 'Ernestus', 'Allworthy', '1976-09-15', 'Crow'),
	(280, 'Pierette', 'Scammonden', '1977-02-15', 'Hmong'),
	(281, 'Hymie', 'Matson', '2001-11-09', 'Houma'),
	(282, 'Raviv', 'Ilyuchyov', '1974-10-14', 'Menominee'),
	(283, 'Di', 'Merwe', '1986-08-15', 'Lumbee'),
	(284, 'Justen', 'Pringle', '1981-06-02', 'Puget Sound Salish'),
	(285, 'Annabela', 'Willavize', '1981-02-17', 'Sioux'),
	(286, 'Merline', 'Imlock', '1989-10-28', 'Pima'),
	(287, 'Ardelis', 'Pea', '1991-12-03', 'Paraguayan'),
	(288, 'Wallis', 'Castagnone', '1989-09-07', 'Apache'),
	(289, 'Aubrie', 'Tindley', '1974-06-06', 'Navajo'),
	(290, 'Enrico', 'Belz', '1996-03-11', 'Dominican (Dominican Republic)'),
	(291, 'Costa', 'Gaber', '1974-07-22', 'Comanche'),
	(292, 'Rafi', 'Raleston', '1975-08-24', 'Navajo'),
	(293, 'Sallie', 'Menhenitt', '1993-05-25', 'Melanesian'),
	(294, 'Pierre', 'Skoggins', '1972-10-30', 'Colville'),
	(295, 'Constantine', 'Chesworth', '2000-10-31', 'Choctaw'),
	(296, 'Darnall', 'McCrystal', '1992-01-09', 'Paiute'),
	(297, 'Brittan', 'Losselyong', '1992-05-07', 'Crow'),
	(298, 'Fran', 'Mazzia', '1981-10-08', 'Potawatomi'),
	(299, 'Maison', 'Folling', '1995-06-28', 'White'),
	(300, 'Langsdon', 'McGahey', '1977-01-30', 'Chippewa'),
	(301, 'Pepe', 'Shooter', '1997-11-02', 'Asian Indian'),
	(302, 'Flinn', 'Yorston', '2000-11-09', 'Japanese'),
	(303, 'Kincaid', 'Mathouse', '1971-08-07', 'Navajo'),
	(304, 'Rodrique', 'Naisbitt', '2001-10-28', 'Crow'),
	(305, 'Ulrika', 'Klimaszewski', '1993-07-26', 'Yakama'),
	(306, 'Pascal', 'Warnes', '1998-12-01', 'South American'),
	(307, 'Hal', 'Mowle', '1987-09-16', 'Osage'),
	(308, 'Rudie', 'Sargood', '1999-11-29', 'Aleut'),
	(309, 'Dolf', 'Coltart', '1989-06-22', 'Creek'),
	(310, 'Darci', 'Maddox', '2001-08-27', 'American Indian and Alaska Native (AIAN)'),
	(311, 'Martynne', 'Keeri', '1974-07-27', 'Tongan'),
	(312, 'Valera', 'Stanbury', '1987-04-09', 'Tlingit-Haida'),
	(313, 'Reinaldos', 'Mee', '1980-05-04', 'Samoan'),
	(314, 'Tyrone', 'Palphramand', '1997-01-11', 'Ute'),
	(315, 'Ilaire', 'McEnteggart', '1993-06-19', 'Honduran'),
	(316, 'Perice', 'Obington', '1974-12-28', 'Bangladeshi'),
	(317, 'Melisent', 'Klaff', '1991-12-27', 'Bolivian'),
	(318, 'Orran', 'Hewell', '1996-11-14', 'Yaqui'),
	(319, 'Alaric', 'Steane', '1975-11-27', 'Iroquois'),
	(320, 'Christian', 'Sambrook', '1974-08-02', 'American Indian and Alaska Native (AIAN)'),
	(321, 'Nanine', 'Bengtsson', '1971-02-08', 'Sioux'),
	(322, 'Les', 'Rowsel', '1984-10-26', 'Iroquois'),
	(323, 'Kliment', 'Menure', '1988-06-19', 'Honduran'),
	(324, 'Valentine', 'Klosa', '1986-12-25', 'Panamanian'),
	(325, 'Lamond', 'Kiloh', '1982-04-11', 'Ute'),
	(326, 'Isac', 'Absalom', '1983-12-23', 'Osage'),
	(327, 'Minnaminnie', 'Medler', '1979-11-21', 'Costa Rican'),
	(328, 'Filmer', 'Newcom', '1990-10-27', 'Peruvian'),
	(329, 'Alyda', 'Cowlas', '1997-01-26', 'Hmong'),
	(330, 'Read', 'Carress', '1999-04-04', 'Cambodian'),
	(331, 'Veronique', 'Roskam', '1999-01-26', 'Chamorro'),
	(332, 'Aylmar', 'Laville', '1982-08-05', 'Paraguayan'),
	(333, 'Cathrine', 'Van Der Vlies', '1988-09-27', 'Micronesian'),
	(334, 'Stearne', 'Wallbanks', '1974-08-26', 'Apache'),
	(335, 'Tedra', 'Hawick', '1998-02-25', 'Thai'),
	(336, 'Leif', 'Spancock', '1974-08-01', 'Tohono O\'Odham'),
	(337, 'Maribel', 'Carlan', '1980-12-23', 'Sioux'),
	(338, 'Brooks', 'Allpress', '1991-02-12', 'Nicaraguan'),
	(339, 'Andros', 'Steele', '1992-03-22', 'Cambodian'),
	(340, 'Tracy', 'Osgar', '1977-04-13', 'Cree'),
	(341, 'Thatcher', 'Bower', '1998-12-08', 'Crow'),
	(342, 'Mallorie', 'Hawkridge', '1998-12-18', 'Colville'),
	(343, 'Hugibert', 'McKerrow', '1993-09-01', 'Uruguayan'),
	(344, 'Tully', 'Menichelli', '1998-07-18', 'Colombian'),
	(345, 'Corina', 'Reavey', '1980-04-01', 'American Indian and Alaska Native (AIAN)'),
	(346, 'Carlyn', 'Dawdry', '1985-05-24', 'Puerto Rican'),
	(347, 'Bethanne', 'Braisher', '1988-12-10', 'Houma'),
	(348, 'Luella', 'Skyner', '1989-10-09', 'Iroquois'),
	(349, 'Joellyn', 'Sywell', '1997-12-27', 'Pima'),
	(350, 'Dotty', 'Cheverton', '1977-02-05', 'Latin American Indian'),
	(351, 'Myles', 'Samson', '1980-11-07', 'Iroquois'),
	(352, 'Raynell', 'Shoppee', '1979-12-13', 'Cheyenne'),
	(353, 'Helenelizabeth', 'Gerwood', '1988-01-21', 'Guatemalan'),
	(354, 'Willow', 'Stag', '1980-08-24', 'Bolivian'),
	(355, 'Bobby', 'Pile', '1997-07-27', 'Puerto Rican'),
	(356, 'Mame', 'Vallerine', '1989-10-06', 'Taiwanese'),
	(357, 'Viv', 'Jatczak', '1991-11-05', 'Ecuadorian'),
	(358, 'Nettle', 'Espinel', '1988-11-02', 'Honduran'),
	(359, 'Peyter', 'Hugin', '1982-07-11', 'Alaskan Athabascan'),
	(360, 'Donica', 'Tulleth', '1987-03-13', 'Navajo'),
	(361, 'Lorraine', 'Prew', '1971-08-03', 'Central American'),
	(362, 'Joellyn', 'Hasely', '2001-04-01', 'American Indian and Alaska Native (AIAN)'),
	(363, 'Dyanna', 'Petegree', '1987-08-29', 'Spaniard'),
	(364, 'Merle', 'Varey', '1996-01-01', 'Melanesian'),
	(365, 'Carol-jean', 'Pietersen', '1992-08-07', 'Asian Indian'),
	(366, 'Lenore', 'Cerith', '1998-07-11', 'Bangladeshi'),
	(367, 'Luz', 'Giraths', '1970-12-16', 'Crow'),
	(368, 'Mara', 'Morigan', '1976-06-06', 'Thai'),
	(369, 'Kimbell', 'Pillans', '1972-07-23', 'Cuban'),
	(370, 'Laryssa', 'Morena', '1971-03-20', 'Korean'),
	(371, 'Mal', 'Jakubski', '1977-05-14', 'Ottawa'),
	(372, 'Hayden', 'Urvoy', '1998-08-30', 'Costa Rican'),
	(373, 'Rakel', 'Mechem', '1992-11-11', 'Aleut'),
	(374, 'Emmanuel', 'Salvadore', '1972-10-27', 'Pueblo'),
	(375, 'Genna', 'Woller', '1995-11-29', 'Argentinian'),
	(376, 'Johnette', 'Weatherup', '1984-09-09', 'Bangladeshi'),
	(377, 'Zack', 'Kurton', '1972-02-11', 'Salvadoran'),
	(378, 'Lyndy', 'Quiddinton', '1997-09-19', 'Houma'),
	(379, 'Christin', 'Le Blanc', '1996-07-04', 'Colombian'),
	(380, 'Horatio', 'Guinery', '1983-04-03', 'Indonesian'),
	(381, 'Barny', 'Huikerby', '1988-12-05', 'Alaskan Athabascan'),
	(382, 'Perrine', 'D\'Orsay', '1994-11-16', 'Guamanian'),
	(383, 'Olav', 'Freed', '1994-06-15', 'Chilean'),
	(384, 'Trev', 'de Voiels', '1982-10-30', 'Asian'),
	(385, 'Tallulah', 'MacKim', '1982-09-18', 'Indonesian'),
	(386, 'Kenn', 'McKevitt', '1980-10-04', 'Cheyenne'),
	(387, 'Stephan', 'Getcliff', '1986-07-09', 'Panamanian'),
	(388, 'Irving', 'Lobley', '1995-07-11', 'Cuban'),
	(389, 'Mahala', 'Schankel', '1999-12-15', 'Kiowa'),
	(390, 'Bud', 'Strettell', '1980-11-05', 'Osage'),
	(391, 'Lorelei', 'Vaggs', '1982-10-19', 'Pima'),
	(392, 'Danyette', 'Helks', '1992-05-03', 'Yuman'),
	(393, 'Dulciana', 'Klimpt', '1995-03-28', 'Puerto Rican'),
	(394, 'Lucky', 'Molohan', '2001-03-25', 'Ottawa'),
	(395, 'Lila', 'Lohan', '1974-05-11', 'Venezuelan'),
	(396, 'Llewellyn', 'Munsey', '1985-10-18', 'Cambodian'),
	(397, 'Zsa zsa', 'Satcher', '1985-08-28', 'Eskimo'),
	(398, 'Silvan', 'Noods', '1984-03-10', 'Chippewa'),
	(399, 'Nathanil', 'Goldes', '1972-04-18', 'Delaware'),
	(400, 'Asia', 'Allworthy', '1984-10-21', 'Chickasaw'),
	(401, 'Jada', 'Capponeer', '1982-12-29', 'Indonesian'),
	(402, 'Samuel', 'Dominici', '1994-05-22', 'Peruvian'),
	(403, 'Jeffy', 'Vivash', '1978-10-07', 'Eskimo'),
	(404, 'Adan', 'Augur', '1974-02-22', 'Colombian'),
	(405, 'Keefe', 'Matteoli', '1987-07-24', 'Indonesian'),
	(406, 'Bucky', 'Mansbridge', '1983-03-10', 'Ecuadorian'),
	(407, 'Denver', 'Oakden', '1971-07-14', 'Indonesian'),
	(408, 'Cahra', 'Bondy', '1981-06-10', 'Iroquois'),
	(409, 'Welby', 'Ludwell', '1989-07-20', 'Crow'),
	(410, 'Fitzgerald', 'Bromilow', '1994-03-31', 'White'),
	(411, 'Dmitri', 'Leggon', '1973-10-16', 'Asian Indian'),
	(412, 'Catie', 'Audibert', '1971-11-16', 'Uruguayan'),
	(413, 'Giff', 'Heavyside', '1974-12-07', 'Aleut'),
	(414, 'Mignon', 'Bourdas', '1987-05-01', 'Bangladeshi'),
	(415, 'Lenna', 'Haxley', '1982-10-03', 'Cherokee'),
	(416, 'Jenifer', 'Cornely', '1977-03-30', 'Creek'),
	(417, 'Priscilla', 'Swainsbury', '1970-02-28', 'Cree'),
	(418, 'Haily', 'Burnside', '1973-06-06', 'Micronesian'),
	(419, 'Alvinia', 'Nottle', '1971-03-18', 'Puget Sound Salish'),
	(420, 'Virge', 'Hendrix', '1989-09-04', 'Filipino'),
	(421, 'Albina', 'Baylie', '1988-08-13', 'Aleut'),
	(422, 'Ansel', 'Reucastle', '1980-10-04', 'Puerto Rican'),
	(423, 'Nonie', 'Laddle', '1999-08-16', 'Aleut'),
	(424, 'Joann', 'McIlvaney', '1995-09-21', 'Cherokee'),
	(425, 'Judie', 'Jirek', '1982-06-15', 'Filipino'),
	(426, 'Nikolaos', 'McCaskill', '1996-03-17', 'Yakama'),
	(427, 'Tasha', 'Bowfin', '1977-07-19', 'Samoan'),
	(428, 'Hailee', 'Pariss', '1972-12-15', 'Yakama'),
	(429, 'Karlen', 'Carek', '1994-01-16', 'Panamanian'),
	(430, 'Jeralee', 'Janz', '1982-11-07', 'Tongan'),
	(431, 'Elfreda', 'Ferrar', '1976-09-17', 'Bolivian'),
	(432, 'Emmalynne', 'Culbert', '1988-06-07', 'Alaskan Athabascan'),
	(433, 'Arlene', 'Young', '1995-07-30', 'Navajo'),
	(434, 'Cory', 'Cowap', '1977-03-08', 'Ute'),
	(435, 'Kaila', 'Kelly', '1976-12-08', 'Potawatomi'),
	(436, 'Alyson', 'Norris', '1983-12-01', 'Samoan'),
	(437, 'Karyl', 'Wittering', '1974-10-25', 'Tongan'),
	(438, 'Annmarie', 'Verchambre', '1988-08-26', 'Potawatomi'),
	(439, 'Barr', 'Gawke', '1984-10-21', 'Laotian'),
	(440, 'Clotilda', 'Debling', '1984-04-26', 'Delaware'),
	(441, 'Sunshine', 'Evers', '1979-01-04', 'Melanesian'),
	(442, 'Fredelia', 'Haslehurst', '1998-02-19', 'Peruvian'),
	(443, 'Danya', 'Asmus', '1982-04-27', 'Mexican'),
	(444, 'Lulita', 'Kruger', '1974-02-19', 'Spaniard'),
	(445, 'Odie', 'Grigorio', '1976-11-28', 'Peruvian'),
	(446, 'Olly', 'Ansteys', '1989-01-29', 'Malaysian'),
	(447, 'Lewie', 'Mitchely', '1999-06-19', 'Taiwanese'),
	(448, 'Lurlene', 'Delcastel', '1972-08-12', 'Aleut'),
	(449, 'Rosalynd', 'McCrystal', '1977-08-31', 'Crow'),
	(450, 'Lezley', 'Vince', '1991-09-07', 'Cree'),
	(451, 'Etan', 'Groomebridge', '1977-03-29', 'Korean'),
	(452, 'Napoleon', 'Bantham', '1992-11-16', 'Polynesian'),
	(453, 'Wolfie', 'Lucken', '1970-05-10', 'Chickasaw'),
	(454, 'Sula', 'Gorsse', '1987-10-09', 'Guatemalan'),
	(455, 'Joline', 'Alessandretti', '1998-10-28', 'Filipino'),
	(456, 'Nadean', 'Sheere', '1997-03-31', 'Menominee'),
	(457, 'Michel', 'Paddemore', '1994-03-26', 'Blackfeet'),
	(458, 'Melita', 'Maple', '1974-03-27', 'Samoan'),
	(459, 'Linus', 'Casterot', '1972-11-12', 'Delaware'),
	(460, 'Wileen', 'Skeemor', '1972-01-21', 'Filipino'),
	(461, 'Nicko', 'Laurenty', '1984-12-04', 'Polynesian'),
	(462, 'Felicity', 'Benford', '1973-06-02', 'Osage'),
	(463, 'Trudy', 'Ghidetti', '1994-01-01', 'Yakama'),
	(464, 'Hyacintha', 'Jesty', '1992-08-10', 'Aleut'),
	(465, 'Henryetta', 'Brend', '1979-08-27', 'Guatemalan'),
	(466, 'Kermy', 'Houdhury', '1994-07-29', 'Blackfeet'),
	(467, 'Julian', 'Morando', '1977-07-27', 'Native Hawaiian and Other Pacific Islander (NHPI)'),
	(468, 'Rosalia', 'Ballinghall', '1991-07-30', 'Ottawa'),
	(469, 'Ardelia', 'Olekhov', '1977-08-04', 'Uruguayan'),
	(470, 'Johannes', 'Doncom', '1985-01-17', 'Guatemalan'),
	(471, 'Martainn', 'Igglesden', '1975-07-07', 'Laotian'),
	(472, 'Glynnis', 'Fleote', '1984-10-29', 'Chilean'),
	(473, 'Martica', 'Lamplugh', '1981-04-11', 'Native Hawaiian and Other Pacific Islander (NHPI)'),
	(474, 'Ethelin', 'Pracy', '1973-03-15', 'Costa Rican'),
	(475, 'Hetty', 'McLeese', '1987-01-23', 'Yuman'),
	(476, 'Brod', 'McNee', '1997-01-20', 'Cherokee'),
	(477, 'Barr', 'Aberdalgy', '1982-01-21', 'Mexican'),
	(478, 'Grazia', 'Willars', '1998-10-15', 'Peruvian'),
	(479, 'Eveleen', 'Jacobs', '1971-08-26', 'Yaqui'),
	(480, 'Nellie', 'Foulsham', '1972-12-08', 'Kiowa'),
	(481, 'Fulton', 'Alfonsini', '1982-11-15', 'Tongan'),
	(482, 'Inger', 'Urian', '1976-05-05', 'Polynesian'),
	(483, 'Bronny', 'Neno', '1992-04-05', 'Hmong'),
	(484, 'Brander', 'Spofford', '1997-11-01', 'Colombian'),
	(485, 'Lizette', 'Tollerfield', '1977-08-22', 'Tongan'),
	(486, 'Anetta', 'Twiggins', '1974-06-30', 'Paraguayan'),
	(487, 'Dominique', 'Shuttle', '1998-08-31', 'Uruguayan'),
	(488, 'Dennet', 'Lemon', '1975-02-04', 'Tongan'),
	(489, 'Karl', 'Bruton', '1996-03-10', 'Malaysian'),
	(490, 'Gabbie', 'Munns', '1973-12-18', 'Central American'),
	(491, 'Kessia', 'Suero', '1970-03-03', 'Chippewa'),
	(492, 'Bastien', 'Balassi', '1980-10-06', 'Paiute'),
	(493, 'Dru', 'Romaine', '1974-09-01', 'Delaware'),
	(494, 'Albie', 'Allibon', '1989-11-07', 'Potawatomi'),
	(495, 'Lanni', 'Morad', '1990-07-19', 'Colville'),
	(496, 'Levy', 'Commucci', '1985-02-25', 'Colville'),
	(497, 'Cilka', 'Mackrill', '1996-01-19', 'Pueblo'),
	(498, 'Alene', 'Whardley', '1978-01-14', 'Navajo'),
	(499, 'Dirk', 'Jocic', '1986-07-26', 'Micronesian'),
	(500, 'Andonis', 'Ackwood', '1999-06-01', 'Fijian'),
	(501, 'Gerrie', 'Dyet', '1997-12-02', 'Tohono O\'Odham'),
	(502, 'Griffith', 'Laker', '1988-02-27', 'Potawatomi'),
	(503, 'Heda', 'Eddow', '1973-09-24', 'Peruvian'),
	(504, 'Lucilia', 'Hebbron', '1985-02-23', 'Peruvian'),
	(505, 'Teddie', 'Screach', '1989-03-25', 'Yaqui'),
	(506, 'Goddart', 'Chazerand', '1990-03-28', 'Central American'),
	(507, 'Jordanna', 'Grattan', '1982-01-11', 'Native Hawaiian and Other Pacific Islander (NHPI)'),
	(508, 'Eolanda', 'De Bruijn', '1973-12-02', 'Costa Rican'),
	(509, 'Ives', 'Buckenhill', '1987-07-05', 'Vietnamese'),
	(510, 'Vannie', 'Cabera', '2001-07-20', 'Alaskan Athabascan'),
	(511, 'Niki', 'Gannicott', '1996-09-19', 'Paraguayan'),
	(512, 'Jacquetta', 'Reaman', '1979-01-16', 'Filipino'),
	(513, 'Lyssa', 'Haddock', '1977-10-10', 'Cree'),
	(514, 'Ody', 'Hanbidge', '1979-03-06', 'Shoshone'),
	(515, 'Karel', 'Tripp', '1979-10-27', 'Houma'),
	(516, 'Maisey', 'Espadas', '1997-11-05', 'Taiwanese'),
	(517, 'Marga', 'Piddington', '1972-02-04', 'Chickasaw'),
	(518, 'Creight', 'Screwton', '1992-05-27', 'American Indian and Alaska Native (AIAN)'),
	(519, 'Toiboid', 'Dagnan', '1973-05-20', 'Latin American Indian'),
	(520, 'Walt', 'Hevner', '1986-03-21', 'Korean'),
	(521, 'Franky', 'Gannan', '1990-05-20', 'Melanesian'),
	(522, 'Velma', 'Hatherall', '1974-10-14', 'Mexican'),
	(523, 'Hilton', 'Capozzi', '1975-08-24', 'Taiwanese'),
	(524, 'Sophey', 'Josephov', '1974-12-02', 'Polynesian'),
	(525, 'Virgie', 'Pitts', '1988-05-22', 'Japanese'),
	(526, 'Mirelle', 'Jina', '1984-12-07', 'Bolivian'),
	(527, 'Dot', 'Bunnell', '1994-05-25', 'Guatemalan'),
	(528, 'Monique', 'Dunican', '1994-05-13', 'Cheyenne'),
	(529, 'Marjorie', 'Stimpson', '1993-04-21', 'Panamanian'),
	(530, 'Rodolph', 'Wilcocke', '1988-03-08', 'Latin American Indian'),
	(531, 'Zahara', 'Standeven', '1971-02-13', 'Tlingit-Haida'),
	(532, 'Nils', 'Carass', '1994-06-20', 'Indonesian'),
	(533, 'Leora', 'Thow', '1994-09-13', 'Thai'),
	(534, 'Ashley', 'Greeding', '1991-06-26', 'Uruguayan'),
	(535, 'Johann', 'Sandys', '1991-12-01', 'Navajo'),
	(536, 'Regan', 'Pruckner', '1985-05-29', 'Polynesian'),
	(537, 'Gui', 'Biggins', '1985-06-25', 'Aleut'),
	(538, 'Rosie', 'Bachman', '1985-10-24', 'Thai'),
	(539, 'Norri', 'De Giorgi', '1970-10-08', 'Colombian'),
	(540, 'Stacy', 'Wyke', '1979-10-10', 'American Indian'),
	(541, 'Ardelle', 'Bru', '1992-05-10', 'Native Hawaiian'),
	(542, 'Rianon', 'Decent', '1971-04-23', 'Pakistani'),
	(543, 'Gerick', 'Cianni', '1979-05-09', 'Native Hawaiian and Other Pacific Islander (NHPI)'),
	(544, 'Scarlet', 'Leverson', '1976-06-18', 'Pueblo'),
	(545, 'Eugenie', 'Ducastel', '1998-07-26', 'Native Hawaiian'),
	(546, 'Clair', 'DeSousa', '1996-04-09', 'Indonesian'),
	(547, 'Esme', 'Phython', '1982-11-16', 'Yuman'),
	(548, 'Ripley', 'Farlham', '1993-07-27', 'Delaware'),
	(549, 'Allissa', 'Lightbourne', '1996-07-17', 'Asian'),
	(550, 'Saunders', 'Cossam', '1974-02-18', 'Filipino'),
	(551, 'Sargent', 'Arderne', '1981-11-01', 'Iroquois'),
	(552, 'Katherina', 'Weed', '1970-11-25', 'Creek'),
	(553, 'Farley', 'Dederick', '1989-09-14', 'Venezuelan'),
	(554, 'Sandy', 'Keigher', '1983-09-28', 'Shoshone'),
	(555, 'Juli', 'Bugg', '1992-10-22', 'Taiwanese'),
	(556, 'Catie', 'Scolts', '1993-09-30', 'Aleut'),
	(557, 'Sheeree', 'Brandli', '1991-01-17', 'Yuman'),
	(558, 'Glen', 'Alvarado', '1981-05-08', 'Chilean'),
	(559, 'Hartley', 'Kinde', '1978-09-30', 'Alaskan Athabascan'),
	(560, 'Wake', 'Lancetter', '1984-08-16', 'Tohono O\'Odham'),
	(561, 'David', 'Gellately', '1982-04-12', 'Bolivian'),
	(562, 'Vikky', 'De Freyne', '2001-07-18', 'Apache'),
	(563, 'Kaylee', 'Muttock', '1982-03-18', 'Kiowa'),
	(564, 'Rory', 'Fansy', '1974-08-05', 'Cambodian'),
	(565, 'Chaim', 'Burr', '1987-05-10', 'American Indian'),
	(566, 'Randa', 'Lambie', '1995-07-30', 'Costa Rican'),
	(567, 'Morton', 'Edgler', '1976-05-11', 'Vietnamese'),
	(568, 'Bellanca', 'Lowey', '1978-10-04', 'Asian'),
	(569, 'Mirabella', 'Pourveer', '1979-03-25', 'Polynesian'),
	(570, 'Damian', 'Skillen', '1995-05-04', 'Nicaraguan'),
	(571, 'Olav', 'Tregoning', '1982-03-17', 'Ecuadorian'),
	(572, 'Francisco', 'Mattia', '1974-06-17', 'Indonesian'),
	(573, 'Carter', 'Bonnick', '1991-02-28', 'Venezuelan'),
	(574, 'Jeremy', 'Jarrelt', '1984-12-24', 'Cheyenne'),
	(575, 'Fedora', 'Scammonden', '1995-09-13', 'Pakistani'),
	(576, 'Cati', 'Dabbes', '1971-10-15', 'Alaska Native'),
	(577, 'Marney', 'Longcake', '1986-08-02', 'Shoshone'),
	(578, 'Genni', 'Wootton', '1980-01-25', 'Cherokee'),
	(579, 'Hank', 'Goskar', '1977-09-09', 'Tongan'),
	(580, 'Sapphira', 'Adamovitz', '1989-03-03', 'Indonesian'),
	(581, 'Josepha', 'Emery', '1993-07-27', 'Hmong'),
	(582, 'Jakob', 'Topes', '1989-09-30', 'Shoshone'),
	(583, 'Fowler', 'Stivani', '1988-09-19', 'Polynesian'),
	(584, 'Caspar', 'Logue', '2000-12-18', 'Micronesian'),
	(585, 'Ariel', 'Whatsize', '1970-12-16', 'Yakama'),
	(586, 'Claresta', 'Huzzey', '1996-06-21', 'Black or African American'),
	(587, 'Ewell', 'Kinnin', '1979-01-19', 'Blackfeet'),
	(588, 'Saunderson', 'Shewan', '1971-04-29', 'Osage'),
	(589, 'Egan', 'Wooffitt', '1972-09-16', 'Pima'),
	(590, 'Adora', 'Melpuss', '1982-12-17', 'Yaqui'),
	(591, 'Flo', 'Larby', '1977-06-06', 'Latin American Indian'),
	(592, 'Donnajean', 'Caulcutt', '1985-03-04', 'Samoan'),
	(593, 'Gifford', 'Sparry', '1995-07-14', 'Cuban'),
	(594, 'Connie', 'Rubica', '1976-09-24', 'Panamanian'),
	(595, 'Carolin', 'Cantua', '1985-11-09', 'American Indian'),
	(596, 'Ginevra', 'Iapico', '1983-01-20', 'Filipino'),
	(597, 'Ralph', 'Gidman', '1986-12-17', 'Melanesian'),
	(598, 'Verge', 'Pawellek', '1993-09-16', 'Houma'),
	(599, 'Mirabel', 'Thunderman', '1972-07-20', 'Pima'),
	(600, 'Finn', 'Kember', '1986-07-10', 'South American'),
	(601, 'Mignon', 'Mariolle', '1978-01-25', 'Tongan'),
	(602, 'Ann', 'Springford', '1984-03-10', 'Black or African American'),
	(603, 'Fletch', 'Thoumas', '2000-03-16', 'Chinese'),
	(604, 'Tiff', 'Skermer', '1994-05-13', 'Chickasaw'),
	(605, 'Augustine', 'Tambling', '1999-03-19', 'Apache'),
	(606, 'Saleem', 'Sibbson', '1995-09-04', 'Creek'),
	(607, 'Goober', 'Moizer', '1987-04-10', 'Micronesian'),
	(608, 'Blaine', 'Harbour', '1999-10-27', 'Asian Indian'),
	(609, 'Kiel', 'Britee', '1977-05-23', 'Guamanian'),
	(610, 'Eduino', 'Stubs', '1984-06-17', 'Crow'),
	(611, 'Ursulina', 'Duell', '1992-11-13', 'Korean'),
	(612, 'Gwenette', 'Watmore', '1977-10-22', 'Tlingit-Haida'),
	(613, 'Emlyn', 'Tranmer', '1999-01-24', 'Chamorro'),
	(614, 'Der', 'Danihel', '1972-05-30', 'Pueblo'),
	(615, 'Karolina', 'Gilkison', '1972-04-26', 'American Indian'),
	(616, 'Dominique', 'Buske', '1995-04-09', 'Paraguayan'),
	(617, 'Daisey', 'McClinton', '1981-03-17', 'Native Hawaiian and Other Pacific Islander (NHPI)'),
	(618, 'Friedrich', 'Crenshaw', '1982-04-26', 'Menominee'),
	(619, 'Maureen', 'Aspin', '1991-05-20', 'Honduran'),
	(620, 'Rey', 'Hastwall', '1973-12-20', 'Pakistani'),
	(621, 'Brit', 'Grichukhanov', '1996-08-31', 'Alaska Native'),
	(622, 'Alasdair', 'MacFaul', '2001-09-28', 'Honduran'),
	(623, 'Karlik', 'Gobeau', '1983-01-26', 'Samoan'),
	(624, 'Dorolice', 'Reavey', '1999-06-02', 'Korean'),
	(625, 'Brent', 'Towe', '1995-09-17', 'Chippewa'),
	(626, 'Koenraad', 'Yate', '1997-05-16', 'Menominee'),
	(627, 'Nalani', 'Davenhill', '1973-07-06', 'Dominican (Dominican Republic)'),
	(628, 'Arlan', 'Pozer', '1978-01-29', 'Comanche'),
	(629, 'Melisent', 'Jenckes', '1991-04-19', 'Chinese'),
	(630, 'Shena', 'Christin', '1993-10-14', 'American Indian'),
	(631, 'Barbabra', 'Page', '1996-06-19', 'Argentinian'),
	(632, 'Sayers', 'Towlson', '1976-09-18', 'Malaysian'),
	(633, 'Izzy', 'Isaaksohn', '1981-09-01', 'Japanese'),
	(634, 'Shermie', 'Goldfinch', '1971-12-05', 'Iroquois'),
	(635, 'Cinnamon', 'Angier', '1981-04-04', 'Guamanian'),
	(636, 'Sly', 'Moakson', '1985-04-12', 'Polynesian'),
	(637, 'Janette', 'Fewtrell', '1985-02-26', 'Native Hawaiian'),
	(638, 'Lexis', 'Goodridge', '1978-10-10', 'American Indian and Alaska Native (AIAN)'),
	(639, 'Harriet', 'Pattini', '1984-05-19', 'Pueblo'),
	(640, 'Ave', 'Bowland', '1986-10-21', 'Chickasaw'),
	(641, 'Peder', 'Neil', '1998-07-21', 'Shoshone'),
	(642, 'Maryl', 'Lauchlan', '1986-06-03', 'Blackfeet'),
	(643, 'Marigold', 'Winterborne', '1998-09-23', 'Tongan'),
	(644, 'Bevin', 'Grzegorzewicz', '1989-05-24', 'Honduran'),
	(645, 'Elita', 'Shepperd', '1979-06-08', 'Native Hawaiian'),
	(646, 'Evelina', 'Foord', '2000-07-18', 'Iroquois'),
	(647, 'Felike', 'Fenning', '1987-11-15', 'Melanesian'),
	(648, 'Ailbert', 'Bedells', '1979-01-24', 'Samoan'),
	(649, 'Zechariah', 'Deyenhardt', '1980-04-16', 'Asian Indian'),
	(650, 'Marj', 'Chittenden', '1998-08-18', 'Black or African American'),
	(651, 'Buffy', 'Garner', '1975-01-21', 'Apache'),
	(652, 'Davon', 'Loudon', '1996-01-01', 'Kiowa'),
	(653, 'Wilek', 'Cossins', '1978-08-13', 'Dominican (Dominican Republic)'),
	(654, 'Stevana', 'Threlfall', '1980-12-14', 'Houma'),
	(655, 'Haroun', 'Jecks', '1978-10-17', 'Yakama'),
	(656, 'Karlotta', 'Deeson', '1986-09-15', 'Korean'),
	(657, 'Jacobo', 'Simonian', '1995-03-16', 'Mexican'),
	(658, 'Quill', 'Jelfs', '1997-06-04', 'Pueblo'),
	(659, 'Randell', 'Vercruysse', '1975-09-29', 'Pueblo'),
	(660, 'Lorelle', 'Brettel', '1975-02-12', 'Houma'),
	(661, 'Olivier', 'Anderton', '1987-11-11', 'Potawatomi'),
	(662, 'Issie', 'Gather', '1973-12-12', 'Native Hawaiian and Other Pacific Islander (NHPI)'),
	(663, 'Sharron', 'Scotts', '1991-09-09', 'Puget Sound Salish'),
	(664, 'Catherin', 'Howes', '1995-06-27', 'Pueblo'),
	(665, 'Ellen', 'Choak', '1991-01-06', 'Houma'),
	(666, 'Nancey', 'Simmers', '1998-11-13', 'Native Hawaiian'),
	(667, 'Harley', 'Wason', '1988-12-29', 'Navajo'),
	(668, 'Courtnay', 'Petrak', '1992-05-20', 'Native Hawaiian'),
	(669, 'Gradeigh', 'Hands', '1975-08-26', 'Latin American Indian'),
	(670, 'Lorine', 'Ascrofte', '1999-07-11', 'Honduran'),
	(671, 'Maggie', 'Gladdin', '1999-10-20', 'Salvadoran'),
	(672, 'Adriena', 'Pashbee', '1972-04-20', 'Ecuadorian'),
	(673, 'Christabel', 'Rosensaft', '1992-02-20', 'Cree'),
	(674, 'Mal', 'Gillatt', '2001-06-18', 'Choctaw'),
	(675, 'Jeniffer', 'Naisbet', '1977-03-06', 'Cree'),
	(676, 'Eleonora', 'Ivasechko', '1970-12-29', 'Cherokee'),
	(677, 'Pepito', 'Lubeck', '1991-04-19', 'Latin American Indian'),
	(678, 'Cele', 'Regan', '1986-08-25', 'Malaysian'),
	(679, 'Mora', 'Elwood', '1992-11-10', 'Pakistani'),
	(680, 'Archy', 'Genthner', '1976-08-02', 'Potawatomi'),
	(681, 'Jesse', 'Dungay', '1987-10-07', 'Paiute'),
	(682, 'Melisse', 'Deniske', '1972-05-21', 'Nicaraguan'),
	(683, 'Dirk', 'Lantiffe', '1991-06-24', 'Chilean'),
	(684, 'Tonnie', 'Picker', '1980-08-28', 'Seminole'),
	(685, 'Carmita', 'Pedlow', '1991-09-06', 'Chinese'),
	(686, 'Jorgan', 'Oldknowe', '1978-12-28', 'Black or African American'),
	(687, 'Marna', 'Padson', '1981-08-07', 'Colville'),
	(688, 'Hughie', 'Bramhall', '1996-03-20', 'Seminole'),
	(689, 'Dell', 'Knoton', '1977-05-14', 'Spaniard'),
	(690, 'Terrance', 'Gownge', '1977-05-30', 'Vietnamese'),
	(691, 'Gene', 'Endrighi', '1987-04-24', 'Cree'),
	(692, 'Kiley', 'Lanigan', '1997-05-03', 'Chippewa'),
	(693, 'Marsh', 'Theobalds', '1993-03-20', 'Chickasaw'),
	(694, 'Lucina', 'Lympany', '1987-11-26', 'Polynesian'),
	(695, 'Thedric', 'Squeers', '1989-04-19', 'Chamorro'),
	(696, 'Valerie', 'Ottewill', '1988-02-24', 'Spaniard'),
	(697, 'Bria', 'Catchpole', '1997-01-28', 'Eskimo'),
	(698, 'Brook', 'Ilsley', '1989-05-15', 'Crow'),
	(699, 'Tybi', 'Tearney', '1991-01-29', 'Uruguayan'),
	(700, 'Stanislas', 'Blumson', '1989-05-23', 'Blackfeet'),
	(701, 'Melodie', 'Sparkwill', '1979-09-13', 'Spaniard'),
	(702, 'Stillmann', 'Osbiston', '1986-02-21', 'Alaskan Athabascan'),
	(703, 'Yolanda', 'Coatham', '1989-06-12', 'Chinese'),
	(704, 'Wendall', 'Sedcole', '1999-02-10', 'Laotian'),
	(705, 'Eolanda', 'Pavett', '2001-10-06', 'Native Hawaiian'),
	(706, 'Klaus', 'Hounsom', '1992-04-08', 'Osage'),
	(707, 'Desirae', 'Plume', '1973-07-09', 'Crow'),
	(708, 'Shelli', 'Baigent', '1978-03-25', 'Alaskan Athabascan'),
	(709, 'Miles', 'Cross', '1984-10-07', 'Crow'),
	(710, 'Carly', 'Pibworth', '1979-04-28', 'Guamanian'),
	(711, 'Amity', 'Kingscott', '1990-02-15', 'Creek'),
	(712, 'Darb', 'Longhorn', '2001-09-01', 'Lumbee'),
	(713, 'Greggory', 'Chavey', '1990-06-06', 'Chippewa'),
	(714, 'Cordie', 'Fincham', '1972-04-03', 'Paraguayan'),
	(715, 'Falito', 'Winchcum', '2000-10-29', 'Cheyenne'),
	(716, 'Burtie', 'Tolomio', '1982-12-18', 'Alaska Native'),
	(717, 'Rochette', 'Holburn', '1984-06-24', 'Seminole'),
	(718, 'Vanna', 'Betchley', '1993-11-22', 'Honduran'),
	(719, 'Lilli', 'Bladder', '1993-02-03', 'Yaqui'),
	(720, 'Hurleigh', 'Colten', '1988-11-09', 'Delaware'),
	(721, 'Tommie', 'Rehme', '1974-12-02', 'Shoshone'),
	(722, 'Kendall', 'Regis', '1971-12-14', 'Bolivian'),
	(723, 'Corabelle', 'Humbey', '1971-03-16', 'Alaskan Athabascan'),
	(724, 'Leona', 'Leishman', '1994-09-12', 'Polynesian'),
	(725, 'Henrietta', 'Orchart', '1980-01-27', 'White'),
	(726, 'Alvy', 'Burdett', '1999-02-03', 'Pakistani'),
	(727, 'Shannah', 'Foster', '1975-03-20', 'Taiwanese'),
	(728, 'Tremaine', 'Balmer', '1980-02-02', 'Choctaw'),
	(729, 'Caryl', 'Bennedick', '1987-08-16', 'Eskimo'),
	(730, 'Babbette', 'Loweth', '1991-11-10', 'Bolivian'),
	(731, 'Marius', 'Rickaert', '1996-01-12', 'Spaniard'),
	(732, 'Swen', 'Tideswell', '1996-01-17', 'Seminole'),
	(733, 'Elvina', 'Stango', '1974-08-05', 'Pueblo'),
	(734, 'Haleigh', 'Roland', '1973-11-25', 'Uruguayan'),
	(735, 'Bea', 'Pheby', '1975-05-11', 'Filipino'),
	(736, 'Freedman', 'Carletti', '1989-08-01', 'Asian'),
	(737, 'Shayla', 'Mazzilli', '1997-03-30', 'Bangladeshi'),
	(738, 'Shae', 'McCrachen', '1972-06-29', 'Latin American Indian'),
	(739, 'Kyrstin', 'Janodet', '1986-07-24', 'Tlingit-Haida'),
	(740, 'Carissa', 'Dassindale', '1978-09-25', 'Pueblo'),
	(741, 'Barbara', 'Allmen', '1991-09-12', 'Yakama'),
	(742, 'Alicia', 'Simak', '1973-03-26', 'Menominee'),
	(743, 'Lamont', 'Bottby', '1984-10-24', 'Lumbee'),
	(744, 'Leslie', 'Rigge', '1987-03-12', 'Alaska Native'),
	(745, 'Lamond', 'Wigfield', '1981-11-11', 'Cheyenne'),
	(746, 'Leoline', 'Leander', '1978-02-09', 'Crow'),
	(747, 'Corabel', 'Wayman', '1995-04-26', 'Yakama'),
	(748, 'Koenraad', 'Chasmar', '1988-02-17', 'Chilean'),
	(749, 'Mollie', 'Girodias', '1998-06-06', 'Korean'),
	(750, 'Sashenka', 'Evemy', '1975-06-24', 'Melanesian'),
	(751, 'Rosie', 'Swettenham', '1981-10-21', 'Cree'),
	(752, 'Winni', 'Adamou', '1978-05-24', 'Paiute'),
	(753, 'Jamey', 'Griston', '1974-12-25', 'Dominican (Dominican Republic)'),
	(754, 'Tabby', 'Yeomans', '1994-06-27', 'Native Hawaiian'),
	(755, 'Katalin', 'Stilgo', '1988-09-15', 'White'),
	(756, 'Vivianne', 'Bevan', '1979-10-07', 'Aleut'),
	(757, 'Lenore', 'Janoschek', '1974-01-11', 'Salvadoran'),
	(758, 'Valeda', 'Feathersby', '1999-01-08', 'Asian'),
	(759, 'Justis', 'Creelman', '2001-04-19', 'Alaskan Athabascan'),
	(760, 'Fifi', 'Grimbleby', '1970-03-14', 'Honduran'),
	(761, 'Leonie', 'Vasilischev', '1989-05-26', 'Asian'),
	(762, 'Nettie', 'Gorden', '2001-09-10', 'Central American'),
	(763, 'Othelia', 'Mazillius', '1973-12-31', 'Tongan'),
	(764, 'Pen', 'Semarke', '1972-03-29', 'Bolivian'),
	(765, 'Gregoor', 'Shera', '1993-11-25', 'Argentinian'),
	(766, 'Wren', 'Bowe', '1987-04-08', 'Sri Lankan'),
	(767, 'Normy', 'Heffer', '1982-12-23', 'Indonesian'),
	(768, 'Sallyann', 'Kermitt', '1976-12-21', 'Navajo'),
	(769, 'Karoly', 'Serjent', '1972-10-08', 'Polynesian'),
	(770, 'Bebe', 'Jevons', '1972-03-12', 'Seminole'),
	(771, 'Noel', 'Menault', '1970-04-16', 'Lumbee'),
	(772, 'Hollie', 'Sidgwick', '1980-04-01', 'Chilean'),
	(773, 'Donica', 'Dumbar', '1972-01-05', 'Sri Lankan'),
	(774, 'Hayley', 'Ceccoli', '1979-04-08', 'Alaska Native'),
	(775, 'Sayre', 'Desborough', '1992-01-10', 'Shoshone'),
	(776, 'Debor', 'Mattinson', '1990-08-30', 'Creek'),
	(777, 'Odille', 'Hutley', '1976-06-02', 'Cheyenne'),
	(778, 'Andrus', 'May', '1979-02-07', 'Melanesian'),
	(779, 'Chad', 'Goligly', '1971-06-16', 'Pakistani'),
	(780, 'Lou', 'Pankethman', '1974-06-23', 'Puget Sound Salish'),
	(781, 'Maressa', 'Strode', '1977-10-26', 'Guamanian'),
	(782, 'Alyson', 'Espina', '1990-10-06', 'Apache'),
	(783, 'Gerome', 'Grimmert', '1989-09-22', 'Cree'),
	(784, 'Ethan', 'Offord', '1985-09-23', 'Yaqui'),
	(785, 'Linn', 'Weekly', '1990-10-05', 'Native Hawaiian and Other Pacific Islander (NHPI)'),
	(786, 'Jillana', 'Pinder', '2000-09-23', 'Tongan'),
	(787, 'Nat', 'Eyam', '1978-03-22', 'Guatemalan'),
	(788, 'Johan', 'Aulds', '1990-04-20', 'Asian Indian'),
	(789, 'Averill', 'Risely', '1999-10-09', 'Aleut'),
	(790, 'Merna', 'Debold', '1996-05-12', 'Colville'),
	(791, 'Gregoire', 'Bushe', '1998-08-01', 'Colombian'),
	(792, 'Lee', 'Thumann', '1974-10-28', 'Sri Lankan'),
	(793, 'Vernen', 'Moulin', '1972-12-19', 'Honduran'),
	(794, 'Keary', 'Wolfindale', '1978-11-26', 'Puget Sound Salish'),
	(795, 'Rosie', 'Ruperti', '1981-09-12', 'Chickasaw'),
	(796, 'Janith', 'Campo', '1973-08-29', 'Cambodian'),
	(797, 'Bellanca', 'Bearham', '1974-07-18', 'Puget Sound Salish'),
	(798, 'Vachel', 'Kittoe', '1983-05-13', 'Tongan'),
	(799, 'Janel', 'Reddie', '1995-02-20', 'Hmong'),
	(800, 'Obidiah', 'Spowart', '2001-03-12', 'Pueblo'),
	(801, 'Worth', 'Silby', '1995-01-10', 'Hmong'),
	(802, 'Reena', 'Agneau', '1984-01-07', 'Ottawa'),
	(803, 'Barde', 'Goodsall', '1995-05-15', 'Colombian'),
	(804, 'Adora', 'Bernardinelli', '1970-11-04', 'American Indian'),
	(805, 'Vanessa', 'Filipczynski', '1971-09-11', 'Alaska Native'),
	(806, 'Maxi', 'Petters', '1984-12-08', 'Apache'),
	(807, 'Cece', 'Temperton', '1975-04-12', 'Ecuadorian'),
	(808, 'Kori', 'Povey', '1991-01-25', 'Houma'),
	(809, 'Sibyl', 'Jeacop', '1992-02-03', 'Chippewa'),
	(810, 'Avie', 'Bundock', '1993-08-04', 'Thai'),
	(811, 'Wallis', 'Lifton', '1980-10-13', 'Navajo'),
	(812, 'Theda', 'Millican', '1982-05-18', 'Chinese'),
	(813, 'Artemus', 'Allmond', '1983-06-04', 'Panamanian'),
	(814, 'Bennie', 'Semark', '1974-11-23', 'Malaysian'),
	(815, 'Alameda', 'Horche', '1978-01-07', 'Navajo'),
	(816, 'Ashley', 'Stutte', '1987-06-21', 'Vietnamese'),
	(817, 'Bettye', 'Spiniello', '1995-08-12', 'Mexican'),
	(818, 'Erminie', 'Kopacek', '1971-10-27', 'Creek'),
	(819, 'Harlan', 'Hulbert', '1977-04-27', 'Samoan'),
	(820, 'Roderigo', 'ffrench Beytagh', '1987-02-04', 'Central American'),
	(821, 'Amandie', 'Brunke', '1981-01-29', 'Chamorro'),
	(822, 'Skipper', 'Paley', '1987-02-25', 'Black or African American'),
	(823, 'Rogerio', 'Gyford', '2000-09-13', 'Lumbee'),
	(824, 'Annabel', 'Revill', '1974-12-22', 'Venezuelan'),
	(825, 'Alika', 'Ganiclef', '1980-11-14', 'Colombian'),
	(826, 'Marv', 'Kornes', '1985-05-25', 'Micronesian'),
	(827, 'Joshua', 'Ogilby', '1988-06-14', 'Spaniard'),
	(828, 'Kimbell', 'Castanone', '1986-11-15', 'Latin American Indian'),
	(829, 'Jarrod', 'Donson', '1983-08-12', 'Native Hawaiian and Other Pacific Islander (NHPI)'),
	(830, 'Randi', 'Nodes', '1996-02-21', 'Polynesian'),
	(831, 'Kip', 'Wick', '2001-07-28', 'Comanche'),
	(832, 'Pammie', 'MacKomb', '1983-05-15', 'Vietnamese'),
	(833, 'Nelson', 'Liptrot', '1978-02-18', 'Yaqui'),
	(834, 'Willi', 'Rockell', '1998-10-27', 'Malaysian'),
	(835, 'Camel', 'Ambresin', '1990-04-24', 'Chinese'),
	(836, 'Brande', 'Borzoni', '1972-07-21', 'Salvadoran'),
	(837, 'Felicle', 'Eede', '1972-10-02', 'Pakistani'),
	(838, 'Jasmina', 'Ragot', '1998-05-02', 'Comanche'),
	(839, 'Lea', 'Antuoni', '1971-04-29', 'Osage'),
	(840, 'Scottie', 'Extence', '1977-05-29', 'Houma'),
	(841, 'Efrem', 'Reignolds', '1992-07-17', 'Pueblo'),
	(842, 'Corene', 'Gillbey', '2001-11-16', 'Osage'),
	(843, 'Ebenezer', 'Bullivant', '1984-04-07', 'Yakama'),
	(844, 'Ray', 'Evershed', '1976-08-18', 'Ute'),
	(845, 'Leeland', 'Mensler', '1974-10-09', 'Black or African American'),
	(846, 'Emelyne', 'Doyle', '1971-04-18', 'Costa Rican'),
	(847, 'Miltie', 'Macon', '1971-09-13', 'Samoan'),
	(848, 'Davide', 'Ankers', '1996-12-13', 'Tohono O\'Odham'),
	(849, 'Toni', 'Stephens', '1977-09-04', 'Shoshone'),
	(850, 'Hazlett', 'Cardero', '2000-08-07', 'Guatemalan'),
	(851, 'Riccardo', 'Trimmell', '1991-01-15', 'Alaska Native'),
	(852, 'Kliment', 'Dairton', '1999-10-03', 'Osage'),
	(853, 'Barry', 'Elderkin', '1996-09-28', 'Sioux'),
	(854, 'Fancie', 'Comellini', '1989-09-19', 'Yuman'),
	(855, 'Steffie', 'Tatnell', '1991-07-31', 'Puerto Rican'),
	(856, 'Doro', 'Duckerin', '1994-03-13', 'Lumbee'),
	(857, 'Papagena', 'Stockings', '1972-06-30', 'Guatemalan'),
	(858, 'Ollie', 'Shipston', '1989-08-31', 'American Indian and Alaska Native (AIAN)'),
	(859, 'Tiffany', 'Guilleton', '1987-01-25', 'Kiowa'),
	(860, 'Frank', 'Petras', '1999-01-19', 'Yakama'),
	(861, 'Read', 'Stoodley', '1997-01-13', 'Paraguayan'),
	(862, 'Nickola', 'Dotterill', '1983-05-31', 'Costa Rican'),
	(863, 'Halie', 'Dabels', '1999-11-26', 'Salvadoran'),
	(864, 'Adella', 'Sandells', '1973-12-26', 'Paiute'),
	(865, 'Joey', 'Awmack', '1978-02-19', 'Fijian'),
	(866, 'Leonie', 'Vossing', '1975-07-04', 'Central American'),
	(867, 'Flora', 'O\'Neill', '1981-07-02', 'Uruguayan'),
	(868, 'Marijo', 'McLauchlin', '1992-01-16', 'Central American'),
	(869, 'Christyna', 'Hassekl', '1985-02-01', 'Nicaraguan'),
	(870, 'Merell', 'MacGaffey', '1975-12-09', 'Pueblo'),
	(871, 'Winona', 'Duffer', '1986-11-18', 'Cambodian'),
	(872, 'Arlena', 'Simoncini', '1993-04-02', 'Bangladeshi'),
	(873, 'Coreen', 'Huetson', '1996-03-22', 'Menominee'),
	(874, 'Samara', 'O\'Flaherty', '1979-11-14', 'Lumbee'),
	(875, 'Angelle', 'Earney', '1978-07-25', 'Malaysian'),
	(876, 'Gasper', 'Scapens', '1986-03-16', 'Paraguayan'),
	(877, 'Ernestus', 'Marusik', '1981-10-07', 'Mexican'),
	(878, 'Shara', 'Vernall', '1979-12-21', 'Cuban'),
	(879, 'Fianna', 'Clever', '2001-08-13', 'Fijian'),
	(880, 'Haslett', 'Jarritt', '1999-04-30', 'Potawatomi'),
	(881, 'Merv', 'Reinisch', '1979-12-07', 'Samoan'),
	(882, 'Claudia', 'Thorlby', '1996-11-17', 'Indonesian'),
	(883, 'Westbrooke', 'Wathey', '1976-02-28', 'Taiwanese'),
	(884, 'Harris', 'Speedin', '1994-08-31', 'Latin American Indian'),
	(885, 'Rodie', 'Kennett', '1995-10-10', 'Native Hawaiian'),
	(886, 'Tedi', 'O\'Hannigan', '1989-07-28', 'Potawatomi'),
	(887, 'Doe', 'Cleave', '1981-07-31', 'Malaysian'),
	(888, 'Lambert', 'Nieass', '1977-04-24', 'Puget Sound Salish'),
	(889, 'Kalle', 'McCarter', '1983-12-24', 'Malaysian'),
	(890, 'Griz', 'Kemston', '1983-03-27', 'Yuman'),
	(891, 'Curran', 'Ambrogioni', '1986-01-09', 'Guamanian'),
	(892, 'Wilmette', 'Draayer', '1971-08-26', 'Chickasaw'),
	(893, 'Hyacintha', 'Scheffler', '1990-06-14', 'American Indian'),
	(894, 'Sascha', 'Doog', '1972-12-04', 'Hmong'),
	(895, 'Griffith', 'Farra', '1973-12-10', 'American Indian and Alaska Native (AIAN)'),
	(896, 'Ruttger', 'Louisot', '1984-03-18', 'Tohono O\'Odham'),
	(897, 'Glori', 'Olding', '1988-02-22', 'Peruvian'),
	(898, 'Shane', 'Dumphry', '2000-09-12', 'Comanche'),
	(899, 'Klarika', 'Beacon', '1979-09-25', 'American Indian and Alaska Native (AIAN)'),
	(900, 'Arlene', 'Kneath', '1975-11-08', 'Colombian'),
	(901, 'Zulema', 'Morales', '1974-08-27', 'Central American'),
	(902, 'Giffer', 'Feechan', '1971-12-16', 'Pima'),
	(903, 'Analiese', 'Gyenes', '1985-10-19', 'Ottawa'),
	(904, 'Kirstin', 'Manchett', '1974-05-27', 'Alaska Native'),
	(905, 'Maura', 'Brownfield', '2002-02-02', 'Eskimo'),
	(906, 'Del', 'Blaxill', '1984-10-27', 'Costa Rican'),
	(907, 'Jenda', 'Keighly', '1974-10-03', 'Chamorro'),
	(908, 'Carissa', 'Panichelli', '1977-07-05', 'Crow'),
	(909, 'Tessie', 'Westlake', '2000-03-28', 'Seminole'),
	(910, 'Kennett', 'Applebee', '1996-10-26', 'Hmong'),
	(911, 'Lucienne', 'Bassom', '1974-03-10', 'American Indian'),
	(912, 'Selena', 'Mintoft', '1970-03-29', 'Melanesian'),
	(913, 'Kingston', 'Norrie', '1972-03-26', 'Chickasaw'),
	(914, 'Candis', 'Carman', '1978-07-12', 'Apache'),
	(915, 'Eal', 'Symones', '2002-01-09', 'Sri Lankan'),
	(916, 'Gearalt', 'Roddick', '1987-04-10', 'Osage'),
	(917, 'Elvin', 'Kisby', '1984-05-24', 'Eskimo'),
	(918, 'Ron', 'Beeson', '1980-02-27', 'Central American'),
	(919, 'Gaven', 'Kerrane', '1988-10-27', 'Pueblo'),
	(920, 'Phyllys', 'Shimman', '1984-08-30', 'Tongan'),
	(921, 'Hagan', 'Heap', '1994-09-26', 'Alaska Native'),
	(922, 'Wells', 'Snaden', '1983-02-03', 'Chilean'),
	(923, 'Trista', 'Napthine', '1986-11-19', 'Ute'),
	(924, 'Gabbie', 'Axtens', '1973-03-15', 'Japanese'),
	(925, 'Christian', 'Bridywater', '1992-02-25', 'Polynesian'),
	(926, 'Magdaia', 'Eastam', '1992-06-12', 'Paraguayan'),
	(927, 'Adolphe', 'Brims', '1979-05-24', 'Ute'),
	(928, 'Ina', 'Quinby', '1978-01-06', 'Nicaraguan'),
	(929, 'Ellyn', 'Brackstone', '1982-11-01', 'Bangladeshi'),
	(930, 'Griffie', 'Porrett', '1980-12-01', 'Yakama'),
	(931, 'Mortimer', 'Targe', '1973-06-13', 'Crow'),
	(932, 'Garrik', 'Dessent', '1993-12-12', 'Comanche'),
	(933, 'Edythe', 'Yeend', '1980-08-18', 'Bolivian'),
	(934, 'Muffin', 'Roycroft', '1976-06-19', 'Osage'),
	(935, 'Ysabel', 'Hekkert', '2000-06-27', 'Laotian'),
	(936, 'Celinka', 'Dillow', '1970-11-25', 'American Indian'),
	(937, 'Torrence', 'Hambidge', '1976-04-20', 'American Indian'),
	(938, 'Steve', 'Whatley', '1994-09-21', 'American Indian and Alaska Native (AIAN)'),
	(939, 'Jereme', 'Boyles', '1978-07-31', 'Tlingit-Haida'),
	(940, 'Desiri', 'Greber', '1995-11-16', 'Salvadoran'),
	(941, 'Isac', 'McAnalley', '2000-09-17', 'Navajo'),
	(942, 'Judah', 'Cornilleau', '1986-09-13', 'Japanese'),
	(943, 'Allen', 'Quincey', '1979-01-22', 'Cambodian'),
	(944, 'Blakeley', 'Torel', '1984-08-27', 'Cherokee'),
	(945, 'Giacopo', 'Beswetherick', '1977-05-27', 'Yakama'),
	(946, 'Whittaker', 'Guinane', '1981-11-04', 'Honduran'),
	(947, 'Kristoffer', 'Drakes', '1972-06-13', 'Comanche'),
	(948, 'Paolina', 'Wensley', '1993-12-27', 'Cuban'),
	(949, 'Loutitia', 'Bandey', '1994-09-21', 'Ecuadorian'),
	(950, 'L;urette', 'Puckham', '1996-03-30', 'Korean'),
	(951, 'Kelcy', 'Dugald', '1991-09-11', 'Asian Indian'),
	(952, 'Nikolai', 'Mabb', '1973-05-31', 'Cherokee'),
	(953, 'Derry', 'Meehan', '1989-08-30', 'Panamanian'),
	(954, 'Irving', 'Abad', '1981-10-03', 'Cherokee'),
	(955, 'Erin', 'Hartop', '1986-05-20', 'Puerto Rican'),
	(956, 'Cherilyn', 'Bartoli', '1986-08-06', 'Tongan'),
	(957, 'Del', 'Larciere', '1980-05-08', 'Laotian'),
	(958, 'Sibilla', 'Jewster', '1976-06-16', 'American Indian'),
	(959, 'Augustina', 'Hoodless', '1972-09-22', 'Tohono O\'Odham'),
	(960, 'Anna-diana', 'Rediers', '1996-08-31', 'Alaska Native'),
	(961, 'Amelita', 'Meadowcroft', '1979-04-06', 'Houma'),
	(962, 'Manya', 'Gumbley', '1989-11-30', 'Dominican (Dominican Republic)'),
	(963, 'Arlana', 'Pietsma', '1983-09-22', 'Aleut'),
	(964, 'Willabella', 'Nanni', '1987-02-21', 'Thai'),
	(965, 'Stanleigh', 'Pimme', '1991-11-13', 'Shoshone'),
	(966, 'Rhetta', 'Pregel', '1981-05-28', 'Potawatomi'),
	(967, 'Gretta', 'Rivlin', '1971-05-10', 'Tohono O\'Odham'),
	(968, 'Silva', 'Brand-Hardy', '1982-11-27', 'Choctaw'),
	(969, 'Karen', 'MacNab', '1972-06-02', 'Malaysian'),
	(970, 'Frank', 'Astman', '1998-05-21', 'Cuban'),
	(971, 'Linnet', 'Stammers', '1976-02-15', 'Hmong'),
	(972, 'Saw', 'Ballston', '1999-03-03', 'Nicaraguan'),
	(973, 'Lucian', 'Teodoro', '1981-05-29', 'Apache'),
	(974, 'Daveen', 'Fanshaw', '1981-09-03', 'Thai'),
	(975, 'Janis', 'Shipway', '1999-07-15', 'Menominee'),
	(976, 'Alistair', 'Gossington', '1986-06-15', 'Tlingit-Haida'),
	(977, 'Donny', 'Durrans', '1987-12-09', 'Asian Indian'),
	(978, 'Seth', 'Lamprecht', '1980-01-03', 'Potawatomi'),
	(979, 'Fabiano', 'Cawkill', '1972-09-01', 'Taiwanese'),
	(980, 'Katti', 'Sheer', '1983-05-17', 'Seminole'),
	(981, 'Chelsae', 'Arnely', '1987-12-03', 'Asian'),
	(982, 'Wendie', 'Tayler', '1970-10-25', 'Cheyenne'),
	(983, 'Emmerich', 'Semper', '1975-05-23', 'Osage'),
	(984, 'Babita', 'Enrigo', '1997-03-06', 'Korean'),
	(985, 'Wallas', 'Goodlud', '1992-03-03', 'Tohono O\'Odham'),
	(986, 'Jessee', 'Ovesen', '1988-03-23', 'Eskimo'),
	(987, 'Conway', 'Tinson', '1973-12-12', 'Peruvian'),
	(988, 'Harri', 'Weerdenburg', '1985-08-02', 'Pima'),
	(989, 'Kerrie', 'McPartling', '1989-11-08', 'Lumbee'),
	(990, 'Nye', 'Adlem', '1995-04-09', 'Central American'),
	(991, 'Saloma', 'McKimmey', '1982-10-25', 'Yuman'),
	(992, 'Phip', 'Wyborn', '1985-07-26', 'Micronesian'),
	(993, 'Dewain', 'Slane', '1991-01-24', 'Choctaw'),
	(994, 'Ricard', 'Ahmed', '1973-02-05', 'Honduran'),
	(995, 'Cosette', 'Malkie', '1986-07-01', 'Alaska Native'),
	(996, 'Pepita', 'Inns', '1990-08-18', 'Sri Lankan'),
	(997, 'Leodora', 'Reiners', '1997-01-08', 'Fijian'),
	(998, 'Antonino', 'Kirkbright', '1987-08-07', 'White'),
	(999, 'Janean', 'Tossell', '1978-11-12', 'Chickasaw'),
	(1000, 'Gabbi', 'Fairchild', '1975-10-28', 'Cherokee'),
	(1001, 'Sergio', 'Bejarano Arroyo', '1999-02-03', 'España');
/*!40000 ALTER TABLE `pilotos` ENABLE KEYS */;

-- Volcando estructura para procedimiento proyecto.procedimiento1__proyecto
DELIMITER //
CREATE PROCEDURE `procedimiento1__proyecto`(IN codigoCoche INT)
BEGIN

	SELECT COUNT(*), coches.marca, coches.modelo
	FROM coches
	INNER JOIN resultados ON coches.codigo = resultados.coche
	WHERE resultados.piloto = codigoCoche
	GROUP BY resultados.coche;

END//
DELIMITER ;

-- Volcando estructura para procedimiento proyecto.procedimiento2__proyecto
DELIMITER //
CREATE PROCEDURE `procedimiento2__proyecto`()
BEGIN

	DECLARE longitudCircuito DECIMAL(10.3);
	DECLARE nombreCircuito VARCHAR(50);
	
	SELECT circuitos.longitud INTO longitudCircuito
	FROM circuitos
	WHERE circuitos.longitud >= ALL (
		SELECT circuitos.longitud
		FROM circuitos
	);
	
	SELECT circuitos.nombre INTO nombreCircuito
	FROM circuitos
	WHERE circuitos.longitud >= ALL (
		SELECT circuitos.longitud
		FROM circuitos
	);
		
	SELECT CONCAT('El Circuito ', nombreCircuito, ' es el más largo, con un total de ',  longitudCircuito, ' kilómetros.') AS 'EL CIRCUITO MÁS LARGO:';
	
END//
DELIMITER ;

-- Volcando estructura para tabla proyecto.pruebas
CREATE TABLE IF NOT EXISTS `pruebas` (
  `tipo` varchar(50) NOT NULL,
  `descripcion` varchar(500) DEFAULT NULL,
  PRIMARY KEY (`tipo`)
) ENGINE=InnoDB DEFAULT CHARSET=utf8;

-- Volcando datos para la tabla proyecto.pruebas: ~10 rows (aproximadamente)
/*!40000 ALTER TABLE `pruebas` DISABLE KEYS */;
INSERT INTO `pruebas` (`tipo`, `descripcion`) VALUES
	('Autocross', 'Hay que recorrer una tramo de pista complicado en el menor tiempo posible. Ganará el coche que logre cruzar la línea de meta en el menor tiempo posible.'),
	('Carrera de Aceleración', 'Consiste en 3 rondas en un segmento de pista. Ganará el coche que logre adelantar a su contrincante antes de alcanzar la línea de meta por cada ronda.'),
	('Cazador', 'Consiste en adelantar a un contricante con la mayor distancia por delante de éste. Ganará el coche que logre alcanzar la línea de meta con la mayor distancia por delante de su contrincante.'),
	('Contrarreloj', 'Consiste en dar una vuelta a la pista en el menor tiempo posible. Ganará quien logre dar la vuelta en el menor tiempo posible.'),
	('Copa', 'Es una carrera estándar donde todos los pilotos compiten contra todos. Ganará el primer coche que cruce la línea de meta en un determinado número de vueltas.'),
	('Eliminación', 'Compiten 8 pilotos y cada 20 segundos se elimina quien vaya el último. Ganará el coche en ser el último eliminado.'),
	('Récord de Velocidad', 'Consiste en conseguir la mayor velocidad posible en una vuelta a la pista. Ganará el coche que haya logrado la mayor posible.'),
	('Resistencia', 'Consiste en recorrer la mayor distancia posible antes de que se acabe el tiempo preestablecido, y para conseguir tiempo extra hay que adelantar a los demás coches que habrá en la misma pista. Ganará el coche que mayor recorrdio haya logrado antes de que se acabe el tiempo.'),
	('Uno contra Uno', 'Igual que copa, pero sólo hay dos adversarios. Ganrá el que llegue el primer a meta en un determinado número de vueltas.'),
	('Velocidad Instantánea', 'Consiste en recorrer un segmento de pista y cruzar la línea de meta con la mayor velocidad posible. Ganará el coche que haya cruzado la línea de meta con la mayor velocidad posible.');
/*!40000 ALTER TABLE `pruebas` ENABLE KEYS */;

-- Volcando estructura para tabla proyecto.resultados
CREATE TABLE IF NOT EXISTS `resultados` (
  `fecha` date NOT NULL,
  `piloto` int NOT NULL,
  `coche` int NOT NULL,
  `prueba` varchar(50) NOT NULL,
  `circuito` int NOT NULL,
  `mejor_tiempo` time DEFAULT NULL,
  `posicion` int DEFAULT NULL,
  `recompensa` int DEFAULT NULL,
  PRIMARY KEY (`fecha`,`piloto`),
  KEY `fk_resultados_pilotos1_idx` (`piloto`),
  KEY `fk_resultados_coches1_idx` (`coche`),
  KEY `fk_resultados_circuitos1_idx` (`circuito`),
  KEY `fk_resultados_pruebas1_idx` (`prueba`),
  CONSTRAINT `fk_resultados_circuitos1` FOREIGN KEY (`circuito`) REFERENCES `circuitos` (`codigo`),
  CONSTRAINT `fk_resultados_coches1` FOREIGN KEY (`coche`) REFERENCES `coches` (`codigo`),
  CONSTRAINT `fk_resultados_pilotos1` FOREIGN KEY (`piloto`) REFERENCES `pilotos` (`codigo`),
  CONSTRAINT `fk_resultados_pruebas1` FOREIGN KEY (`prueba`) REFERENCES `pruebas` (`tipo`)
) ENGINE=InnoDB DEFAULT CHARSET=utf8;

-- Volcando datos para la tabla proyecto.resultados: ~1.002 rows (aproximadamente)
/*!40000 ALTER TABLE `resultados` DISABLE KEYS */;
INSERT INTO `resultados` (`fecha`, `piloto`, `coche`, `prueba`, `circuito`, `mejor_tiempo`, `posicion`, `recompensa`) VALUES
	('2018-04-17', 761, 308, 'Copa', 25, '00:02:12', 1, 3000),
	('2018-04-17', 762, 382, 'Copa', 25, '00:02:16', 2, 2988),
	('2018-04-17', 763, 41, 'Copa', 25, '00:02:48', 3, 2896),
	('2018-04-17', 764, 155, 'Copa', 25, '00:03:52', 4, 2751),
	('2018-04-17', 765, 71, 'Copa', 25, '00:04:11', 5, 2742),
	('2018-04-17', 766, 34, 'Copa', 25, '00:04:54', 6, 2654),
	('2018-04-17', 767, 9, 'Copa', 25, '00:05:02', 7, 2541),
	('2018-04-17', 768, 109, 'Copa', 25, '00:05:42', 8, 2498),
	('2018-04-17', 769, 281, 'Copa', 25, '00:05:53', 9, 2365),
	('2018-04-17', 770, 13, 'Copa', 25, '00:06:32', 10, 2344),
	('2018-04-17', 771, 364, 'Copa', 25, '00:06:41', 11, 2299),
	('2018-04-17', 772, 166, 'Copa', 25, '00:06:44', 12, 2123),
	('2018-04-17', 773, 106, 'Copa', 25, '00:07:07', 13, 2025),
	('2018-04-17', 774, 144, 'Copa', 25, '00:07:20', 14, 1968),
	('2018-04-17', 775, 40, 'Copa', 25, '00:08:51', 15, 1896),
	('2018-04-17', 776, 395, 'Copa', 25, '00:09:37', 16, 1756),
	('2018-04-17', 777, 418, 'Copa', 25, '00:10:37', 17, 1698),
	('2018-04-17', 778, 333, 'Copa', 25, '00:11:28', 18, 1598),
	('2018-04-17', 779, 422, 'Copa', 25, '00:12:05', 19, 1462),
	('2018-04-17', 780, 62, 'Copa', 25, '00:12:36', 20, 1354),
	('2018-04-17', 781, 274, 'Copa', 25, '00:12:40', 21, 1203),
	('2018-04-17', 782, 229, 'Copa', 25, '00:12:44', 22, 1054),
	('2018-05-22', 793, 59, 'Autocross', 3, '00:02:37', 1, 1500),
	('2018-05-22', 794, 106, 'Autocross', 3, '00:02:39', 2, 1450),
	('2018-05-22', 795, 346, 'Autocross', 3, '00:02:46', 3, 1400),
	('2018-05-22', 796, 238, 'Autocross', 3, '00:02:50', 4, 1350),
	('2018-05-22', 797, 250, 'Autocross', 3, '00:02:53', 5, 1320),
	('2018-05-22', 798, 68, 'Autocross', 3, '00:02:54', 6, 1263),
	('2018-05-22', 799, 69, 'Autocross', 3, '00:03:01', 7, 1223),
	('2018-05-22', 800, 178, 'Autocross', 3, '00:03:05', 8, 1125),
	('2018-05-22', 801, 75, 'Autocross', 3, '00:03:09', 9, 1063),
	('2018-05-22', 802, 171, 'Autocross', 3, '00:03:20', 10, 980),
	('2018-05-28', 223, 138, 'Autocross', 24, '00:01:10', 1, 1500),
	('2018-05-28', 224, 246, 'Autocross', 24, '00:01:17', 2, 1450),
	('2018-05-28', 225, 255, 'Autocross', 24, '00:01:21', 3, 1400),
	('2018-05-28', 226, 244, 'Autocross', 24, '00:01:27', 4, 1350),
	('2018-05-28', 227, 123, 'Autocross', 24, '00:01:29', 5, 1320),
	('2018-05-28', 228, 280, 'Autocross', 24, '00:01:32', 6, 1263),
	('2018-05-28', 229, 383, 'Autocross', 24, '00:01:47', 7, 1223),
	('2018-05-28', 230, 233, 'Autocross', 24, '00:01:50', 8, 1125),
	('2018-05-28', 231, 206, 'Autocross', 24, '00:01:52', 9, 1063),
	('2018-05-28', 232, 326, 'Autocross', 24, '00:01:55', 10, 980),
	('2018-06-09', 643, 126, 'Carrera de Aceleración', 5, '00:01:49', 1, 1000),
	('2018-06-09', 644, 31, 'Carrera de Aceleración', 5, '00:01:53', 2, 850),
	('2018-06-09', 645, 259, 'Carrera de Aceleración', 5, '00:01:56', 3, 600),
	('2018-06-10', 276, 257, 'Contrarreloj', 12, '00:03:30', 1, 1000),
	('2018-06-10', 277, 3, 'Contrarreloj', 12, '00:03:33', 2, 950),
	('2018-06-10', 278, 103, 'Contrarreloj', 12, '00:03:41', 3, 900),
	('2018-06-10', 279, 318, 'Contrarreloj', 12, '00:03:42', 4, 850),
	('2018-06-10', 280, 57, 'Contrarreloj', 12, '00:03:45', 5, 800),
	('2018-06-10', 281, 271, 'Contrarreloj', 12, '00:03:48', 6, 750),
	('2018-06-10', 282, 146, 'Contrarreloj', 12, '00:03:54', 7, 700),
	('2018-06-10', 283, 29, 'Contrarreloj', 12, '00:03:54', 8, 650),
	('2018-06-10', 284, 373, 'Contrarreloj', 12, '00:03:54', 9, 600),
	('2018-06-10', 285, 333, 'Contrarreloj', 12, '00:03:57', 10, 550),
	('2018-07-12', 506, 395, 'Uno contra Uno', 4, '00:03:54', 1, 600),
	('2018-07-12', 507, 350, 'Uno contra Uno', 4, '00:05:23', 2, 523),
	('2018-08-07', 666, 174, 'Copa', 39, '00:07:39', 1, 3000),
	('2018-08-07', 667, 352, 'Copa', 39, '00:08:36', 2, 2988),
	('2018-08-07', 668, 191, 'Copa', 39, '00:08:41', 3, 2896),
	('2018-08-07', 669, 357, 'Copa', 39, '00:08:44', 4, 2751),
	('2018-08-07', 670, 250, 'Copa', 39, '00:11:49', 5, 2742),
	('2018-08-07', 671, 368, 'Copa', 39, '00:12:51', 6, 2654),
	('2018-08-07', 672, 382, 'Copa', 39, '00:12:58', 7, 2541),
	('2018-08-07', 673, 321, 'Copa', 39, '00:13:02', 8, 2498),
	('2018-08-07', 674, 166, 'Copa', 39, '00:14:37', 9, 2365),
	('2018-08-07', 675, 72, 'Copa', 39, '00:15:39', 10, 2344),
	('2018-08-07', 676, 402, 'Copa', 39, '00:16:15', 11, 2299),
	('2018-08-07', 677, 365, 'Copa', 39, '00:17:00', 12, 2123),
	('2018-08-07', 678, 104, 'Copa', 39, '00:17:02', 13, 2025),
	('2018-08-07', 679, 121, 'Copa', 39, '00:17:52', 14, 1968),
	('2018-08-07', 680, 74, 'Copa', 39, '00:18:24', 15, 1896),
	('2018-08-07', 681, 69, 'Copa', 39, '00:18:27', 16, 1756),
	('2018-08-07', 682, 105, 'Copa', 39, '00:19:54', 17, 1698),
	('2018-08-07', 683, 66, 'Copa', 39, '00:21:17', 18, 1598),
	('2018-08-07', 684, 445, 'Copa', 39, '00:21:20', 19, 1462),
	('2018-08-07', 685, 349, 'Copa', 39, '00:24:10', 20, 1354),
	('2018-08-07', 686, 225, 'Copa', 39, '00:24:41', 21, 1203),
	('2018-08-07', 687, 129, 'Copa', 39, '00:24:48', 22, 1054),
	('2018-08-12', 888, 125, 'Autocross', 9, '00:00:47', 1, 1500),
	('2018-08-12', 889, 366, 'Autocross', 9, '00:00:49', 2, 1450),
	('2018-08-12', 890, 424, 'Autocross', 9, '00:00:54', 3, 1400),
	('2018-08-12', 891, 425, 'Autocross', 9, '00:01:02', 4, 1350),
	('2018-08-12', 892, 256, 'Autocross', 9, '00:01:03', 5, 1320),
	('2018-08-12', 893, 29, 'Autocross', 9, '00:01:05', 6, 1263),
	('2018-08-12', 894, 115, 'Autocross', 9, '00:01:10', 7, 1223),
	('2018-08-12', 895, 372, 'Autocross', 9, '00:01:20', 8, 1125),
	('2018-08-12', 896, 28, 'Autocross', 9, '00:01:21', 9, 1063),
	('2018-08-12', 897, 378, 'Autocross', 9, '00:01:24', 10, 980),
	('2018-08-13', 561, 292, 'Contrarreloj', 6, '00:04:09', 1, 1000),
	('2018-08-13', 562, 445, 'Contrarreloj', 6, '00:04:10', 2, 950),
	('2018-08-13', 563, 41, 'Contrarreloj', 6, '00:04:14', 3, 900),
	('2018-08-13', 564, 212, 'Contrarreloj', 6, '00:04:23', 4, 850),
	('2018-08-13', 565, 205, 'Contrarreloj', 6, '00:04:25', 5, 800),
	('2018-08-13', 566, 334, 'Contrarreloj', 6, '00:04:26', 6, 750),
	('2018-08-13', 567, 208, 'Contrarreloj', 6, '00:04:48', 7, 700),
	('2018-08-13', 568, 46, 'Contrarreloj', 6, '00:04:49', 8, 650),
	('2018-08-13', 569, 249, 'Contrarreloj', 6, '00:04:51', 9, 600),
	('2018-08-13', 570, 424, 'Contrarreloj', 6, '00:04:57', 10, 550),
	('2018-09-06', 23, 425, 'Eliminación', 6, '00:02:40', 1, 2000),
	('2018-09-06', 24, 154, 'Eliminación', 6, '00:02:20', 2, 1954),
	('2018-09-06', 25, 115, 'Eliminación', 6, '00:02:00', 3, 1752),
	('2018-09-06', 26, 308, 'Eliminación', 6, '00:01:40', 4, 1423),
	('2018-09-06', 27, 272, 'Eliminación', 6, '00:01:20', 5, 1236),
	('2018-09-06', 28, 140, 'Eliminación', 6, '00:01:00', 6, 1159),
	('2018-09-06', 29, 197, 'Eliminación', 6, '00:00:40', 7, 985),
	('2018-09-06', 30, 37, 'Eliminación', 6, '00:00:20', 8, 758),
	('2018-09-10', 158, 307, 'Velocidad Instantánea', 28, '00:02:02', 1, 1822),
	('2018-09-10', 159, 282, 'Velocidad Instantánea', 28, '00:02:02', 2, 1745),
	('2018-09-10', 160, 427, 'Velocidad Instantánea', 28, '00:02:04', 3, 1654),
	('2018-09-10', 161, 446, 'Velocidad Instantánea', 28, '00:02:05', 4, 1520),
	('2018-09-10', 162, 3, 'Velocidad Instantánea', 28, '00:02:05', 5, 1420),
	('2018-09-10', 163, 151, 'Velocidad Instantánea', 28, '00:02:06', 6, 1389),
	('2018-09-10', 164, 313, 'Velocidad Instantánea', 28, '00:02:07', 7, 1285),
	('2018-09-10', 165, 163, 'Velocidad Instantánea', 28, '00:02:13', 8, 1100),
	('2018-09-10', 166, 89, 'Velocidad Instantánea', 28, '00:02:18', 9, 895),
	('2018-09-10', 167, 27, 'Velocidad Instantánea', 28, '00:02:27', 10, 562),
	('2018-09-18', 931, 2, 'Cazador', 40, '00:01:30', 1, 1200),
	('2018-09-18', 932, 408, 'Cazador', 40, '00:01:35', 2, 1150),
	('2018-09-18', 933, 95, 'Cazador', 40, '00:01:39', 3, 1100),
	('2018-09-18', 934, 168, 'Cazador', 40, '00:01:39', 4, 1000),
	('2018-09-18', 935, 43, 'Cazador', 40, '00:01:42', 5, 950),
	('2018-09-18', 936, 434, 'Cazador', 40, '00:01:46', 6, 900),
	('2018-09-18', 937, 203, 'Cazador', 40, '00:01:46', 7, 850),
	('2018-09-18', 938, 356, 'Cazador', 40, '00:01:46', 8, 800),
	('2018-09-18', 939, 67, 'Cazador', 40, '00:01:52', 9, 750),
	('2018-09-18', 940, 207, 'Cazador', 40, '00:01:58', 10, 700),
	('2018-09-30', 138, 198, 'Resistencia', 46, '00:08:27', 1, 2600),
	('2018-09-30', 139, 394, 'Resistencia', 46, '00:08:27', 2, 2510),
	('2018-09-30', 140, 155, 'Resistencia', 46, '00:08:33', 3, 2345),
	('2018-09-30', 141, 433, 'Resistencia', 46, '00:09:02', 4, 2254),
	('2018-09-30', 142, 154, 'Resistencia', 46, '00:09:19', 5, 2241),
	('2018-09-30', 143, 412, 'Resistencia', 46, '00:09:25', 6, 2203),
	('2018-09-30', 144, 295, 'Resistencia', 46, '00:09:27', 7, 1540),
	('2018-09-30', 145, 174, 'Resistencia', 46, '00:09:35', 8, 1890),
	('2018-09-30', 146, 446, 'Resistencia', 46, '00:09:35', 9, 1874),
	('2018-09-30', 147, 84, 'Resistencia', 46, '00:09:40', 10, 1600),
	('2018-10-02', 96, 132, 'Copa', 45, '00:01:37', 1, 3000),
	('2018-10-02', 97, 281, 'Copa', 45, '00:01:50', 2, 2988),
	('2018-10-02', 98, 85, 'Copa', 45, '00:02:40', 3, 2896),
	('2018-10-02', 99, 263, 'Copa', 45, '00:03:33', 4, 2751),
	('2018-10-02', 100, 356, 'Copa', 45, '00:04:26', 5, 2742),
	('2018-10-02', 101, 201, 'Copa', 45, '00:05:31', 6, 2654),
	('2018-10-02', 102, 357, 'Copa', 45, '00:08:51', 7, 2541),
	('2018-10-02', 103, 339, 'Copa', 45, '00:09:28', 8, 2498),
	('2018-10-02', 104, 311, 'Copa', 45, '00:09:48', 9, 2365),
	('2018-10-02', 105, 200, 'Copa', 45, '00:12:06', 10, 2344),
	('2018-10-02', 106, 367, 'Copa', 45, '00:13:16', 11, 2299),
	('2018-10-02', 107, 419, 'Copa', 45, '00:14:28', 12, 2123),
	('2018-10-02', 108, 67, 'Copa', 45, '00:14:29', 13, 2025),
	('2018-10-02', 109, 170, 'Copa', 45, '00:14:53', 14, 1968),
	('2018-10-02', 110, 410, 'Copa', 45, '00:17:02', 15, 1896),
	('2018-10-02', 111, 152, 'Copa', 45, '00:17:23', 16, 1756),
	('2018-10-02', 112, 378, 'Copa', 45, '00:17:25', 17, 1698),
	('2018-10-02', 113, 284, 'Copa', 45, '00:17:37', 18, 1598),
	('2018-10-02', 114, 162, 'Copa', 45, '00:17:47', 19, 1462),
	('2018-10-02', 115, 93, 'Copa', 45, '00:17:54', 20, 1354),
	('2018-10-02', 116, 128, 'Copa', 45, '00:18:26', 21, 1203),
	('2018-10-02', 117, 20, 'Copa', 45, '00:18:30', 22, 1054),
	('2018-11-01', 233, 141, 'Resistencia', 16, '00:07:12', 1, 2600),
	('2018-11-01', 234, 333, 'Resistencia', 16, '00:07:19', 2, 2510),
	('2018-11-01', 235, 307, 'Resistencia', 16, '00:07:21', 3, 2345),
	('2018-11-01', 236, 191, 'Resistencia', 16, '00:07:39', 4, 2254),
	('2018-11-01', 237, 322, 'Resistencia', 16, '00:07:40', 5, 2241),
	('2018-11-01', 238, 381, 'Resistencia', 16, '00:07:40', 6, 2203),
	('2018-11-01', 239, 131, 'Resistencia', 16, '00:07:46', 7, 1540),
	('2018-11-01', 240, 12, 'Resistencia', 16, '00:08:41', 8, 1890),
	('2018-11-01', 241, 391, 'Resistencia', 16, '00:08:44', 9, 1874),
	('2018-11-01', 242, 246, 'Resistencia', 16, '00:08:56', 10, 1600),
	('2018-11-15', 171, 13, 'Cazador', 22, '00:01:46', 1, 1200),
	('2018-11-15', 172, 366, 'Cazador', 22, '00:01:46', 2, 1150),
	('2018-11-15', 173, 420, 'Cazador', 22, '00:01:57', 3, 1100),
	('2018-11-15', 174, 379, 'Cazador', 22, '00:02:05', 4, 1000),
	('2018-11-15', 175, 219, 'Cazador', 22, '00:02:08', 5, 950),
	('2018-11-15', 176, 403, 'Cazador', 22, '00:02:12', 6, 900),
	('2018-11-15', 177, 288, 'Cazador', 22, '00:02:14', 7, 850),
	('2018-11-15', 178, 171, 'Cazador', 22, '00:02:21', 8, 800),
	('2018-11-15', 179, 135, 'Cazador', 22, '00:02:23', 9, 750),
	('2018-11-15', 180, 133, 'Cazador', 22, '00:02:24', 10, 700),
	('2018-11-25', 928, 79, 'Carrera de Aceleración', 25, '00:00:34', 1, 1000),
	('2018-11-25', 929, 149, 'Carrera de Aceleración', 25, '00:00:34', 2, 850),
	('2018-11-25', 930, 193, 'Carrera de Aceleración', 25, '00:00:34', 3, 600),
	('2018-12-16', 168, 160, 'Carrera de Aceleración', 11, '00:00:40', 1, 1000),
	('2018-12-16', 169, 107, 'Carrera de Aceleración', 11, '00:00:43', 2, 850),
	('2018-12-16', 170, 316, 'Carrera de Aceleración', 1, '00:00:47', 3, 600),
	('2018-12-19', 286, 429, 'Copa', 19, '00:05:22', 1, 3000),
	('2018-12-19', 287, 75, 'Copa', 19, '00:05:48', 2, 2988),
	('2018-12-19', 288, 232, 'Copa', 19, '00:08:06', 3, 2896),
	('2018-12-19', 289, 80, 'Copa', 19, '00:08:55', 4, 2751),
	('2018-12-19', 290, 9, 'Copa', 19, '00:09:58', 5, 2742),
	('2018-12-19', 291, 119, 'Copa', 19, '00:10:29', 6, 2654),
	('2018-12-19', 292, 290, 'Copa', 19, '00:12:13', 7, 2541),
	('2018-12-19', 293, 38, 'Copa', 19, '00:13:08', 8, 2498),
	('2018-12-19', 294, 363, 'Copa', 19, '00:13:16', 9, 2365),
	('2018-12-19', 295, 304, 'Copa', 19, '00:13:29', 10, 2344),
	('2018-12-19', 296, 410, 'Copa', 19, '00:15:21', 11, 2299),
	('2018-12-19', 297, 19, 'Copa', 19, '00:15:22', 12, 2123),
	('2018-12-19', 298, 249, 'Copa', 19, '00:15:50', 13, 2025),
	('2018-12-19', 299, 33, 'Copa', 19, '00:17:52', 14, 1968),
	('2018-12-19', 300, 143, 'Copa', 19, '00:18:48', 15, 1896),
	('2018-12-19', 301, 387, 'Copa', 19, '00:18:57', 16, 1756),
	('2018-12-19', 302, 362, 'Copa', 19, '00:19:26', 17, 1698),
	('2018-12-19', 303, 252, 'Copa', 19, '00:20:48', 18, 1598),
	('2018-12-19', 304, 277, 'Copa', 19, '00:20:52', 19, 1462),
	('2018-12-19', 305, 282, 'Copa', 19, '00:21:12', 20, 1354),
	('2018-12-19', 306, 309, 'Copa', 19, '00:24:37', 21, 1203),
	('2018-12-19', 307, 265, 'Copa', 19, '00:24:44', 22, 1054),
	('2018-12-22', 253, 45, 'Velocidad Instantánea', 42, '00:01:07', 1, 1822),
	('2018-12-22', 254, 351, 'Velocidad Instantánea', 42, '00:01:16', 2, 1745),
	('2018-12-22', 255, 435, 'Velocidad Instantánea', 42, '00:01:19', 3, 1654),
	('2018-12-22', 256, 276, 'Velocidad Instantánea', 42, '00:01:22', 4, 1520),
	('2018-12-22', 257, 128, 'Velocidad Instantánea', 42, '00:01:24', 5, 1420),
	('2018-12-22', 258, 65, 'Velocidad Instantánea', 42, '00:01:30', 6, 1389),
	('2018-12-22', 259, 402, 'Velocidad Instantánea', 42, '00:01:30', 7, 1285),
	('2018-12-22', 260, 318, 'Velocidad Instantánea', 42, '00:01:35', 8, 1100),
	('2018-12-22', 261, 170, 'Velocidad Instantánea', 42, '00:01:39', 9, 895),
	('2018-12-22', 262, 83, 'Velocidad Instantánea', 42, '00:01:47', 10, 562),
	('2019-02-04', 601, 352, 'Uno contra Uno', 38, '00:03:32', 1, 600),
	('2019-02-04', 602, 446, 'Uno contra Uno', 38, '00:03:38', 2, 523),
	('2019-02-17', 338, 107, 'Récord de Velocidad', 5, '00:04:03', 1, 1500),
	('2019-02-17', 339, 47, 'Récord de Velocidad', 5, '00:04:11', 2, 1400),
	('2019-02-17', 340, 272, 'Récord de Velocidad', 5, '00:04:12', 3, 1300),
	('2019-02-17', 341, 133, 'Récord de Velocidad', 5, '00:04:26', 4, 1200),
	('2019-02-17', 342, 160, 'Récord de Velocidad', 5, '00:04:30', 5, 1100),
	('2019-02-17', 343, 3, 'Récord de Velocidad', 5, '00:04:32', 6, 1000),
	('2019-02-17', 344, 189, 'Récord de Velocidad', 5, '00:04:40', 7, 950),
	('2019-02-17', 345, 80, 'Récord de Velocidad', 5, '00:04:49', 8, 850),
	('2019-02-17', 346, 130, 'Récord de Velocidad', 5, '00:04:57', 9, 750),
	('2019-02-17', 347, 2, 'Récord de Velocidad', 5, '00:04:58', 10, 700),
	('2019-03-04', 31, 319, 'Uno contra Uno', 2, '00:01:54', 1, 600),
	('2019-03-04', 32, 272, 'Uno contra Uno', 2, '00:01:56', 2, 523),
	('2019-03-18', 126, 166, 'Uno contra Uno', 7, '00:02:32', 1, 600),
	('2019-03-18', 127, 201, 'Uno contra Uno', 7, '00:02:58', 2, 523),
	('2019-03-28', 181, 86, 'Contrarreloj', 44, '00:02:31', 1, 1000),
	('2019-03-28', 182, 174, 'Contrarreloj', 44, '00:02:32', 2, 950),
	('2019-03-28', 183, 217, 'Contrarreloj', 44, '00:02:46', 3, 900),
	('2019-03-28', 184, 432, 'Contrarreloj', 44, '00:02:51', 4, 850),
	('2019-03-28', 185, 81, 'Contrarreloj', 44, '00:02:53', 5, 800),
	('2019-03-28', 186, 63, 'Contrarreloj', 44, '00:02:53', 6, 750),
	('2019-03-28', 187, 264, 'Contrarreloj', 44, '00:02:56', 7, 700),
	('2019-03-28', 188, 450, 'Contrarreloj', 44, '00:02:56', 8, 650),
	('2019-03-28', 189, 125, 'Contrarreloj', 44, '00:02:57', 9, 600),
	('2019-03-28', 190, 229, 'Contrarreloj', 44, '00:03:00', 10, 550),
	('2019-04-06', 371, 346, 'Contrarreloj', 38, '00:04:32', 1, 1000),
	('2019-04-06', 372, 108, 'Contrarreloj', 38, '00:04:34', 2, 950),
	('2019-04-06', 373, 344, 'Contrarreloj', 38, '00:04:37', 3, 900),
	('2019-04-06', 374, 107, 'Contrarreloj', 38, '00:04:39', 4, 850),
	('2019-04-06', 375, 343, 'Contrarreloj', 38, '00:04:41', 5, 800),
	('2019-04-06', 376, 225, 'Contrarreloj', 38, '00:04:48', 6, 750),
	('2019-04-06', 377, 110, 'Contrarreloj', 38, '00:04:48', 7, 700),
	('2019-04-06', 378, 206, 'Contrarreloj', 38, '00:04:51', 8, 650),
	('2019-04-06', 379, 307, 'Contrarreloj', 38, '00:04:55', 9, 600),
	('2019-04-06', 380, 205, 'Contrarreloj', 38, '00:04:57', 10, 550),
	('2019-04-07', 833, 356, 'Carrera de Aceleración', 6, '00:00:28', 1, 1000),
	('2019-04-07', 834, 257, 'Carrera de Aceleración', 6, '00:00:29', 2, 850),
	('2019-04-07', 835, 53, 'Carrera de Aceleración', 6, '00:00:31', 3, 600),
	('2019-04-22', 728, 32, 'Velocidad Instantánea', 7, '00:00:34', 1, 1822),
	('2019-04-22', 729, 226, 'Velocidad Instantánea', 7, '00:00:34', 2, 1745),
	('2019-04-22', 730, 118, 'Velocidad Instantánea', 7, '00:00:36', 3, 1654),
	('2019-04-22', 731, 40, 'Velocidad Instantánea', 7, '00:00:37', 4, 1520),
	('2019-04-22', 732, 260, 'Velocidad Instantánea', 7, '00:00:39', 5, 1420),
	('2019-04-22', 733, 145, 'Velocidad Instantánea', 7, '00:00:42', 6, 1389),
	('2019-04-22', 734, 129, 'Velocidad Instantánea', 7, '00:00:42', 7, 1285),
	('2019-04-22', 735, 250, 'Velocidad Instantánea', 7, '00:00:43', 8, 1100),
	('2019-04-22', 736, 414, 'Velocidad Instantánea', 7, '00:00:49', 9, 895),
	('2019-04-22', 737, 126, 'Velocidad Instantánea', 7, '00:00:50', 10, 562),
	('2019-05-03', 118, 388, 'Eliminación', 22, '00:02:40', 1, 2000),
	('2019-05-03', 119, 365, 'Eliminación', 22, '00:02:20', 2, 1954),
	('2019-05-03', 120, 174, 'Eliminación', 22, '00:02:00', 3, 1752),
	('2019-05-03', 121, 302, 'Eliminación', 22, '00:01:40', 4, 1423),
	('2019-05-03', 122, 90, 'Eliminación', 22, '00:01:20', 5, 1236),
	('2019-05-03', 123, 219, 'Eliminación', 22, '00:01:00', 6, 1159),
	('2019-05-03', 124, 430, 'Eliminación', 22, '00:00:40', 7, 985),
	('2019-05-03', 125, 340, 'Eliminación', 22, '00:00:20', 8, 758),
	('2019-05-14', 951, 351, 'Copa', 31, '00:01:13', 1, 3000),
	('2019-05-14', 952, 98, 'Copa', 31, '00:01:14', 2, 2988),
	('2019-05-14', 953, 314, 'Copa', 31, '00:01:25', 3, 2896),
	('2019-05-14', 954, 58, 'Copa', 31, '00:01:39', 4, 2751),
	('2019-05-14', 955, 282, 'Copa', 31, '00:02:56', 5, 2742),
	('2019-05-14', 956, 49, 'Copa', 31, '00:03:30', 6, 2654),
	('2019-05-14', 957, 290, 'Copa', 31, '00:03:53', 7, 2541),
	('2019-05-14', 958, 10, 'Copa', 31, '00:04:28', 8, 2498),
	('2019-05-14', 959, 52, 'Copa', 31, '00:04:33', 9, 2365),
	('2019-05-14', 960, 108, 'Copa', 31, '00:04:37', 10, 2344),
	('2019-05-14', 961, 338, 'Copa', 31, '00:05:00', 11, 2299),
	('2019-05-14', 962, 405, 'Copa', 31, '00:05:04', 12, 2123),
	('2019-05-14', 963, 194, 'Copa', 31, '00:05:14', 13, 2025),
	('2019-05-14', 964, 16, 'Copa', 31, '00:05:14', 14, 1968),
	('2019-05-14', 965, 182, 'Copa', 31, '00:05:23', 15, 1896),
	('2019-05-14', 966, 51, 'Copa', 31, '00:06:04', 16, 1756),
	('2019-05-14', 967, 324, 'Copa', 31, '00:06:50', 17, 1698),
	('2019-05-14', 968, 370, 'Copa', 31, '00:07:45', 18, 1598),
	('2019-05-14', 969, 197, 'Copa', 31, '00:08:05', 19, 1462),
	('2019-05-14', 970, 41, 'Copa', 31, '00:09:12', 20, 1354),
	('2019-05-14', 971, 66, 'Copa', 31, '00:09:14', 21, 1203),
	('2019-05-14', 972, 350, 'Copa', 31, '00:09:53', 22, 1054),
	('2019-05-28', 846, 364, 'Contrarreloj', 45, '00:01:03', 1, 1000),
	('2019-05-28', 847, 277, 'Contrarreloj', 45, '00:01:04', 2, 950),
	('2019-05-28', 848, 54, 'Contrarreloj', 45, '00:01:09', 3, 900),
	('2019-05-28', 849, 46, 'Contrarreloj', 45, '00:01:10', 4, 850),
	('2019-05-28', 850, 174, 'Contrarreloj', 45, '00:01:11', 5, 800),
	('2019-05-28', 851, 151, 'Contrarreloj', 45, '00:01:16', 6, 750),
	('2019-05-28', 852, 307, 'Contrarreloj', 45, '00:01:19', 7, 700),
	('2019-05-28', 853, 436, 'Contrarreloj', 45, '00:01:20', 8, 650),
	('2019-05-28', 854, 128, 'Contrarreloj', 45, '00:01:22', 9, 600),
	('2019-05-28', 855, 407, 'Contrarreloj', 45, '00:01:31', 10, 550),
	('2019-06-13', 823, 189, 'Velocidad Instantánea', 44, '00:00:46', 1, 1822),
	('2019-06-13', 824, 336, 'Velocidad Instantánea', 44, '00:01:00', 2, 1745),
	('2019-06-13', 825, 49, 'Velocidad Instantánea', 44, '00:01:00', 3, 1654),
	('2019-06-13', 826, 221, 'Velocidad Instantánea', 44, '00:01:05', 4, 1520),
	('2019-06-13', 827, 300, 'Velocidad Instantánea', 44, '00:01:07', 5, 1420),
	('2019-06-13', 828, 259, 'Velocidad Instantánea', 44, '00:01:35', 6, 1389),
	('2019-06-13', 829, 225, 'Velocidad Instantánea', 44, '00:01:37', 7, 1285),
	('2019-06-13', 830, 205, 'Velocidad Instantánea', 44, '00:01:46', 8, 1100),
	('2019-06-13', 831, 138, 'Velocidad Instantánea', 44, '00:01:46', 9, 895),
	('2019-06-13', 832, 59, 'Velocidad Instantánea', 44, '00:01:48', 10, 562),
	('2019-06-15', 593, 283, 'Eliminación', 27, '00:02:40', 1, 2000),
	('2019-06-15', 594, 150, 'Eliminación', 27, '00:02:20', 2, 1954),
	('2019-06-15', 595, 406, 'Eliminación', 27, '00:02:00', 3, 1752),
	('2019-06-15', 596, 422, 'Eliminación', 27, '00:01:40', 4, 1423),
	('2019-06-15', 597, 330, 'Eliminación', 27, '00:01:20', 5, 1236),
	('2019-06-15', 598, 329, 'Eliminación', 27, '00:01:00', 6, 1159),
	('2019-06-15', 599, 352, 'Eliminación', 27, '00:00:40', 7, 985),
	('2019-06-15', 600, 440, 'Eliminación', 27, '00:00:20', 8, 758),
	('2019-06-19', 403, 88, 'Eliminación', 35, '00:02:40', 1, 2000),
	('2019-06-19', 404, 183, 'Eliminación', 35, '00:02:20', 2, 1954),
	('2019-06-19', 405, 15, 'Eliminación', 35, '00:02:00', 3, 1752),
	('2019-06-19', 406, 208, 'Eliminación', 35, '00:01:40', 4, 1423),
	('2019-06-19', 407, 64, 'Eliminación', 35, '00:01:20', 5, 1236),
	('2019-06-19', 408, 43, 'Eliminación', 35, '00:01:00', 6, 1159),
	('2019-06-19', 409, 172, 'Eliminación', 35, '00:00:40', 7, 985),
	('2019-06-19', 410, 122, 'Eliminación', 35, '00:00:20', 8, 758),
	('2019-06-21', 308, 372, 'Eliminación', 5, '00:02:40', 1, 2000),
	('2019-06-21', 309, 87, 'Eliminación', 5, '00:02:20', 2, 1954),
	('2019-06-21', 310, 284, 'Eliminación', 5, '00:02:00', 3, 1752),
	('2019-06-21', 311, 125, 'Eliminación', 5, '00:01:40', 4, 1423),
	('2019-06-21', 312, 81, 'Eliminación', 5, '00:01:20', 5, 1236),
	('2019-06-21', 313, 422, 'Eliminación', 5, '00:01:00', 6, 1159),
	('2019-06-21', 314, 310, 'Eliminación', 5, '00:00:40', 7, 985),
	('2019-06-21', 315, 397, 'Eliminación', 5, '00:00:20', 8, 758),
	('2019-07-21', 476, 17, 'Copa', 29, '00:02:01', 1, 3000),
	('2019-07-21', 477, 369, 'Copa', 29, '00:02:29', 2, 2988),
	('2019-07-21', 478, 196, 'Copa', 29, '00:02:44', 3, 2896),
	('2019-07-21', 479, 297, 'Copa', 29, '00:03:22', 4, 2751),
	('2019-07-21', 480, 180, 'Copa', 29, '00:03:32', 5, 2742),
	('2019-07-21', 481, 243, 'Copa', 29, '00:03:43', 6, 2654),
	('2019-07-21', 482, 279, 'Copa', 29, '00:03:50', 7, 2541),
	('2019-07-21', 483, 408, 'Copa', 29, '00:03:57', 8, 2498),
	('2019-07-21', 484, 56, 'Copa', 29, '00:04:13', 9, 2365),
	('2019-07-21', 485, 75, 'Copa', 29, '00:04:14', 10, 2344),
	('2019-07-21', 486, 72, 'Copa', 29, '00:04:15', 11, 2299),
	('2019-07-21', 487, 41, 'Copa', 29, '00:05:11', 12, 2123),
	('2019-07-21', 488, 252, 'Copa', 29, '00:05:19', 13, 2025),
	('2019-07-21', 489, 16, 'Copa', 29, '00:06:19', 14, 1968),
	('2019-07-21', 490, 288, 'Copa', 29, '00:06:33', 15, 1896),
	('2019-07-21', 491, 269, 'Copa', 29, '00:07:29', 16, 1756),
	('2019-07-21', 492, 143, 'Copa', 29, '00:07:58', 17, 1698),
	('2019-07-21', 493, 217, 'Copa', 29, '00:08:11', 18, 1598),
	('2019-07-21', 494, 383, 'Copa', 29, '00:08:52', 19, 1462),
	('2019-07-21', 495, 112, 'Copa', 29, '00:09:03', 20, 1354),
	('2019-07-21', 496, 1, 'Copa', 29, '00:09:26', 21, 1203),
	('2019-07-21', 497, 157, 'Copa', 29, '00:09:38', 22, 1054),
	('2019-08-17', 243, 227, 'Récord de Velocidad', 43, '00:03:13', 1, 1500),
	('2019-08-17', 244, 197, 'Récord de Velocidad', 43, '00:03:15', 2, 1400),
	('2019-08-17', 245, 253, 'Récord de Velocidad', 43, '00:03:26', 3, 1300),
	('2019-08-17', 246, 358, 'Récord de Velocidad', 43, '00:03:32', 4, 1200),
	('2019-08-17', 247, 83, 'Récord de Velocidad', 43, '00:03:36', 5, 1100),
	('2019-08-17', 248, 324, 'Récord de Velocidad', 43, '00:03:42', 6, 1000),
	('2019-08-17', 249, 177, 'Récord de Velocidad', 43, '00:03:48', 7, 950),
	('2019-08-17', 250, 277, 'Récord de Velocidad', 43, '00:03:56', 8, 850),
	('2019-08-17', 251, 436, 'Récord de Velocidad', 43, '00:04:04', 9, 750),
	('2019-08-17', 252, 216, 'Récord de Velocidad', 43, '00:04:10', 10, 700),
	('2019-09-01', 191, 443, 'Copa', 17, '00:01:53', 1, 3000),
	('2019-09-01', 192, 165, 'Copa', 17, '00:03:01', 2, 2988),
	('2019-09-01', 193, 33, 'Copa', 17, '00:04:06', 3, 2896),
	('2019-09-01', 194, 317, 'Copa', 17, '00:04:07', 4, 2751),
	('2019-09-01', 195, 265, 'Copa', 17, '00:04:13', 5, 2742),
	('2019-09-01', 196, 54, 'Copa', 17, '00:04:20', 6, 2654),
	('2019-09-01', 197, 174, 'Copa', 17, '00:04:31', 7, 2541),
	('2019-09-01', 198, 68, 'Copa', 17, '00:04:50', 8, 2498),
	('2019-09-01', 199, 339, 'Copa', 17, '00:05:29', 9, 2365),
	('2019-09-01', 200, 396, 'Copa', 17, '00:06:11', 10, 2344),
	('2019-09-01', 201, 422, 'Copa', 17, '00:06:17', 11, 2299),
	('2019-09-01', 202, 137, 'Copa', 17, '00:06:30', 12, 2123),
	('2019-09-01', 203, 126, 'Copa', 17, '00:07:34', 13, 2025),
	('2019-09-01', 204, 208, 'Copa', 17, '00:07:59', 14, 1968),
	('2019-09-01', 205, 3, 'Copa', 17, '00:07:59', 15, 1896),
	('2019-09-01', 206, 391, 'Copa', 17, '00:08:26', 16, 1756),
	('2019-09-01', 207, 401, 'Copa', 17, '00:08:27', 17, 1698),
	('2019-09-01', 208, 47, 'Copa', 17, '00:08:30', 18, 1598),
	('2019-09-01', 209, 283, 'Copa', 17, '00:09:03', 19, 1462),
	('2019-09-01', 210, 395, 'Copa', 17, '00:09:26', 20, 1354),
	('2019-09-01', 211, 7, 'Copa', 17, '00:09:28', 21, 1203),
	('2019-09-01', 212, 140, 'Copa', 17, '00:09:49', 22, 1054),
	('2019-09-04', 538, 344, 'Velocidad Instantánea', 34, '00:01:33', 1, 1822),
	('2019-09-04', 539, 151, 'Velocidad Instantánea', 34, '00:01:34', 2, 1745),
	('2019-09-04', 540, 134, 'Velocidad Instantánea', 34, '00:01:37', 3, 1654),
	('2019-09-04', 541, 416, 'Velocidad Instantánea', 34, '00:01:42', 4, 1520),
	('2019-09-04', 542, 409, 'Velocidad Instantánea', 34, '00:01:42', 5, 1420),
	('2019-09-04', 543, 95, 'Velocidad Instantánea', 34, '00:01:43', 6, 1389),
	('2019-09-04', 544, 41, 'Velocidad Instantánea', 34, '00:01:43', 7, 1285),
	('2019-09-04', 545, 224, 'Velocidad Instantánea', 34, '00:01:46', 8, 1100),
	('2019-09-04', 546, 181, 'Velocidad Instantánea', 34, '00:01:47', 9, 895),
	('2019-09-04', 547, 202, 'Velocidad Instantánea', 34, '00:01:50', 10, 562),
	('2019-09-07', 633, 364, 'Velocidad Instantánea', 38, '00:01:34', 1, 1822),
	('2019-09-07', 634, 6, 'Velocidad Instantánea', 38, '00:01:42', 2, 1745),
	('2019-09-07', 635, 344, 'Velocidad Instantánea', 38, '00:01:56', 3, 1654),
	('2019-09-07', 636, 386, 'Velocidad Instantánea', 38, '00:02:02', 4, 1520),
	('2019-09-07', 637, 408, 'Velocidad Instantánea', 38, '00:02:22', 5, 1420),
	('2019-09-07', 638, 359, 'Velocidad Instantánea', 38, '00:02:29', 6, 1389),
	('2019-09-07', 639, 218, 'Velocidad Instantánea', 38, '00:02:30', 7, 1285),
	('2019-09-07', 640, 441, 'Velocidad Instantánea', 38, '00:02:32', 8, 1100),
	('2019-09-07', 641, 450, 'Velocidad Instantánea', 38, '00:02:33', 9, 895),
	('2019-09-07', 642, 258, 'Velocidad Instantánea', 38, '00:02:49', 10, 562),
	('2019-09-14', 856, 50, 'Copa', 17, '00:05:23', 1, 3000),
	('2019-09-14', 857, 155, 'Copa', 17, '00:05:24', 2, 2988),
	('2019-09-14', 858, 230, 'Copa', 17, '00:07:31', 3, 2896),
	('2019-09-14', 859, 247, 'Copa', 17, '00:07:31', 4, 2751),
	('2019-09-14', 860, 289, 'Copa', 17, '00:07:37', 5, 2742),
	('2019-09-14', 861, 77, 'Copa', 17, '00:07:40', 6, 2654),
	('2019-09-14', 862, 424, 'Copa', 17, '00:07:40', 7, 2541),
	('2019-09-14', 863, 381, 'Copa', 17, '00:08:35', 8, 2498),
	('2019-09-14', 864, 132, 'Copa', 17, '00:09:17', 9, 2365),
	('2019-09-14', 865, 200, 'Copa', 17, '00:09:47', 10, 2344),
	('2019-09-14', 866, 331, 'Copa', 17, '00:09:53', 11, 2299),
	('2019-09-14', 867, 448, 'Copa', 17, '00:10:10', 12, 2123),
	('2019-09-14', 868, 407, 'Copa', 17, '00:10:26', 13, 2025),
	('2019-09-14', 869, 74, 'Copa', 17, '00:10:27', 14, 1968),
	('2019-09-14', 870, 332, 'Copa', 17, '00:10:33', 15, 1896),
	('2019-09-14', 871, 127, 'Copa', 17, '00:10:48', 16, 1756),
	('2019-09-14', 872, 340, 'Copa', 17, '00:11:19', 17, 1698),
	('2019-09-14', 873, 6, 'Copa', 17, '00:11:46', 18, 1598),
	('2019-09-14', 874, 83, 'Copa', 17, '00:11:54', 19, 1462),
	('2019-09-14', 875, 323, 'Copa', 17, '00:11:56', 20, 1354),
	('2019-09-14', 876, 138, 'Copa', 17, '00:11:56', 21, 1203),
	('2019-09-14', 877, 423, 'Copa', 17, '00:11:58', 22, 1054),
	('2019-09-22', 548, 195, 'Carrera de Aceleración', 9, '00:01:44', 1, 1000),
	('2019-09-22', 549, 194, 'Carrera de Aceleración', 9, '00:01:46', 2, 850),
	('2019-09-22', 550, 156, 'Carrera de Aceleración', 9, '00:01:47', 3, 600),
	('2019-09-23', 708, 162, 'Resistencia', 6, '00:09:50', 1, 2600),
	('2019-09-23', 709, 336, 'Resistencia', 6, '00:09:50', 2, 2510),
	('2019-09-23', 710, 260, 'Resistencia', 6, '00:09:50', 3, 2345),
	('2019-09-23', 711, 167, 'Resistencia', 6, '00:09:55', 4, 2254),
	('2019-09-23', 712, 213, 'Resistencia', 6, '00:11:00', 5, 2241),
	('2019-09-23', 713, 116, 'Resistencia', 6, '00:11:07', 6, 2203),
	('2019-09-23', 714, 445, 'Resistencia', 6, '00:11:21', 7, 1540),
	('2019-09-23', 715, 240, 'Resistencia', 6, '00:11:27', 8, 1890),
	('2019-09-23', 716, 83, 'Resistencia', 6, '00:11:38', 9, 1874),
	('2019-09-23', 717, 62, 'Resistencia', 6, '00:11:47', 10, 1600),
	('2019-09-27', 33, 131, 'Autocross', 4, '00:00:43', 1, 1500),
	('2019-09-27', 34, 251, 'Autocross', 4, '00:00:45', 2, 1450),
	('2019-09-27', 35, 299, 'Autocross', 4, '00:00:45', 3, 1400),
	('2019-09-27', 36, 307, 'Autocross', 4, '00:00:49', 4, 1350),
	('2019-09-27', 37, 194, 'Autocross', 4, '00:00:51', 5, 1320),
	('2019-09-27', 38, 232, 'Autocross', 4, '00:00:53', 6, 1263),
	('2019-09-27', 39, 127, 'Autocross', 4, '00:00:53', 7, 1223),
	('2019-09-27', 40, 360, 'Autocross', 4, '00:00:54', 8, 1125),
	('2019-09-27', 41, 291, 'Autocross', 4, '00:00:58', 9, 1063),
	('2019-09-27', 42, 213, 'Autocross', 4, '00:01:00', 10, 980),
	('2019-10-13', 411, 265, 'Uno contra Uno', 50, '00:01:52', 1, 600),
	('2019-10-13', 412, 360, 'Uno contra Uno', 50, '00:01:58', 2, 523),
	('2019-11-05', 316, 247, 'Uno contra Uno', 45, '00:00:35', 1, 600),
	('2019-11-05', 317, 57, 'Uno contra Uno', 45, '00:00:41', 2, 523),
	('2019-11-09', 696, 255, 'Uno contra Uno', 49, '00:01:42', 1, 600),
	('2019-11-09', 697, 253, 'Uno contra Uno', 49, '00:02:38', 2, 523),
	('2019-11-30', 148, 204, 'Récord de Velocidad', 13, '00:02:12', 1, 1500),
	('2019-11-30', 149, 127, 'Récord de Velocidad', 13, '00:02:14', 2, 1400),
	('2019-11-30', 150, 59, 'Récord de Velocidad', 13, '00:02:14', 3, 1300),
	('2019-11-30', 151, 126, 'Récord de Velocidad', 13, '00:02:20', 4, 1200),
	('2019-11-30', 152, 238, 'Récord de Velocidad', 13, '00:02:23', 5, 1100),
	('2019-11-30', 153, 159, 'Récord de Velocidad', 13, '00:02:28', 6, 1000),
	('2019-11-30', 154, 275, 'Récord de Velocidad', 13, '00:02:44', 7, 950),
	('2019-11-30', 155, 377, 'Récord de Velocidad', 13, '00:03:08', 8, 850),
	('2019-11-30', 156, 225, 'Récord de Velocidad', 13, '00:03:08', 9, 750),
	('2019-11-30', 157, 29, 'Récord de Velocidad', 13, '00:03:12', 10, 700),
	('2019-12-03', 718, 408, 'Récord de Velocidad', 45, '00:03:17', 1, 1500),
	('2019-12-03', 719, 190, 'Récord de Velocidad', 45, '00:03:34', 2, 1400),
	('2019-12-03', 720, 445, 'Récord de Velocidad', 45, '00:03:46', 3, 1300),
	('2019-12-03', 721, 315, 'Récord de Velocidad', 45, '00:03:52', 4, 1200),
	('2019-12-03', 722, 157, 'Récord de Velocidad', 45, '00:04:08', 5, 1100),
	('2019-12-03', 723, 252, 'Récord de Velocidad', 45, '00:04:14', 6, 1000),
	('2019-12-03', 724, 99, 'Récord de Velocidad', 45, '00:04:16', 7, 950),
	('2019-12-03', 725, 235, 'Récord de Velocidad', 45, '00:04:20', 8, 850),
	('2019-12-03', 726, 253, 'Récord de Velocidad', 45, '00:04:22', 9, 750),
	('2019-12-03', 727, 390, 'Récord de Velocidad', 45, '00:04:29', 10, 700),
	('2019-12-04', 213, 18, 'Eliminación', 16, '00:02:40', 1, 2000),
	('2019-12-04', 214, 178, 'Eliminación', 16, '00:02:20', 2, 1954),
	('2019-12-04', 215, 265, 'Eliminación', 16, '00:02:00', 3, 1752),
	('2019-12-04', 216, 351, 'Eliminación', 16, '00:01:40', 4, 1423),
	('2019-12-04', 217, 434, 'Eliminación', 16, '00:01:20', 5, 1236),
	('2019-12-04', 218, 127, 'Eliminación', 16, '00:01:00', 6, 1159),
	('2019-12-04', 219, 11, 'Eliminación', 16, '00:00:40', 7, 985),
	('2019-12-04', 220, 372, 'Eliminación', 16, '00:00:20', 8, 758),
	('2019-12-06', 53, 149, 'Récord de Velocidad', 37, '00:01:02', 1, 1500),
	('2019-12-06', 54, 293, 'Récord de Velocidad', 37, '00:01:31', 2, 1400),
	('2019-12-06', 55, 363, 'Récord de Velocidad', 37, '00:01:31', 3, 1300),
	('2019-12-06', 56, 298, 'Récord de Velocidad', 37, '00:01:37', 4, 1200),
	('2019-12-06', 57, 88, 'Récord de Velocidad', 37, '00:01:39', 5, 1100),
	('2019-12-06', 58, 79, 'Récord de Velocidad', 37, '00:01:45', 6, 1000),
	('2019-12-06', 59, 109, 'Récord de Velocidad', 37, '00:01:54', 7, 950),
	('2019-12-06', 60, 326, 'Récord de Velocidad', 37, '00:01:54', 8, 850),
	('2019-12-06', 61, 365, 'Récord de Velocidad', 37, '00:01:56', 9, 750),
	('2019-12-06', 62, 245, 'Récord de Velocidad', 37, '00:02:23', 10, 700),
	('2019-12-09', 518, 177, 'Resistencia', 6, '00:10:11', 1, 2600),
	('2019-12-09', 519, 285, 'Resistencia', 6, '00:10:30', 2, 2510),
	('2019-12-09', 520, 41, 'Resistencia', 6, '00:11:22', 3, 2345),
	('2019-12-09', 521, 32, 'Resistencia', 6, '00:11:29', 4, 2254),
	('2019-12-09', 522, 6, 'Resistencia', 6, '00:11:35', 5, 2241),
	('2019-12-09', 523, 178, 'Resistencia', 6, '00:11:39', 6, 2203),
	('2019-12-09', 524, 124, 'Resistencia', 6, '00:12:03', 7, 1540),
	('2019-12-09', 525, 258, 'Resistencia', 6, '00:12:04', 8, 1890),
	('2019-12-09', 526, 345, 'Resistencia', 6, '00:12:10', 9, 1874),
	('2019-12-09', 527, 188, 'Resistencia', 6, '00:12:17', 10, 1600),
	('2019-12-27', 381, 443, 'Copa', 27, '00:05:25', 1, 3000),
	('2019-12-27', 382, 244, 'Copa', 27, '00:05:32', 2, 2988),
	('2019-12-27', 383, 1, 'Copa', 27, '00:09:06', 3, 2896),
	('2019-12-27', 384, 316, 'Copa', 27, '00:09:06', 4, 2751),
	('2019-12-27', 385, 393, 'Copa', 27, '00:10:27', 5, 2742),
	('2019-12-27', 386, 50, 'Copa', 27, '00:11:24', 6, 2654),
	('2019-12-27', 387, 72, 'Copa', 27, '00:11:41', 7, 2541),
	('2019-12-27', 388, 81, 'Copa', 27, '00:12:23', 8, 2498),
	('2019-12-27', 389, 432, 'Copa', 27, '00:13:01', 9, 2365),
	('2019-12-27', 390, 230, 'Copa', 27, '00:13:21', 10, 2344),
	('2019-12-27', 391, 24, 'Copa', 27, '00:13:40', 11, 2299),
	('2019-12-27', 392, 153, 'Copa', 27, '00:14:15', 12, 2123),
	('2019-12-27', 393, 441, 'Copa', 27, '00:14:21', 13, 2025),
	('2019-12-27', 394, 381, 'Copa', 27, '00:15:03', 14, 1968),
	('2019-12-27', 395, 167, 'Copa', 27, '00:15:20', 15, 1896),
	('2019-12-27', 396, 285, 'Copa', 27, '00:15:27', 16, 1756),
	('2019-12-27', 397, 349, 'Copa', 27, '00:15:39', 17, 1698),
	('2019-12-27', 398, 355, 'Copa', 27, '00:15:57', 18, 1598),
	('2019-12-27', 399, 438, 'Copa', 27, '00:16:28', 19, 1462),
	('2019-12-27', 400, 174, 'Copa', 27, '00:16:39', 20, 1354),
	('2019-12-27', 401, 273, 'Copa', 27, '00:17:43', 21, 1203),
	('2019-12-27', 402, 162, 'Copa', 27, '00:19:30', 22, 1054),
	('2020-01-10', 878, 2, 'Eliminación', 5, '00:02:40', 1, 2000),
	('2020-01-10', 879, 390, 'Eliminación', 5, '00:02:20', 2, 1954),
	('2020-01-10', 880, 379, 'Eliminación', 5, '00:02:00', 3, 1752),
	('2020-01-10', 881, 68, 'Eliminación', 5, '00:01:40', 4, 1423),
	('2020-01-10', 882, 53, 'Eliminación', 5, '00:01:20', 5, 1236),
	('2020-01-10', 883, 41, 'Eliminación', 5, '00:01:00', 6, 1159),
	('2020-01-10', 884, 59, 'Eliminación', 5, '00:00:40', 7, 985),
	('2020-01-10', 885, 185, 'Eliminación', 5, '00:00:20', 8, 758),
	('2020-01-11', 328, 215, 'Resistencia', 40, '00:11:16', 1, 2600),
	('2020-01-11', 329, 127, 'Resistencia', 40, '00:11:20', 2, 2510),
	('2020-01-11', 330, 137, 'Resistencia', 40, '00:11:21', 3, 2345),
	('2020-01-11', 331, 268, 'Resistencia', 40, '00:11:24', 4, 2254),
	('2020-01-11', 332, 168, 'Resistencia', 40, '00:11:24', 5, 2241),
	('2020-01-11', 333, 253, 'Resistencia', 40, '00:11:26', 6, 2203),
	('2020-01-11', 334, 418, 'Resistencia', 40, '00:11:36', 7, 1540),
	('2020-01-11', 335, 257, 'Resistencia', 40, '00:11:46', 8, 1890),
	('2020-01-11', 336, 408, 'Resistencia', 40, '00:11:57', 9, 1874),
	('2020-01-11', 337, 370, 'Resistencia', 40, '00:11:59', 10, 1600),
	('2020-01-12', 783, 351, 'Eliminación', 20, '00:02:40', 1, 2000),
	('2020-01-12', 784, 353, 'Eliminación', 20, '00:02:20', 2, 1954),
	('2020-01-12', 785, 51, 'Eliminación', 20, '00:02:00', 3, 1752),
	('2020-01-12', 786, 182, 'Eliminación', 20, '00:01:40', 4, 1423),
	('2020-01-12', 787, 445, 'Eliminación', 20, '00:01:20', 5, 1236),
	('2020-01-12', 788, 370, 'Eliminación', 20, '00:01:00', 6, 1159),
	('2020-01-12', 789, 155, 'Eliminación', 20, '00:00:40', 7, 985),
	('2020-01-12', 790, 249, 'Eliminación', 20, '00:00:20', 8, 758),
	('2020-01-14', 423, 373, 'Resistencia', 50, '00:11:00', 1, 2600),
	('2020-01-14', 424, 174, 'Resistencia', 50, '00:11:09', 2, 2510),
	('2020-01-14', 425, 449, 'Resistencia', 50, '00:11:22', 3, 2345),
	('2020-01-14', 426, 314, 'Resistencia', 50, '00:11:51', 4, 2254),
	('2020-01-14', 427, 188, 'Resistencia', 50, '00:12:17', 5, 2241),
	('2020-01-14', 428, 137, 'Resistencia', 50, '00:13:02', 6, 2203),
	('2020-01-14', 429, 60, 'Resistencia', 50, '00:13:45', 7, 1540),
	('2020-01-14', 430, 302, 'Resistencia', 50, '00:14:11', 8, 1890),
	('2020-01-14', 431, 270, 'Resistencia', 50, '00:14:21', 9, 1874),
	('2020-01-14', 432, 92, 'Resistencia', 50, '00:14:39', 10, 1600),
	('2020-01-21', 456, 56, 'Cazador', 38, '00:02:14', 1, 1200),
	('2020-01-21', 457, 205, 'Cazador', 38, '00:02:15', 2, 1150),
	('2020-01-21', 458, 269, 'Cazador', 38, '00:02:16', 3, 1100),
	('2020-01-21', 459, 277, 'Cazador', 38, '00:02:17', 4, 1000),
	('2020-01-21', 460, 120, 'Cazador', 38, '00:02:17', 5, 950),
	('2020-01-21', 461, 224, 'Cazador', 38, '00:02:20', 6, 900),
	('2020-01-21', 462, 348, 'Cazador', 38, '00:02:22', 7, 850),
	('2020-01-21', 463, 43, 'Cazador', 38, '00:02:24', 8, 800),
	('2020-01-21', 464, 258, 'Cazador', 38, '00:02:24', 9, 750),
	('2020-01-21', 465, 215, 'Cazador', 38, '00:02:25', 10, 700),
	('2020-01-29', 361, 277, 'Cazador', 47, '00:01:55', 1, 1200),
	('2020-01-29', 362, 292, 'Cazador', 47, '00:01:59', 2, 1150),
	('2020-01-29', 363, 15, 'Cazador', 47, '00:02:01', 3, 1100),
	('2020-01-29', 364, 139, 'Cazador', 47, '00:02:01', 4, 1000),
	('2020-01-29', 365, 264, 'Cazador', 47, '00:02:03', 5, 950),
	('2020-01-29', 366, 212, 'Cazador', 47, '00:02:04', 6, 900),
	('2020-01-29', 367, 354, 'Cazador', 47, '00:02:05', 7, 850),
	('2020-01-29', 368, 433, 'Cazador', 47, '00:02:11', 8, 800),
	('2020-01-29', 369, 276, 'Cazador', 47, '00:02:14', 9, 750),
	('2020-01-29', 370, 348, 'Cazador', 47, '00:02:14', 10, 700),
	('2020-01-31', 528, 95, 'Récord de Velocidad', 22, '00:02:25', 1, 1500),
	('2020-01-31', 529, 229, 'Récord de Velocidad', 22, '00:02:28', 2, 1400),
	('2020-01-31', 530, 55, 'Récord de Velocidad', 22, '00:02:28', 3, 1300),
	('2020-01-31', 531, 181, 'Récord de Velocidad', 22, '00:02:33', 4, 1200),
	('2020-01-31', 532, 351, 'Récord de Velocidad', 22, '00:02:40', 5, 1100),
	('2020-01-31', 533, 312, 'Récord de Velocidad', 22, '00:03:08', 6, 1000),
	('2020-01-31', 534, 17, 'Récord de Velocidad', 22, '00:03:12', 7, 950),
	('2020-01-31', 535, 27, 'Récord de Velocidad', 22, '00:03:13', 8, 850),
	('2020-01-31', 536, 128, 'Récord de Velocidad', 22, '00:03:19', 9, 750),
	('2020-01-31', 537, 10, 'Récord de Velocidad', 22, '00:03:26', 10, 700),
	('2020-02-02', 981, 272, 'Uno contra Uno', 45, '00:02:31', 1, 600),
	('2020-02-02', 982, 348, 'Uno contra Uno', 45, '00:02:33', 2, 523),
	('2020-02-05', 886, 331, 'Uno contra Uno', 37, '00:01:50', 1, 600),
	('2020-02-05', 887, 441, 'Uno contra Uno', 37, '00:02:03', 2, 523),
	('2020-02-14', 741, 35, 'Cazador', 42, '00:02:59', 1, 1200),
	('2020-02-14', 742, 372, 'Cazador', 42, '00:03:00', 2, 1150),
	('2020-02-14', 743, 366, 'Cazador', 42, '00:03:08', 3, 1100),
	('2020-02-14', 744, 277, 'Cazador', 42, '00:03:08', 4, 1000),
	('2020-02-14', 745, 337, 'Cazador', 42, '00:03:08', 5, 950),
	('2020-02-14', 746, 22, 'Cazador', 42, '00:03:09', 6, 900),
	('2020-02-14', 747, 344, 'Cazador', 42, '00:03:12', 7, 850),
	('2020-02-14', 748, 266, 'Cazador', 42, '00:03:12', 8, 800),
	('2020-02-14', 749, 328, 'Cazador', 42, '00:03:14', 9, 750),
	('2020-02-14', 750, 40, 'Cazador', 42, '00:03:18', 10, 700),
	('2020-03-01', 908, 346, 'Récord de Velocidad', 49, '00:01:16', 1, 1500),
	('2020-03-01', 909, 122, 'Récord de Velocidad', 49, '00:01:24', 2, 1400),
	('2020-03-01', 910, 241, 'Récord de Velocidad', 49, '00:01:31', 3, 1300),
	('2020-03-01', 911, 323, 'Récord de Velocidad', 49, '00:01:42', 4, 1200),
	('2020-03-01', 912, 268, 'Récord de Velocidad', 49, '00:01:43', 5, 1100),
	('2020-03-01', 913, 336, 'Récord de Velocidad', 49, '00:01:45', 6, 1000),
	('2020-03-01', 914, 121, 'Récord de Velocidad', 49, '00:01:54', 7, 950),
	('2020-03-01', 915, 415, 'Récord de Velocidad', 49, '00:01:56', 8, 850),
	('2020-03-01', 916, 239, 'Récord de Velocidad', 49, '00:02:01', 9, 750),
	('2020-03-01', 917, 100, 'Récord de Velocidad', 49, '00:02:15', 10, 700),
	('2020-03-21', 1, 438, 'Copa', 9, '00:01:17', 1, 3000),
	('2020-03-21', 2, 310, 'Copa', 9, '00:01:19', 2, 2988),
	('2020-03-21', 3, 220, 'Copa', 9, '00:02:41', 3, 2896),
	('2020-03-21', 4, 421, 'Copa', 9, '00:02:54', 4, 2751),
	('2020-03-21', 5, 449, 'Copa', 9, '00:03:22', 5, 2742),
	('2020-03-21', 6, 346, 'Copa', 9, '00:03:44', 6, 2654),
	('2020-03-21', 7, 172, 'Copa', 9, '00:03:51', 7, 2541),
	('2020-03-21', 8, 7, 'Copa', 9, '00:03:54', 8, 2498),
	('2020-03-21', 9, 152, 'Copa', 9, '00:03:56', 9, 2365),
	('2020-03-21', 10, 382, 'Copa', 9, '00:04:14', 10, 2344),
	('2020-03-21', 11, 180, 'Copa', 9, '00:04:52', 11, 2299),
	('2020-03-21', 12, 170, 'Copa', 9, '00:05:40', 12, 2123),
	('2020-03-21', 13, 151, 'Copa', 9, '00:06:15', 13, 2025),
	('2020-03-21', 14, 73, 'Copa', 9, '00:07:03', 14, 1968),
	('2020-03-21', 15, 109, 'Copa', 9, '00:07:41', 15, 1896),
	('2020-03-21', 16, 401, 'Copa', 9, '00:08:52', 16, 1756),
	('2020-03-21', 17, 262, 'Copa', 9, '00:11:30', 17, 1698),
	('2020-03-21', 18, 45, 'Copa', 9, '00:12:01', 18, 1598),
	('2020-03-21', 19, 430, 'Copa', 9, '00:12:36', 19, 1462),
	('2020-03-21', 20, 252, 'Copa', 9, '00:13:19', 20, 1354),
	('2020-03-21', 21, 218, 'Copa', 9, '00:14:22', 21, 1203),
	('2020-03-21', 22, 261, 'Copa', 9, '00:14:32', 22, 1054),
	('2020-03-24', 688, 448, 'Eliminación', 48, '00:02:40', 1, 2000),
	('2020-03-24', 689, 323, 'Eliminación', 48, '00:02:20', 2, 1954),
	('2020-03-24', 690, 211, 'Eliminación', 48, '00:02:00', 3, 1752),
	('2020-03-24', 691, 308, 'Eliminación', 48, '00:01:40', 4, 1423),
	('2020-03-24', 692, 130, 'Eliminación', 48, '00:01:20', 5, 1236),
	('2020-03-24', 693, 346, 'Eliminación', 48, '00:01:00', 6, 1159),
	('2020-03-24', 694, 227, 'Eliminación', 48, '00:00:40', 7, 985),
	('2020-03-24', 695, 369, 'Eliminación', 48, '00:00:20', 8, 758),
	('2020-03-30', 738, 357, 'Carrera de Aceleración', 44, '00:00:22', 1, 1000),
	('2020-03-30', 739, 230, 'Carrera de Aceleración', 44, '00:00:26', 2, 850),
	('2020-03-30', 740, 213, 'Carrera de Aceleración', 44, '00:00:26', 3, 600),
	('2020-04-09', 63, 410, 'Velocidad Instantánea', 20, '00:01:01', 1, 1822),
	('2020-04-09', 64, 322, 'Velocidad Instantánea', 20, '00:01:05', 2, 1745),
	('2020-04-09', 65, 263, 'Velocidad Instantánea', 20, '00:01:07', 3, 1654),
	('2020-04-09', 66, 7, 'Velocidad Instantánea', 20, '00:01:15', 4, 1520),
	('2020-04-09', 67, 345, 'Velocidad Instantánea', 20, '00:01:16', 5, 1420),
	('2020-04-09', 68, 151, 'Velocidad Instantánea', 20, '00:01:18', 6, 1389),
	('2020-04-09', 69, 372, 'Velocidad Instantánea', 20, '00:01:20', 7, 1285),
	('2020-04-09', 70, 408, 'Velocidad Instantánea', 20, '00:01:24', 8, 1100),
	('2020-04-09', 71, 138, 'Velocidad Instantánea', 20, '00:01:25', 9, 895),
	('2020-04-09', 72, 99, 'Velocidad Instantánea', 20, '00:01:26', 10, 562),
	('2020-05-03', 941, 427, 'Contrarreloj', 22, '00:02:31', 1, 1000),
	('2020-05-03', 942, 296, 'Contrarreloj', 22, '00:02:32', 2, 950),
	('2020-05-03', 943, 92, 'Contrarreloj', 22, '00:02:38', 3, 900),
	('2020-05-03', 944, 25, 'Contrarreloj', 22, '00:02:40', 4, 850),
	('2020-05-03', 945, 263, 'Contrarreloj', 22, '00:02:47', 5, 800),
	('2020-05-03', 946, 440, 'Contrarreloj', 22, '00:02:52', 6, 750),
	('2020-05-03', 947, 309, 'Contrarreloj', 22, '00:02:58', 7, 700),
	('2020-05-03', 948, 178, 'Contrarreloj', 22, '00:03:02', 8, 650),
	('2020-05-03', 949, 96, 'Contrarreloj', 22, '00:03:09', 9, 600),
	('2020-05-03', 950, 433, 'Contrarreloj', 22, '00:03:15', 10, 550),
	('2020-05-08', 221, 255, 'Uno contra Uno', 42, '00:01:03', 1, 600),
	('2020-05-08', 222, 447, 'Uno contra Uno', 42, '00:01:07', 2, 523),
	('2020-05-19', 43, 269, 'Resistencia', 42, '00:08:50', 1, 2600),
	('2020-05-19', 44, 65, 'Resistencia', 42, '00:08:52', 2, 2510),
	('2020-05-19', 45, 435, 'Resistencia', 42, '00:08:56', 3, 2345),
	('2020-05-19', 46, 212, 'Resistencia', 42, '00:09:25', 4, 2254),
	('2020-05-19', 47, 191, 'Resistencia', 42, '00:09:33', 5, 2241),
	('2020-05-19', 48, 116, 'Resistencia', 42, '00:09:37', 6, 2203),
	('2020-05-19', 49, 249, 'Resistencia', 42, '00:09:37', 7, 1540),
	('2020-05-19', 50, 229, 'Resistencia', 42, '00:09:44', 8, 1890),
	('2020-05-19', 51, 443, 'Resistencia', 42, '00:09:50', 9, 1874),
	('2020-05-19', 52, 369, 'Resistencia', 42, '00:09:55', 10, 1600),
	('2020-05-22', 973, 394, 'Eliminación', 25, '00:02:40', 1, 2000),
	('2020-05-22', 974, 99, 'Eliminación', 25, '00:02:20', 2, 1954),
	('2020-05-22', 975, 180, 'Eliminación', 25, '00:02:00', 3, 1752),
	('2020-05-22', 976, 397, 'Eliminación', 25, '00:01:40', 4, 1423),
	('2020-05-22', 977, 222, 'Eliminación', 25, '00:01:20', 5, 1236),
	('2020-05-22', 978, 168, 'Eliminación', 25, '00:01:00', 6, 1159),
	('2020-05-22', 979, 80, 'Eliminación', 25, '00:00:40', 7, 985),
	('2020-05-22', 980, 199, 'Eliminación', 25, '00:00:20', 8, 758),
	('2020-05-24', 603, 94, 'Autocross', 13, '00:00:37', 1, 1500),
	('2020-05-24', 604, 27, 'Autocross', 13, '00:00:45', 2, 1450),
	('2020-05-24', 605, 79, 'Autocross', 13, '00:00:47', 3, 1400),
	('2020-05-24', 606, 100, 'Autocross', 13, '00:00:50', 4, 1350),
	('2020-05-24', 607, 61, 'Autocross', 13, '00:00:51', 5, 1320),
	('2020-05-24', 608, 431, 'Autocross', 13, '00:00:53', 6, 1263),
	('2020-05-24', 609, 87, 'Autocross', 13, '00:00:59', 7, 1223),
	('2020-05-24', 610, 16, 'Autocross', 13, '00:01:04', 8, 1125),
	('2020-05-24', 611, 259, 'Autocross', 13, '00:01:11', 9, 1063),
	('2020-05-24', 612, 256, 'Autocross', 13, '00:01:29', 10, 980),
	('2020-05-25', 318, 421, 'Autocross', 8, '00:01:10', 1, 1500),
	('2020-05-25', 319, 6, 'Autocross', 8, '00:01:24', 2, 1450),
	('2020-05-25', 320, 153, 'Autocross', 8, '00:01:28', 3, 1400),
	('2020-05-25', 321, 440, 'Autocross', 8, '00:01:37', 4, 1350),
	('2020-05-25', 322, 99, 'Autocross', 8, '00:01:45', 5, 1320),
	('2020-05-25', 323, 446, 'Autocross', 8, '00:01:52', 6, 1263),
	('2020-05-25', 324, 334, 'Autocross', 8, '00:02:22', 7, 1223),
	('2020-05-25', 325, 53, 'Autocross', 8, '00:02:34', 8, 1125),
	('2020-05-25', 326, 69, 'Autocross', 8, '00:02:45', 9, 1063),
	('2020-05-25', 327, 259, 'Autocross', 8, '00:03:00', 10, 980),
	('2020-05-28', 263, 131, 'Carrera de Aceleración', 30, '00:00:33', 1, 1000),
	('2020-05-28', 264, 277, 'Carrera de Aceleración', 30, '00:00:34', 2, 850),
	('2020-05-28', 265, 169, 'Carrera de Aceleración', 30, '00:00:49', 3, 600),
	('2020-06-08', 333, 253, 'Contrarreloj', 10, '00:03:15', 10, 550),
	('2020-06-08', 666, 174, 'Contrarreloj', 10, '00:03:09', 9, 600),
	('2020-06-08', 993, 195, 'Contrarreloj', 10, '00:02:31', 1, 1000),
	('2020-06-08', 994, 226, 'Contrarreloj', 10, '00:02:32', 2, 950),
	('2020-06-08', 995, 120, 'Contrarreloj', 10, '00:02:38', 3, 900),
	('2020-06-08', 996, 375, 'Contrarreloj', 10, '00:02:40', 4, 850),
	('2020-06-08', 997, 358, 'Contrarreloj', 10, '00:02:47', 5, 800),
	('2020-06-08', 998, 364, 'Contrarreloj', 10, '00:02:52', 6, 750),
	('2020-06-08', 999, 97, 'Contrarreloj', 10, '00:02:58', 7, 700),
	('2020-06-08', 1000, 167, 'Contrarreloj', 10, '00:03:02', 8, 650),
	('2020-06-21', 836, 195, 'Cazador', 24, '00:01:42', 1, 1200),
	('2020-06-21', 837, 88, 'Cazador', 24, '00:01:59', 2, 1150),
	('2020-06-21', 838, 378, 'Cazador', 24, '00:02:04', 3, 1100),
	('2020-06-21', 839, 73, 'Cazador', 24, '00:02:15', 4, 1000),
	('2020-06-21', 840, 429, 'Cazador', 24, '00:02:16', 5, 950),
	('2020-06-21', 841, 58, 'Cazador', 24, '00:02:17', 6, 900),
	('2020-06-21', 842, 121, 'Cazador', 24, '00:02:20', 7, 850),
	('2020-06-21', 843, 68, 'Cazador', 24, '00:02:21', 8, 800),
	('2020-06-21', 844, 354, 'Cazador', 24, '00:02:23', 9, 750),
	('2020-06-21', 845, 328, 'Cazador', 24, '00:02:27', 10, 700),
	('2020-06-28', 413, 377, 'Autocross', 33, '00:02:01', 1, 1500),
	('2020-06-28', 414, 207, 'Autocross', 33, '00:02:11', 2, 1450),
	('2020-06-28', 415, 148, 'Autocross', 33, '00:02:14', 3, 1400),
	('2020-06-28', 416, 250, 'Autocross', 33, '00:02:16', 4, 1350),
	('2020-06-28', 417, 169, 'Autocross', 33, '00:02:20', 5, 1320),
	('2020-06-28', 418, 397, 'Autocross', 33, '00:02:25', 6, 1263),
	('2020-06-28', 419, 154, 'Autocross', 33, '00:02:29', 7, 1223),
	('2020-06-28', 420, 119, 'Autocross', 33, '00:02:40', 8, 1125),
	('2020-06-28', 421, 23, 'Autocross', 33, '00:02:46', 9, 1063),
	('2020-06-28', 422, 231, 'Autocross', 33, '00:02:48', 10, 980),
	('2020-07-22', 918, 267, 'Velocidad Instantánea', 5, '00:01:35', 1, 1822),
	('2020-07-22', 919, 36, 'Velocidad Instantánea', 5, '00:01:37', 2, 1745),
	('2020-07-22', 920, 98, 'Velocidad Instantánea', 5, '00:01:40', 3, 1654),
	('2020-07-22', 921, 217, 'Velocidad Instantánea', 5, '00:01:43', 4, 1520),
	('2020-07-22', 922, 78, 'Velocidad Instantánea', 5, '00:01:44', 5, 1420),
	('2020-07-22', 923, 299, 'Velocidad Instantánea', 5, '00:01:47', 6, 1389),
	('2020-07-22', 924, 74, 'Velocidad Instantánea', 5, '00:01:48', 7, 1285),
	('2020-07-22', 925, 164, 'Velocidad Instantánea', 5, '00:01:49', 8, 1100),
	('2020-07-22', 926, 101, 'Velocidad Instantánea', 5, '00:01:50', 9, 895),
	('2020-07-22', 927, 73, 'Velocidad Instantánea', 5, '00:01:50', 10, 562),
	('2020-08-04', 656, 113, 'Contrarreloj', 15, '00:03:05', 1, 1000),
	('2020-08-04', 657, 427, 'Contrarreloj', 15, '00:03:09', 2, 950),
	('2020-08-04', 658, 75, 'Contrarreloj', 15, '00:03:12', 3, 900),
	('2020-08-04', 659, 415, 'Contrarreloj', 15, '00:03:17', 4, 850),
	('2020-08-04', 660, 322, 'Contrarreloj', 15, '00:03:21', 5, 800),
	('2020-08-04', 661, 46, 'Contrarreloj', 15, '00:03:25', 6, 750),
	('2020-08-04', 662, 450, 'Contrarreloj', 15, '00:03:45', 7, 700),
	('2020-08-04', 663, 194, 'Contrarreloj', 15, '00:03:50', 8, 650),
	('2020-08-04', 664, 14, 'Contrarreloj', 15, '00:03:52', 9, 600),
	('2020-08-04', 665, 149, 'Contrarreloj', 15, '00:03:57', 10, 550),
	('2020-08-09', 433, 349, 'Récord de Velocidad', 4, '00:03:21', 1, 1500),
	('2020-08-09', 434, 109, 'Récord de Velocidad', 4, '00:03:25', 2, 1400),
	('2020-08-09', 435, 9, 'Récord de Velocidad', 4, '00:03:25', 3, 1300),
	('2020-08-09', 436, 394, 'Récord de Velocidad', 4, '00:03:56', 4, 1200),
	('2020-08-09', 437, 156, 'Récord de Velocidad', 4, '00:03:57', 5, 1100),
	('2020-08-09', 438, 16, 'Récord de Velocidad', 4, '00:03:58', 6, 1000),
	('2020-08-09', 439, 7, 'Récord de Velocidad', 4, '00:04:02', 7, 950),
	('2020-08-09', 440, 260, 'Récord de Velocidad', 4, '00:04:18', 8, 850),
	('2020-08-09', 441, 25, 'Récord de Velocidad', 4, '00:04:25', 9, 750),
	('2020-08-09', 442, 444, 'Récord de Velocidad', 4, '00:04:28', 10, 700),
	('2020-08-14', 266, 88, 'Cazador', 25, '00:01:43', 1, 1200),
	('2020-08-14', 267, 148, 'Cazador', 25, '00:01:45', 2, 1150),
	('2020-08-14', 268, 380, 'Cazador', 25, '00:01:46', 3, 1100),
	('2020-08-14', 269, 414, 'Cazador', 25, '00:01:47', 4, 1000),
	('2020-08-14', 270, 54, 'Cazador', 25, '00:01:49', 5, 950),
	('2020-08-14', 271, 356, 'Cazador', 25, '00:01:49', 6, 900),
	('2020-08-14', 272, 112, 'Cazador', 25, '00:01:52', 7, 850),
	('2020-08-14', 273, 449, 'Cazador', 25, '00:01:53', 8, 800),
	('2020-08-14', 274, 394, 'Cazador', 25, '00:01:54', 9, 750),
	('2020-08-14', 275, 36, 'Cazador', 25, '00:01:54', 10, 700),
	('2020-08-17', 646, 327, 'Cazador', 13, '00:03:56', 1, 1200),
	('2020-08-17', 647, 19, 'Cazador', 13, '00:03:57', 2, 1150),
	('2020-08-17', 648, 255, 'Cazador', 13, '00:04:00', 3, 1100),
	('2020-08-17', 649, 248, 'Cazador', 13, '00:04:04', 4, 1000),
	('2020-08-17', 650, 208, 'Cazador', 13, '00:04:06', 5, 950),
	('2020-08-17', 651, 197, 'Cazador', 13, '00:04:09', 6, 900),
	('2020-08-17', 652, 252, 'Cazador', 13, '00:04:13', 7, 850),
	('2020-08-17', 653, 267, 'Cazador', 13, '00:04:15', 8, 800),
	('2020-08-17', 654, 434, 'Cazador', 13, '00:04:21', 9, 750),
	('2020-08-17', 655, 257, 'Cazador', 13, '00:04:24', 10, 700),
	('2020-09-26', 348, 36, 'Velocidad Instantánea', 42, '00:00:51', 1, 1822),
	('2020-09-26', 349, 255, 'Velocidad Instantánea', 42, '00:00:52', 2, 1745),
	('2020-09-26', 350, 122, 'Velocidad Instantánea', 42, '00:00:52', 3, 1654),
	('2020-09-26', 351, 71, 'Velocidad Instantánea', 42, '00:00:52', 4, 1520),
	('2020-09-26', 352, 369, 'Velocidad Instantánea', 42, '00:00:53', 5, 1420),
	('2020-09-26', 353, 372, 'Velocidad Instantánea', 42, '00:00:54', 6, 1389),
	('2020-09-26', 354, 278, 'Velocidad Instantánea', 42, '00:00:54', 7, 1285),
	('2020-09-26', 355, 296, 'Velocidad Instantánea', 42, '00:00:57', 8, 1100),
	('2020-09-26', 356, 388, 'Velocidad Instantánea', 42, '00:00:58', 9, 895),
	('2020-09-26', 357, 170, 'Velocidad Instantánea', 42, '00:01:00', 10, 562),
	('2020-09-28', 623, 118, 'Récord de Velocidad', 17, '00:01:35', 1, 1500),
	('2020-09-28', 624, 449, 'Récord de Velocidad', 17, '00:01:46', 2, 1400),
	('2020-09-28', 625, 92, 'Récord de Velocidad', 17, '00:01:49', 3, 1300),
	('2020-09-28', 626, 75, 'Récord de Velocidad', 17, '00:01:53', 4, 1200),
	('2020-09-28', 627, 258, 'Récord de Velocidad', 17, '00:01:56', 5, 1100),
	('2020-09-28', 628, 388, 'Récord de Velocidad', 17, '00:01:56', 6, 1000),
	('2020-09-28', 629, 70, 'Récord de Velocidad', 17, '00:02:01', 7, 950),
	('2020-09-28', 630, 197, 'Récord de Velocidad', 17, '00:02:04', 8, 850),
	('2020-09-28', 631, 91, 'Récord de Velocidad', 17, '00:02:22', 9, 750),
	('2020-09-28', 632, 429, 'Récord de Velocidad', 17, '00:02:27', 10, 700),
	('2020-10-03', 128, 17, 'Autocross', 10, '00:00:58', 1, 1500),
	('2020-10-03', 129, 408, 'Autocross', 10, '00:00:58', 2, 1450),
	('2020-10-03', 130, 322, 'Autocross', 10, '00:01:24', 3, 1400),
	('2020-10-03', 131, 328, 'Autocross', 10, '00:01:26', 4, 1350),
	('2020-10-03', 132, 227, 'Autocross', 10, '00:01:29', 5, 1320),
	('2020-10-03', 133, 182, 'Autocross', 10, '00:01:40', 6, 1263),
	('2020-10-03', 134, 148, 'Autocross', 10, '00:01:44', 7, 1223),
	('2020-10-03', 135, 413, 'Autocross', 10, '00:01:49', 8, 1125),
	('2020-10-03', 136, 280, 'Autocross', 10, '00:01:52', 9, 1063),
	('2020-10-03', 137, 163, 'Autocross', 10, '00:01:59', 10, 980),
	('2020-10-06', 751, 195, 'Contrarreloj', 47, '00:02:00', 1, 1000),
	('2020-10-06', 752, 25, 'Contrarreloj', 47, '00:02:07', 2, 950),
	('2020-10-06', 753, 276, 'Contrarreloj', 47, '00:02:13', 3, 900),
	('2020-10-06', 754, 408, 'Contrarreloj', 47, '00:02:14', 4, 850),
	('2020-10-06', 755, 203, 'Contrarreloj', 47, '00:02:28', 5, 800),
	('2020-10-06', 756, 24, 'Contrarreloj', 47, '00:02:31', 6, 750),
	('2020-10-06', 757, 390, 'Contrarreloj', 47, '00:02:33', 7, 700),
	('2020-10-06', 758, 352, 'Contrarreloj', 47, '00:02:38', 8, 650),
	('2020-10-06', 759, 206, 'Contrarreloj', 47, '00:02:41', 9, 600),
	('2020-10-06', 760, 434, 'Contrarreloj', 47, '00:02:48', 10, 550),
	('2020-10-20', 453, 283, 'Carrera de Aceleración', 19, '00:01:31', 1, 1000),
	('2020-10-20', 454, 338, 'Carrera de Aceleración', 19, '00:01:36', 2, 850),
	('2020-10-20', 455, 348, 'Carrera de Aceleración', 19, '00:01:43', 3, 600),
	('2020-10-26', 791, 393, 'Uno contra Uno', 1, '00:01:17', 1, 600),
	('2020-10-26', 792, 259, 'Uno contra Uno', 1, '00:01:21', 2, 523),
	('2020-11-21', 803, 128, 'Resistencia', 23, '00:06:18', 1, 2600),
	('2020-11-21', 804, 121, 'Resistencia', 23, '00:06:19', 2, 2510),
	('2020-11-21', 805, 413, 'Resistencia', 23, '00:06:36', 3, 2345),
	('2020-11-21', 806, 363, 'Resistencia', 23, '00:06:57', 4, 2254),
	('2020-11-21', 807, 66, 'Resistencia', 23, '00:07:00', 5, 2241),
	('2020-11-21', 808, 209, 'Resistencia', 23, '00:07:24', 6, 2203),
	('2020-11-21', 809, 437, 'Resistencia', 23, '00:07:33', 7, 1540),
	('2020-11-21', 810, 366, 'Resistencia', 23, '00:07:34', 8, 1890),
	('2020-11-21', 811, 371, 'Resistencia', 23, '00:07:46', 9, 1874),
	('2020-11-21', 812, 199, 'Resistencia', 23, '00:07:58', 10, 1600),
	('2020-12-02', 813, 199, 'Récord de Velocidad', 43, '00:04:30', 1, 1500),
	('2020-12-02', 814, 386, 'Récord de Velocidad', 43, '00:04:30', 2, 1400),
	('2020-12-02', 815, 207, 'Récord de Velocidad', 43, '00:04:38', 3, 1300),
	('2020-12-02', 816, 328, 'Récord de Velocidad', 43, '00:04:39', 4, 1200),
	('2020-12-02', 817, 340, 'Récord de Velocidad', 43, '00:04:44', 5, 1100),
	('2020-12-02', 818, 447, 'Récord de Velocidad', 43, '00:04:50', 6, 1000),
	('2020-12-02', 819, 314, 'Récord de Velocidad', 43, '00:04:51', 7, 950),
	('2020-12-02', 820, 374, 'Récord de Velocidad', 43, '00:05:04', 8, 850),
	('2020-12-02', 821, 383, 'Récord de Velocidad', 43, '00:05:19', 9, 750),
	('2020-12-02', 822, 336, 'Récord de Velocidad', 43, '00:05:24', 10, 700),
	('2020-12-03', 73, 177, 'Carrera de Aceleración', 10, '00:00:41', 1, 1000),
	('2020-12-03', 74, 102, 'Carrera de Aceleración', 10, '00:00:43', 2, 850),
	('2020-12-03', 75, 218, 'Carrera de Aceleración', 10, '00:00:32', 3, 600),
	('2020-12-04', 571, 445, 'Copa', 41, '00:11:59', 1, 3000),
	('2020-12-04', 572, 373, 'Copa', 41, '00:14:56', 2, 2988),
	('2020-12-04', 573, 350, 'Copa', 41, '00:15:16', 3, 2896),
	('2020-12-04', 574, 281, 'Copa', 41, '00:16:13', 4, 2751),
	('2020-12-04', 575, 71, 'Copa', 41, '00:16:51', 5, 2742),
	('2020-12-04', 576, 415, 'Copa', 41, '00:18:04', 6, 2654),
	('2020-12-04', 577, 439, 'Copa', 41, '00:19:36', 7, 2541),
	('2020-12-04', 578, 256, 'Copa', 41, '00:20:02', 8, 2498),
	('2020-12-04', 579, 103, 'Copa', 41, '00:20:39', 9, 2365),
	('2020-12-04', 580, 273, 'Copa', 41, '00:24:45', 10, 2344),
	('2020-12-04', 581, 6, 'Copa', 41, '00:26:06', 11, 2299),
	('2020-12-04', 582, 146, 'Copa', 41, '00:26:34', 12, 2123),
	('2020-12-04', 583, 354, 'Copa', 41, '00:27:12', 13, 2025),
	('2020-12-04', 584, 395, 'Copa', 41, '00:27:13', 14, 1968),
	('2020-12-04', 585, 183, 'Copa', 41, '00:28:05', 15, 1896),
	('2020-12-04', 586, 148, 'Copa', 41, '00:28:46', 16, 1756),
	('2020-12-04', 587, 115, 'Copa', 41, '00:30:13', 17, 1698),
	('2020-12-04', 588, 127, 'Copa', 41, '00:35:13', 18, 1598),
	('2020-12-04', 589, 48, 'Copa', 41, '00:35:59', 19, 1462),
	('2020-12-04', 590, 22, 'Copa', 41, '00:37:26', 20, 1354),
	('2020-12-04', 591, 27, 'Copa', 41, '00:38:22', 21, 1203),
	('2020-12-04', 592, 263, 'Copa', 41, '00:39:43', 22, 1054),
	('2020-12-05', 76, 115, 'Cazador', 32, '00:00:45', 1, 1200),
	('2020-12-05', 77, 219, 'Cazador', 32, '00:00:46', 2, 1150),
	('2020-12-05', 78, 211, 'Cazador', 32, '00:00:47', 3, 1100),
	('2020-12-05', 79, 177, 'Cazador', 32, '00:01:03', 4, 1000),
	('2020-12-05', 80, 178, 'Cazador', 32, '00:01:05', 5, 950),
	('2020-12-05', 81, 209, 'Cazador', 32, '00:01:07', 6, 900),
	('2020-12-05', 82, 447, 'Cazador', 32, '00:01:07', 7, 850),
	('2020-12-05', 83, 383, 'Cazador', 32, '00:01:08', 8, 800),
	('2020-12-05', 84, 14, 'Cazador', 32, '00:01:14', 9, 750),
	('2020-12-05', 85, 339, 'Cazador', 32, '00:01:25', 10, 700),
	('2020-12-06', 443, 231, 'Velocidad Instantánea', 40, '00:01:47', 1, 1822),
	('2020-12-06', 444, 432, 'Velocidad Instantánea', 40, '00:01:48', 2, 1745),
	('2020-12-06', 445, 71, 'Velocidad Instantánea', 40, '00:01:52', 3, 1654),
	('2020-12-06', 446, 64, 'Velocidad Instantánea', 40, '00:01:52', 4, 1520),
	('2020-12-06', 447, 20, 'Velocidad Instantánea', 40, '00:01:53', 5, 1420),
	('2020-12-06', 448, 229, 'Velocidad Instantánea', 40, '00:01:57', 6, 1389),
	('2020-12-06', 449, 438, 'Velocidad Instantánea', 40, '00:01:58', 7, 1285),
	('2020-12-06', 450, 265, 'Velocidad Instantánea', 40, '00:01:58', 8, 1100),
	('2020-12-06', 451, 287, 'Velocidad Instantánea', 40, '00:02:00', 9, 895),
	('2020-12-06', 452, 447, 'Velocidad Instantánea', 40, '00:02:00', 10, 562),
	('2020-12-12', 551, 192, 'Cazador', 28, '00:02:54', 1, 1200),
	('2020-12-12', 552, 221, 'Cazador', 28, '00:02:59', 2, 1150),
	('2020-12-12', 553, 27, 'Cazador', 28, '00:03:00', 3, 1100),
	('2020-12-12', 554, 133, 'Cazador', 28, '00:03:00', 4, 1000),
	('2020-12-12', 555, 273, 'Cazador', 28, '00:03:10', 5, 950),
	('2020-12-12', 556, 73, 'Cazador', 28, '00:03:11', 6, 900),
	('2020-12-12', 557, 217, 'Cazador', 28, '00:03:12', 7, 850),
	('2020-12-12', 558, 46, 'Cazador', 28, '00:03:13', 8, 800),
	('2020-12-12', 559, 338, 'Cazador', 28, '00:03:21', 9, 750),
	('2020-12-12', 560, 149, 'Cazador', 28, '00:03:23', 10, 700),
	('2020-12-13', 498, 449, 'Eliminación', 50, '00:02:40', 1, 2000),
	('2020-12-13', 499, 389, 'Eliminación', 50, '00:02:20', 2, 1954),
	('2020-12-13', 500, 33, 'Eliminación', 50, '00:02:00', 3, 1752),
	('2020-12-13', 501, 348, 'Eliminación', 50, '00:01:40', 4, 1423),
	('2020-12-13', 502, 101, 'Eliminación', 50, '00:01:20', 5, 1236),
	('2020-12-13', 503, 113, 'Eliminación', 50, '00:01:00', 6, 1159),
	('2020-12-13', 504, 34, 'Eliminación', 50, '00:00:40', 7, 985),
	('2020-12-13', 505, 320, 'Eliminación', 50, '00:00:20', 8, 758),
	('2020-12-19', 898, 347, 'Resistencia', 21, '00:08:08', 1, 2600),
	('2020-12-19', 899, 326, 'Resistencia', 21, '00:08:15', 2, 2510),
	('2020-12-19', 900, 382, 'Resistencia', 21, '00:08:25', 3, 2345),
	('2020-12-19', 901, 352, 'Resistencia', 21, '00:08:25', 4, 2254),
	('2020-12-19', 902, 379, 'Resistencia', 21, '00:08:49', 5, 2241),
	('2020-12-19', 903, 155, 'Resistencia', 21, '00:09:19', 6, 2203),
	('2020-12-19', 904, 23, 'Resistencia', 21, '00:09:34', 7, 1540),
	('2020-12-19', 905, 431, 'Resistencia', 21, '00:09:37', 8, 1890),
	('2020-12-19', 906, 104, 'Resistencia', 21, '00:09:37', 9, 1874),
	('2020-12-19', 907, 62, 'Resistencia', 21, '00:09:50', 10, 1600),
	('2020-12-29', 698, 167, 'Autocross', 36, '00:01:43', 1, 1500),
	('2020-12-29', 699, 254, 'Autocross', 36, '00:01:46', 2, 1450),
	('2020-12-29', 700, 191, 'Autocross', 36, '00:01:48', 3, 1400),
	('2020-12-29', 701, 10, 'Autocross', 36, '00:01:48', 4, 1350),
	('2020-12-29', 702, 162, 'Autocross', 36, '00:01:49', 5, 1320),
	('2020-12-29', 703, 296, 'Autocross', 36, '00:01:59', 6, 1263),
	('2020-12-29', 704, 229, 'Autocross', 36, '00:02:00', 7, 1223),
	('2020-12-29', 705, 232, 'Autocross', 36, '00:02:05', 8, 1125),
	('2020-12-29', 706, 108, 'Autocross', 36, '00:02:13', 9, 1063),
	('2020-12-29', 707, 408, 'Autocross', 36, '00:02:28', 10, 980),
	('2020-12-31', 358, 329, 'Carrera de Aceleración', 47, '00:00:34', 1, 1000),
	('2020-12-31', 359, 241, 'Carrera de Aceleración', 47, '00:00:37', 2, 850),
	('2020-12-31', 360, 52, 'Carrera de Aceleración', 47, '00:00:56', 3, 600),
	('2021-01-03', 508, 22, 'Autocross', 28, '00:01:05', 1, 1500),
	('2021-01-03', 509, 43, 'Autocross', 28, '00:01:09', 2, 1450),
	('2021-01-03', 510, 437, 'Autocross', 28, '00:01:31', 3, 1400),
	('2021-01-03', 511, 333, 'Autocross', 28, '00:01:34', 4, 1350),
	('2021-01-03', 512, 243, 'Autocross', 28, '00:01:36', 5, 1320),
	('2021-01-03', 513, 312, 'Autocross', 28, '00:01:49', 6, 1263),
	('2021-01-03', 514, 147, 'Autocross', 28, '00:02:20', 7, 1223),
	('2021-01-03', 515, 5, 'Autocross', 28, '00:02:22', 8, 1125),
	('2021-01-03', 516, 211, 'Autocross', 28, '00:02:22', 9, 1063),
	('2021-01-03', 517, 302, 'Autocross', 28, '00:02:27', 10, 980),
	('2021-01-05', 983, 403, 'Autocross', 33, '00:01:45', 1, 1500),
	('2021-01-05', 984, 364, 'Autocross', 33, '00:01:49', 2, 1450),
	('2021-01-05', 985, 99, 'Autocross', 33, '00:01:52', 3, 1400),
	('2021-01-05', 986, 217, 'Autocross', 33, '00:01:53', 4, 1350),
	('2021-01-05', 987, 203, 'Autocross', 33, '00:02:03', 5, 1320),
	('2021-01-05', 988, 110, 'Autocross', 33, '00:02:10', 6, 1263),
	('2021-01-05', 989, 160, 'Autocross', 33, '00:02:12', 7, 1223),
	('2021-01-05', 990, 179, 'Autocross', 33, '00:02:31', 8, 1125),
	('2021-01-05', 991, 288, 'Autocross', 33, '00:02:36', 9, 1063),
	('2021-01-05', 992, 97, 'Autocross', 33, '00:02:42', 10, 980),
	('2021-01-07', 86, 410, 'Contrarreloj', 47, '00:01:32', 1, 1000),
	('2021-01-07', 87, 124, 'Contrarreloj', 47, '00:01:35', 2, 950),
	('2021-01-07', 88, 141, 'Contrarreloj', 47, '00:01:39', 3, 900),
	('2021-01-07', 89, 411, 'Contrarreloj', 47, '00:01:40', 4, 850),
	('2021-01-07', 90, 46, 'Contrarreloj', 47, '00:01:40', 5, 800),
	('2021-01-07', 91, 287, 'Contrarreloj', 47, '00:01:41', 6, 750),
	('2021-01-07', 92, 185, 'Contrarreloj', 47, '00:01:53', 7, 700),
	('2021-01-07', 93, 34, 'Contrarreloj', 47, '00:01:55', 8, 650),
	('2021-01-07', 94, 78, 'Contrarreloj', 47, '00:01:56', 9, 600),
	('2021-01-07', 95, 404, 'Contrarreloj', 47, '00:01:57', 10, 550),
	('2021-02-15', 466, 217, 'Contrarreloj', 23, '00:05:03', 1, 1000),
	('2021-02-15', 467, 450, 'Contrarreloj', 23, '00:05:04', 2, 950),
	('2021-02-15', 468, 195, 'Contrarreloj', 23, '00:05:07', 3, 900),
	('2021-02-15', 469, 399, 'Contrarreloj', 23, '00:05:12', 4, 850),
	('2021-02-15', 470, 110, 'Contrarreloj', 23, '00:05:12', 5, 800),
	('2021-02-15', 471, 282, 'Contrarreloj', 23, '00:05:14', 6, 750),
	('2021-02-15', 472, 144, 'Contrarreloj', 23, '00:05:34', 7, 700),
	('2021-02-15', 473, 425, 'Contrarreloj', 23, '00:05:52', 8, 650),
	('2021-02-15', 474, 89, 'Contrarreloj', 23, '00:05:57', 9, 600),
	('2021-02-15', 475, 96, 'Contrarreloj', 23, '00:05:57', 10, 550),
	('2021-02-24', 613, 94, 'Resistencia', 49, '00:08:01', 1, 2600),
	('2021-02-24', 614, 231, 'Resistencia', 49, '00:09:11', 2, 2510),
	('2021-02-24', 615, 95, 'Resistencia', 49, '00:09:17', 3, 2345),
	('2021-02-24', 616, 21, 'Resistencia', 49, '00:09:36', 4, 2254),
	('2021-02-24', 617, 346, 'Resistencia', 49, '00:09:38', 5, 2241),
	('2021-02-24', 618, 173, 'Resistencia', 49, '00:09:40', 6, 2203),
	('2021-02-24', 619, 19, 'Resistencia', 49, '00:09:40', 7, 1540),
	('2021-02-24', 620, 51, 'Resistencia', 49, '00:09:40', 8, 1890),
	('2021-02-24', 621, 9, 'Resistencia', 49, '00:09:41', 9, 1874),
	('2021-02-24', 622, 394, 'Resistencia', 49, '00:09:43', 10, 1600);
/*!40000 ALTER TABLE `resultados` ENABLE KEYS */;

-- Volcando estructura para disparador proyecto.disparador1__proyecto
SET @OLDTMP_SQL_MODE=@@SQL_MODE, SQL_MODE='STRICT_TRANS_TABLES,NO_ENGINE_SUBSTITUTION';
DELIMITER //
CREATE TRIGGER `disparador1__proyecto` BEFORE UPDATE ON `pilotos` FOR EACH ROW BEGIN

	if (YEAR(NOW()) - (YEAR(NEW.nacimiento)) < 18) then
		INSERT INTO menor_edad VALUES (OLD.codigo, NEW.nacimiento, NOW());
	END if;	

END//
DELIMITER ;
SET SQL_MODE=@OLDTMP_SQL_MODE;

-- Volcando estructura para disparador proyecto.disparador2__proyecto
SET @OLDTMP_SQL_MODE=@@SQL_MODE, SQL_MODE='STRICT_TRANS_TABLES,NO_ENGINE_SUBSTITUTION';
DELIMITER //
CREATE TRIGGER `disparador2__proyecto` AFTER INSERT ON `pilotos` FOR EACH ROW BEGIN

	INSERT INTO contacto VALUES(CONCAT(NEW.nombre, NEW.codigo, '@', NEW.nacionalidad, '.com'), ROUND(RAND()*(700000000-600000000)+600000000));

END//
DELIMITER ;
SET SQL_MODE=@OLDTMP_SQL_MODE;

/*!40101 SET SQL_MODE=IFNULL(@OLD_SQL_MODE, '') */;
/*!40014 SET FOREIGN_KEY_CHECKS=IFNULL(@OLD_FOREIGN_KEY_CHECKS, 1) */;
/*!40101 SET CHARACTER_SET_CLIENT=@OLD_CHARACTER_SET_CLIENT */;
/*!40111 SET SQL_NOTES=IFNULL(@OLD_SQL_NOTES, 1) */;
