-- --------------------------------------------------------
-- Host:                         127.0.0.1
-- Versión del servidor:         8.0.22 - MySQL Community Server - GPL
-- SO del servidor:              Win64
-- HeidiSQL Versión:             11.2.0.6213
-- --------------------------------------------------------

/*!40101 SET @OLD_CHARACTER_SET_CLIENT=@@CHARACTER_SET_CLIENT */;
/*!40101 SET NAMES utf8 */;
/*!50503 SET NAMES utf8mb4 */;
/*!40014 SET @OLD_FOREIGN_KEY_CHECKS=@@FOREIGN_KEY_CHECKS, FOREIGN_KEY_CHECKS=0 */;
/*!40101 SET @OLD_SQL_MODE=@@SQL_MODE, SQL_MODE='NO_AUTO_VALUE_ON_ZERO' */;
/*!40111 SET @OLD_SQL_NOTES=@@SQL_NOTES, SQL_NOTES=0 */;


-- Volcando estructura de base de datos para proyecto
CREATE DATABASE IF NOT EXISTS `proyecto` /*!40100 DEFAULT CHARACTER SET utf8mb4 COLLATE utf8mb4_0900_ai_ci */ /*!80016 DEFAULT ENCRYPTION='N' */;
USE `proyecto`;

-- Volcando estructura para tabla proyecto.circuitos
CREATE TABLE IF NOT EXISTS `circuitos` (
  `codigo` int NOT NULL,
  `nombre` varchar(50) DEFAULT NULL,
  `localizacion` varchar(100) DEFAULT NULL,
  `longitud` decimal(10,3) DEFAULT NULL,
  PRIMARY KEY (`codigo`)
) ENGINE=InnoDB DEFAULT CHARSET=utf8mb4 COLLATE=utf8mb4_0900_ai_ci;

-- Volcando datos para la tabla proyecto.circuitos: ~51 rows (aproximadamente)
/*!40000 ALTER TABLE `circuitos` DISABLE KEYS */;
INSERT INTO `circuitos` (`codigo`, `nombre`, `localizacion`, `longitud`) VALUES
	(1, 'Autodromo Nazionale Monza (Road Course)', 'Italy', 5.794),
	(2, 'Autodromo Nazionale Monza (Junior Course)', 'Italy', 2.404),
	(3, 'Brands Hatch (Indy Circuit)', 'UK', 2.029),
	(4, 'Bugatti Circuit', 'France', 4.143),
	(5, 'Circuit de Catalunya (GP Circuit)', 'Spain', 4.656),
	(6, 'Circuit de Catalunya (National Circuit)', 'Spain', 3.069),
	(7, 'Circuit de Catalunya (Club Circuit)', 'Spain', 1.703),
	(8, 'Circuit de Monaco', 'Grand Prix Circuit', 3.337),
	(9, 'Circuit de Spa-Francorchamps', 'Belgium', 7.004),
	(10, 'Circuit des 24 Heures', 'France', 13.626),
	(11, 'Circuit of The Americas (Grand Prix Circuit)', 'USA', 5.515),
	(12, 'Circuit of The Americas (National Circuit)', 'USA', 3.701),
	(13, 'Circuit of The Americas (Club Circuit)', 'USA', 1.979),
	(14, 'Daytona International Speedway (Speedway)', 'USA', 4.023),
	(15, 'Daytona International Speedway (Road Course)', 'USA', 5.729),
	(16, 'Daytona International Speedway (Motorcycle Course)', 'USA', 4.748),
	(17, 'Dubai Autodrome (Grand Prix Circuit)', 'UAE', 5.390),
	(18, 'Dubai Autodrome (International Circuit)', 'UAE', 4.291),
	(19, 'Dubai Autodrome (National Circuit)', 'UAE', 3.560),
	(20, 'Dubai Autodrome (Club Circuit)', 'UAE', 2.461),
	(21, 'Dubai Autodrome (Hill Circuit)', 'UAE', 1.748),
	(22, 'Dubai Autodrome (Oval Circuit)', 'UAE', 1.120),
	(23, 'Formula E Berlin Circuit', 'Germany', 2.250),
	(24, 'Formula E Hong Kong Circuit', 'Hong Kong (SAR)', 1.860),
	(25, 'Formula E New York Circuit', 'USA', 1.947),
	(26, 'Hockenheimring (Grand Prix Circuit)', 'Germany', 4.574),
	(27, 'Hockenheimring (National)', 'Germany', 3.629),
	(28, 'Hockenheimring (Short)', 'Germany', 2.638),
	(29, 'Indianapolis Motor Speedway (Speedway)', 'USA', 4.023),
	(30, 'Indianapolis Motor Speedway (Road Course)', 'USA', 4.078),
	(31, 'Marina Bay Street Circuit (Grand Prix Circuit)', 'Singapore', 5.065),
	(32, 'Melbourne', 'Australia', 2.700),
	(33, 'Mount Panorama', 'Australia', 6.214),
	(34, 'Nürburgring (Grand Prix Circuit)', 'Germany', 5.137),
	(35, 'Nürburgring (Sprint Circuit)', 'Germany', 3.619),
	(36, 'Nürburgring (Müllenbachschleife)', 'Germany', 1.500),
	(37, 'Porsche Test Track (Dynamic Circuit)', 'Germany', 2.250),
	(38, 'Porsche Test Track (On-road Circuit - Long)', 'Germany', 3.706),
	(39, 'Porsche Test Track (On-road Circuit - Short)', 'Germany', 2.200),
	(40, 'Red Bull Ring (Grand Prix Circuit)', 'Austria', 4.318),
	(41, 'Red Bull Ring (Südschleife National Circuit)', 'Austria', 2.337),
	(42, 'Richmond International Raceway', 'USA', 1.210),
	(43, 'Silverstone (The Bridge Grand Prix Circuit 2009)', 'UK', 5.140),
	(44, 'Silverstone (The Grand Prix Circuit)', 'UK', 5.892),
	(45, 'Silverstone (The International Circuit)', 'UK', 2.995),
	(46, 'Silverstone (The National Circuit)', 'UK', 2.638),
	(47, 'Suzuka Circuit (Grand Prix Circuit)', 'Japan', 5.807),
	(48, 'Suzuka Circuit (East Circuit)', 'Japan', 2.243),
	(49, 'Suzuka Circuit (West Circuit)', 'Japan', 3.467),
	(50, 'WeatherTech Raceway Laguna Seca', 'USA', 3.602),
	(51, 'Yas Marina Circuit', 'UAE', 5.554);
/*!40000 ALTER TABLE `circuitos` ENABLE KEYS */;

-- Volcando estructura para tabla proyecto.clases
CREATE TABLE IF NOT EXISTS `clases` (
  `nombre` varchar(50) NOT NULL,
  `descripcion` varchar(250) DEFAULT NULL,
  PRIMARY KEY (`nombre`)
) ENGINE=InnoDB DEFAULT CHARSET=utf8mb4 COLLATE=utf8mb4_0900_ai_ci;

-- Volcando datos para la tabla proyecto.clases: ~3 rows (aproximadamente)
/*!40000 ALTER TABLE `clases` DISABLE KEYS */;
INSERT INTO `clases` (`nombre`, `descripcion`) VALUES
	('P', 'Producción; Coches fabricados para la venta al público en general, y no son exclusivamente para competición.'),
	('R', 'Competición; Coches diseñados o mejorados para su uso exclusivo en competición.'),
	('S', 'Supercoche; Coches de alto valor monetorio con altas prestaciones para el público en general, preo gracias a su alto rendimiento son idoneos para "exprimirlos" en pista.');
/*!40000 ALTER TABLE `clases` ENABLE KEYS */;

-- Volcando estructura para tabla proyecto.coches
CREATE TABLE IF NOT EXISTS `coches` (
  `codigo` int NOT NULL,
  `marca` varchar(25) DEFAULT NULL,
  `modelo` varchar(50) DEFAULT NULL,
  `velocidad_punta` int DEFAULT NULL,
  `aceleracion` decimal(10,2) DEFAULT NULL,
  `frenada` decimal(10,2) DEFAULT NULL,
  `agarre` decimal(10,2) DEFAULT NULL,
  `clase` varchar(50) NOT NULL,
  PRIMARY KEY (`codigo`),
  KEY `fk_coches_categorias_idx` (`clase`),
  CONSTRAINT `fk_coches_categorias` FOREIGN KEY (`clase`) REFERENCES `clases` (`nombre`)
) ENGINE=InnoDB DEFAULT CHARSET=utf8mb4 COLLATE=utf8mb4_0900_ai_ci;

-- Volcando datos para la tabla proyecto.coches: ~500 rows (aproximadamente)
/*!40000 ALTER TABLE `coches` DISABLE KEYS */;
INSERT INTO `coches` (`codigo`, `marca`, `modelo`, `velocidad_punta`, `aceleracion`, `frenada`, `agarre`, `clase`) VALUES
	(1, 'Chevrolet', 'Impala', 165, 2.65, 25.36, 4.44, 'S'),
	(2, 'Mazda', '626', 324, 8.09, 41.76, 3.42, 'S'),
	(3, 'BMW', 'X5', 149, 1.78, 25.90, 4.70, 'P'),
	(4, 'Hyundai', 'Sonata', 365, 9.11, 33.86, 2.57, 'P'),
	(5, 'MINI', 'Clubman', 129, 4.51, 21.53, 4.61, 'P'),
	(6, 'Ford', 'Explorer', 102, 8.07, 27.15, 3.79, 'S'),
	(7, 'Plymouth', 'Neon', 382, 1.02, 22.73, 2.57, 'R'),
	(8, 'Chevrolet', 'Express 3500', 247, 4.62, 30.76, 3.07, 'S'),
	(9, 'Toyota', 'Prius', 153, 3.82, 39.55, 3.12, 'R'),
	(10, 'Mitsubishi', 'Expo', 233, 6.96, 23.51, 3.38, 'S'),
	(11, 'Porsche', 'Cayenne', 195, 3.09, 37.52, 4.30, 'P'),
	(12, 'Volkswagen', 'Jetta', 152, 7.19, 21.92, 4.44, 'S'),
	(13, 'Maserati', 'GranSport', 300, 8.26, 38.96, 4.24, 'S'),
	(14, 'Mercury', 'Tracer', 134, 1.66, 25.40, 4.12, 'S'),
	(15, 'Audi', '5000S', 261, 6.43, 29.43, 3.77, 'P'),
	(16, 'Chevrolet', 'Uplander', 129, 1.02, 36.58, 2.31, 'S'),
	(17, 'Volkswagen', 'Cabriolet', 391, 2.43, 25.55, 4.16, 'P'),
	(18, 'BMW', '530', 384, 1.11, 42.04, 4.97, 'P'),
	(19, 'Acura', 'RSX', 389, 2.40, 41.97, 4.22, 'R'),
	(20, 'Lincoln', 'MKX', 315, 1.70, 42.33, 3.65, 'S'),
	(21, 'Nissan', 'Altima', 101, 5.76, 27.03, 3.90, 'R'),
	(22, 'Pontiac', 'G6', 307, 2.75, 28.35, 2.43, 'S'),
	(23, 'BMW', 'X6', 294, 2.43, 24.50, 4.98, 'S'),
	(24, 'Audi', 'Q5', 122, 6.16, 42.28, 2.87, 'P'),
	(25, 'Daewoo', 'Lanos', 125, 9.03, 34.00, 4.11, 'R'),
	(26, 'Mazda', 'Protege', 309, 5.80, 41.60, 3.50, 'S'),
	(27, 'Toyota', 'Tundra', 361, 4.47, 31.40, 4.83, 'R'),
	(28, 'Jeep', 'Wrangler', 112, 3.66, 32.45, 2.95, 'P'),
	(29, 'Mazda', 'RX-7', 246, 6.82, 44.14, 4.54, 'R'),
	(30, 'Chrysler', 'Town & Country', 150, 6.87, 38.19, 3.35, 'R'),
	(31, 'Subaru', 'Impreza', 218, 1.62, 34.75, 3.97, 'P'),
	(32, 'BMW', '6 Series', 94, 9.04, 31.71, 2.21, 'S'),
	(33, 'Honda', 'S2000', 152, 2.09, 41.87, 3.10, 'P'),
	(34, 'Mercedes-Benz', 'CLK-Class', 225, 8.11, 34.88, 4.32, 'P'),
	(35, 'Lexus', 'LS', 137, 2.06, 27.22, 3.49, 'S'),
	(36, 'Cadillac', 'Eldorado', 278, 4.80, 28.45, 3.76, 'S'),
	(37, 'Volkswagen', 'GTI', 162, 4.71, 20.57, 4.94, 'R'),
	(38, 'BMW', 'X3', 381, 1.50, 23.07, 3.90, 'S'),
	(39, 'Toyota', 'Avalon', 129, 2.62, 44.99, 2.90, 'S'),
	(40, 'Acura', 'MDX', 238, 3.61, 38.84, 2.76, 'S'),
	(41, 'Land Rover', 'Range Rover', 374, 8.34, 33.75, 4.40, 'S'),
	(42, 'Honda', 'Passport', 94, 2.14, 20.53, 2.78, 'R'),
	(43, 'Toyota', 'Yaris', 344, 9.45, 32.80, 2.20, 'P'),
	(44, 'Suzuki', 'Swift', 91, 2.12, 36.58, 3.33, 'S'),
	(45, 'Kia', 'Rondo', 114, 9.30, 43.48, 3.82, 'S'),
	(46, 'Nissan', 'Pathfinder', 103, 7.98, 34.78, 2.60, 'S'),
	(47, 'Chrysler', 'Sebring', 233, 8.72, 28.22, 4.47, 'R'),
	(48, 'Buick', 'Park Avenue', 107, 9.35, 32.97, 2.35, 'S'),
	(49, 'Suzuki', 'Sidekick', 331, 9.23, 24.29, 2.95, 'P'),
	(50, 'Hyundai', 'Genesis Coupe', 295, 5.87, 20.23, 2.59, 'R'),
	(51, 'Chevrolet', 'Tahoe', 132, 8.78, 30.69, 2.85, 'R'),
	(52, 'Oldsmobile', 'Bravada', 214, 3.77, 37.13, 3.35, 'S'),
	(53, 'Chevrolet', 'Cavalier', 355, 9.75, 40.58, 4.09, 'S'),
	(54, 'Chevrolet', 'Suburban 1500', 243, 8.94, 25.30, 4.19, 'S'),
	(55, 'Lexus', 'IS', 91, 2.70, 26.93, 3.74, 'S'),
	(56, 'Volvo', 'S60', 370, 1.07, 21.16, 4.06, 'R'),
	(57, 'Mazda', 'B-Series', 160, 7.17, 30.35, 2.81, 'P'),
	(58, 'Ferrari', 'FF', 168, 5.72, 21.15, 4.80, 'P'),
	(59, 'Buick', 'Riviera', 230, 6.16, 22.02, 3.53, 'P'),
	(60, 'Subaru', 'Outback', 229, 5.99, 22.99, 2.38, 'R'),
	(61, 'Ford', 'Festiva', 208, 1.45, 41.34, 3.72, 'S'),
	(62, 'Mercury', 'Sable', 381, 3.00, 23.19, 3.71, 'P'),
	(63, 'Mercury', 'Grand Marquis', 169, 2.27, 37.25, 3.71, 'S'),
	(64, 'Volkswagen', 'Type 2', 267, 3.90, 27.76, 4.57, 'S'),
	(65, 'Ford', 'F250', 256, 6.64, 43.44, 3.58, 'P'),
	(66, 'Ford', 'F-Series', 380, 3.70, 44.44, 4.29, 'S'),
	(67, 'Dodge', 'Colt', 104, 6.87, 21.85, 2.57, 'R'),
	(68, 'Infiniti', 'JX', 189, 9.87, 41.05, 2.85, 'S'),
	(69, 'Mazda', '626', 229, 5.73, 35.47, 3.37, 'P'),
	(70, 'Honda', 'S2000', 347, 1.83, 20.02, 3.86, 'R'),
	(71, 'Hyundai', 'Accent', 113, 3.07, 40.76, 3.95, 'R'),
	(72, 'GMC', 'Sierra 1500', 388, 2.74, 42.43, 3.98, 'R'),
	(73, 'Pontiac', 'Grand Prix', 179, 3.35, 28.42, 3.89, 'R'),
	(74, 'Maybach', '62', 294, 4.97, 35.32, 2.94, 'S'),
	(75, 'Lexus', 'ES', 217, 7.03, 33.20, 2.45, 'R'),
	(76, 'Volvo', 'V50', 117, 9.62, 38.25, 4.21, 'S'),
	(77, 'Rolls-Royce', 'Phantom', 304, 1.94, 44.30, 2.43, 'R'),
	(78, 'Cadillac', 'DeVille', 151, 2.58, 32.37, 3.68, 'P'),
	(79, 'Mitsubishi', 'Diamante', 380, 8.71, 42.51, 3.40, 'S'),
	(80, 'Cadillac', 'Escalade ESV', 387, 1.47, 31.68, 3.94, 'P'),
	(81, 'Buick', 'LeSabre', 350, 4.04, 32.08, 4.81, 'S'),
	(82, 'Suzuki', 'Forenza', 185, 1.74, 26.01, 2.99, 'S'),
	(83, 'BMW', '600', 243, 9.22, 24.75, 4.00, 'S'),
	(84, 'Isuzu', 'Trooper', 209, 4.55, 25.45, 2.38, 'R'),
	(85, 'Mazda', 'MX-6', 145, 1.87, 23.64, 3.39, 'S'),
	(86, 'Mercedes-Benz', 'E-Class', 216, 5.59, 44.83, 3.19, 'S'),
	(87, 'Audi', '4000s', 363, 1.33, 20.77, 4.27, 'S'),
	(88, 'Pontiac', 'Fiero', 142, 6.33, 40.88, 4.67, 'S'),
	(89, 'Chevrolet', 'G-Series G30', 317, 5.15, 42.04, 3.60, 'S'),
	(90, 'Lotus', 'Esprit Turbo', 266, 7.21, 24.70, 4.93, 'P'),
	(91, 'Pontiac', 'Bonneville', 370, 7.28, 30.01, 4.04, 'P'),
	(92, 'Volkswagen', 'riolet', 344, 2.91, 23.23, 4.30, 'R'),
	(93, 'Jaguar', 'XK Series', 107, 9.09, 24.53, 2.08, 'S'),
	(94, 'BMW', 'Z3', 208, 8.58, 27.73, 2.95, 'P'),
	(95, 'Mitsubishi', 'Pajero', 373, 1.84, 26.50, 3.61, 'R'),
	(96, 'Lexus', 'GS', 350, 4.01, 27.40, 4.63, 'P'),
	(97, 'Infiniti', 'Q', 310, 4.87, 25.69, 3.04, 'P'),
	(98, 'Maybach', '57', 333, 2.48, 30.06, 2.64, 'S'),
	(99, 'Suzuki', 'Vitara', 112, 9.82, 20.44, 2.23, 'P'),
	(100, 'Ford', 'Expedition EL', 242, 2.25, 36.98, 2.82, 'P'),
	(101, 'GMC', 'Savana 3500', 340, 3.03, 44.63, 3.58, 'P'),
	(102, 'Ford', 'F150', 164, 3.54, 34.78, 2.41, 'S'),
	(103, 'Volkswagen', 'Golf III', 341, 2.36, 25.54, 4.84, 'S'),
	(104, 'MINI', 'Clubman', 306, 7.96, 43.13, 4.94, 'S'),
	(105, 'Suzuki', 'X-90', 160, 1.77, 33.90, 3.17, 'S'),
	(106, 'Lexus', 'LS', 190, 9.11, 25.67, 3.32, 'S'),
	(107, 'BMW', 'Z4', 116, 6.00, 28.43, 4.82, 'P'),
	(108, 'Kia', 'Sorento', 344, 3.21, 21.59, 4.33, 'R'),
	(109, 'Mitsubishi', 'Chariot', 325, 4.06, 25.40, 2.50, 'S'),
	(110, 'Kia', 'Sedona', 234, 3.95, 23.26, 2.32, 'P'),
	(111, 'Ford', 'LTD', 375, 1.42, 24.93, 4.25, 'S'),
	(112, 'Cadillac', 'SRX', 168, 7.98, 40.30, 2.09, 'R'),
	(113, 'Land Rover', 'Range Rover Sport', 328, 4.97, 27.52, 3.69, 'S'),
	(114, 'Honda', 'Accord', 256, 4.47, 41.03, 3.20, 'S'),
	(115, 'Mercedes-Benz', 'SL-Class', 273, 9.32, 36.89, 2.28, 'P'),
	(116, 'Chevrolet', 'Cobalt', 217, 4.70, 23.84, 3.56, 'R'),
	(117, 'Ford', 'Probe', 182, 4.65, 44.54, 3.69, 'S'),
	(118, 'Chevrolet', '1500', 264, 5.95, 43.75, 4.39, 'R'),
	(119, 'Lexus', 'ES', 195, 2.62, 39.04, 2.18, 'S'),
	(120, 'Saab', '9-3', 223, 8.63, 33.87, 3.51, 'S'),
	(121, 'Lexus', 'IS', 388, 3.59, 35.68, 4.27, 'S'),
	(122, 'Dodge', 'Ram 2500 Club', 282, 8.10, 33.72, 2.46, 'P'),
	(123, 'Dodge', 'Caravan', 221, 3.37, 33.23, 4.82, 'S'),
	(124, 'Volkswagen', 'GTI', 346, 9.64, 25.29, 4.56, 'R'),
	(125, 'Volkswagen', 'rio', 244, 8.85, 23.73, 2.64, 'P'),
	(126, 'Subaru', 'Outback', 197, 2.75, 32.62, 3.73, 'S'),
	(127, 'Ford', 'Club Wagon', 222, 5.32, 28.83, 3.99, 'S'),
	(128, 'BMW', '7 Series', 345, 2.76, 28.85, 3.33, 'P'),
	(129, 'Lincoln', 'MKZ', 242, 9.17, 38.34, 3.36, 'P'),
	(130, 'Eagle', 'Talon', 255, 6.30, 23.02, 2.88, 'S'),
	(131, 'Toyota', 'Tacoma Xtra', 125, 2.51, 29.53, 2.26, 'R'),
	(132, 'Kia', 'Optima', 277, 8.65, 27.42, 4.97, 'S'),
	(133, 'Suzuki', 'Grand Vitara', 159, 3.26, 22.98, 3.43, 'S'),
	(134, 'Volkswagen', 'Jetta', 301, 6.08, 35.61, 4.86, 'P'),
	(135, 'Volvo', 'V70', 327, 2.63, 30.54, 3.41, 'P'),
	(136, 'Mazda', 'B-Series', 375, 9.07, 30.79, 4.57, 'S'),
	(137, 'Buick', 'Rainier', 354, 7.36, 34.63, 2.92, 'S'),
	(138, 'Dodge', 'Stealth', 347, 7.32, 36.39, 3.82, 'S'),
	(139, 'Chevrolet', '3500', 245, 4.46, 33.23, 4.77, 'P'),
	(140, 'Hyundai', 'Sonata', 373, 7.07, 23.60, 4.32, 'S'),
	(141, 'Mitsubishi', '3000GT', 239, 8.64, 30.09, 3.84, 'S'),
	(142, 'Audi', 'riolet', 331, 8.31, 29.44, 2.55, 'R'),
	(143, 'Mercury', 'Grand Marquis', 129, 4.45, 27.27, 3.05, 'P'),
	(144, 'Pontiac', 'Trans Sport', 98, 4.61, 24.82, 4.97, 'R'),
	(145, 'Chrysler', 'Crossfire', 389, 3.51, 33.86, 3.29, 'R'),
	(146, 'Volkswagen', 'GTI', 179, 3.27, 27.92, 4.78, 'S'),
	(147, 'Buick', 'Regal', 357, 7.62, 35.40, 3.37, 'P'),
	(148, 'GMC', 'Yukon', 266, 3.00, 25.98, 2.73, 'S'),
	(149, 'Chevrolet', 'Astro', 320, 8.57, 26.90, 3.10, 'P'),
	(150, 'Audi', 'A4', 97, 4.49, 28.14, 4.94, 'R'),
	(151, 'Jaguar', 'XK Series', 369, 2.47, 26.14, 4.85, 'P'),
	(152, 'Chevrolet', 'Suburban 2500', 224, 9.45, 43.62, 2.71, 'S'),
	(153, 'Toyota', 'Tacoma Xtra', 285, 6.24, 32.91, 2.89, 'P'),
	(154, 'Rambler', 'Classic', 227, 6.36, 36.73, 2.79, 'S'),
	(155, 'Lexus', 'ES', 396, 1.46, 31.94, 2.71, 'R'),
	(156, 'Chevrolet', 'Traverse', 148, 1.49, 44.97, 4.95, 'S'),
	(157, 'Acura', 'MDX', 234, 6.04, 28.46, 2.36, 'S'),
	(158, 'Chrysler', 'Sebring', 348, 6.19, 20.96, 4.66, 'R'),
	(159, 'Volvo', 'C70', 159, 3.13, 44.58, 2.23, 'R'),
	(160, 'Audi', 'Cabriolet', 196, 5.62, 25.92, 3.58, 'P'),
	(161, 'GMC', 'Savana 3500', 365, 8.86, 30.02, 3.60, 'S'),
	(162, 'BMW', 'Z3', 321, 2.26, 26.00, 4.10, 'R'),
	(163, 'Maserati', 'Coupe', 360, 2.84, 20.67, 3.87, 'P'),
	(164, 'Hyundai', 'Azera', 178, 2.43, 25.21, 2.44, 'P'),
	(165, 'Acura', 'TSX', 362, 6.81, 22.42, 2.82, 'R'),
	(166, 'Chevrolet', 'Suburban 1500', 325, 2.01, 34.22, 3.15, 'R'),
	(167, 'Ford', 'Taurus', 156, 4.94, 41.60, 4.63, 'R'),
	(168, 'Ford', 'Ranger', 233, 8.50, 40.36, 2.81, 'S'),
	(169, 'Lexus', 'ES', 224, 4.42, 37.44, 2.63, 'P'),
	(170, 'Nissan', 'Pathfinder', 203, 4.45, 34.30, 2.76, 'R'),
	(171, 'GMC', '2500', 214, 6.27, 42.18, 3.81, 'S'),
	(172, 'Land Rover', 'Discovery', 154, 9.21, 36.47, 2.67, 'S'),
	(173, 'Lexus', 'ES', 94, 8.67, 38.15, 4.84, 'P'),
	(174, 'Dodge', 'Stratus', 214, 9.73, 28.70, 3.98, 'S'),
	(175, 'Infiniti', 'I', 185, 6.54, 30.81, 4.43, 'S'),
	(176, 'Pontiac', 'Torrent', 126, 4.78, 25.45, 4.70, 'R'),
	(177, 'Dodge', 'Ram 3500', 213, 2.98, 28.48, 2.05, 'S'),
	(178, 'Volkswagen', 'Eos', 369, 5.75, 23.36, 3.77, 'S'),
	(179, 'Mitsubishi', 'Lancer', 275, 1.94, 23.96, 4.40, 'P'),
	(180, 'Aston Martin', 'DBS', 121, 6.13, 30.15, 2.25, 'R'),
	(181, 'Hyundai', 'Veloster', 379, 5.37, 40.65, 3.39, 'P'),
	(182, 'GMC', 'Safari', 307, 5.26, 44.55, 2.04, 'R'),
	(183, 'Dodge', 'Ram 1500', 313, 4.82, 41.91, 2.02, 'P'),
	(184, 'Bentley', 'Arnage', 271, 2.42, 34.96, 3.29, 'R'),
	(185, 'Pontiac', 'Firebird', 271, 8.71, 29.83, 2.55, 'S'),
	(186, 'Chevrolet', 'Malibu', 241, 4.94, 35.53, 3.10, 'R'),
	(187, 'Ford', 'Fairlane', 245, 3.45, 21.85, 2.74, 'S'),
	(188, 'Subaru', 'Legacy', 313, 2.98, 34.30, 3.50, 'P'),
	(189, 'Studebaker', 'Avanti', 236, 3.90, 35.83, 3.51, 'R'),
	(190, 'Hyundai', 'Accent', 243, 1.71, 35.94, 3.66, 'S'),
	(191, 'Chevrolet', 'Impala', 303, 8.69, 29.94, 3.45, 'S'),
	(192, 'Ford', 'Windstar', 278, 8.82, 20.20, 2.91, 'S'),
	(193, 'Hyundai', 'Accent', 163, 7.84, 42.19, 3.44, 'P'),
	(194, 'Nissan', 'Quest', 235, 6.52, 25.14, 2.59, 'P'),
	(195, 'Ford', 'Focus ST', 191, 1.14, 40.58, 3.66, 'S'),
	(196, 'Cadillac', 'Sixty Special', 179, 4.57, 20.19, 2.58, 'S'),
	(197, 'Cadillac', 'Escalade', 196, 9.59, 20.29, 2.73, 'P'),
	(198, 'Isuzu', 'Space', 291, 3.12, 24.88, 4.35, 'P'),
	(199, 'Ford', 'Laser', 136, 3.15, 31.54, 3.93, 'R'),
	(200, 'Volkswagen', 'Cabriolet', 233, 7.95, 34.14, 2.63, 'S'),
	(201, 'GMC', '2500 Club Coupe', 307, 1.22, 21.64, 3.17, 'S'),
	(202, 'GMC', 'Yukon', 153, 1.83, 21.68, 3.03, 'S'),
	(203, 'Volkswagen', 'Passat', 267, 8.87, 32.50, 2.36, 'S'),
	(204, 'Subaru', 'Impreza', 148, 2.33, 35.09, 3.32, 'S'),
	(205, 'Ford', 'Festiva', 296, 1.03, 22.48, 3.24, 'R'),
	(206, 'Land Rover', 'Freelander', 186, 7.79, 43.48, 2.12, 'S'),
	(207, 'Jaguar', 'S-Type', 364, 8.63, 20.99, 3.31, 'P'),
	(208, 'Toyota', '4Runner', 305, 3.29, 40.44, 3.34, 'P'),
	(209, 'Pontiac', 'Grand Am', 141, 5.12, 22.26, 4.51, 'S'),
	(210, 'Dodge', 'Viper', 311, 1.78, 40.98, 2.31, 'P'),
	(211, 'Chevrolet', 'Tracker', 391, 8.17, 33.99, 2.50, 'S'),
	(212, 'Bentley', 'Continental', 262, 5.00, 32.38, 4.50, 'S'),
	(213, 'Chevrolet', 'S10', 357, 1.72, 28.59, 2.98, 'R'),
	(214, 'Mazda', 'B-Series', 280, 5.74, 32.46, 4.68, 'S'),
	(215, 'Chevrolet', 'Astro', 344, 1.26, 30.32, 4.88, 'S'),
	(216, 'Saab', '9-5', 220, 9.07, 44.08, 4.65, 'R'),
	(217, 'Subaru', 'Impreza', 166, 1.51, 33.71, 2.64, 'S'),
	(218, 'Audi', '5000CS', 210, 6.84, 20.41, 4.83, 'R'),
	(219, 'Land Rover', 'LR4', 383, 7.05, 21.27, 3.43, 'P'),
	(220, 'Honda', 'CR-Z', 222, 6.46, 26.11, 4.43, 'S'),
	(221, 'Chevrolet', 'Monte Carlo', 119, 9.49, 41.30, 2.96, 'R'),
	(222, 'Ford', 'F150', 96, 4.00, 28.92, 3.92, 'S'),
	(223, 'GMC', 'Yukon', 365, 5.03, 33.35, 4.56, 'S'),
	(224, 'Volkswagen', 'GTI', 268, 3.49, 34.46, 4.78, 'S'),
	(225, 'Isuzu', 'Amigo', 380, 1.59, 42.21, 2.44, 'P'),
	(226, 'Land Rover', 'Defender 90', 369, 1.21, 44.91, 3.99, 'R'),
	(227, 'Mazda', 'Miata MX-5', 323, 6.79, 22.73, 2.25, 'P'),
	(228, 'Nissan', 'Altima', 340, 7.35, 29.56, 4.34, 'P'),
	(229, 'Dodge', 'Stratus', 95, 4.74, 40.21, 4.53, 'S'),
	(230, 'GMC', 'Safari', 131, 6.10, 40.41, 3.46, 'P'),
	(231, 'Mazda', '929', 231, 5.61, 36.11, 4.54, 'P'),
	(232, 'Mitsubishi', 'Truck', 301, 1.50, 30.97, 3.54, 'R'),
	(233, 'Lexus', 'IS', 286, 7.92, 23.96, 2.41, 'S'),
	(234, 'Isuzu', 'Oasis', 214, 3.12, 38.31, 4.89, 'R'),
	(235, 'Nissan', 'Armada', 230, 9.23, 42.36, 4.38, 'S'),
	(236, 'Buick', 'Coachbuilder', 268, 1.31, 26.13, 2.27, 'S'),
	(237, 'BMW', 'M3', 329, 2.69, 22.09, 4.23, 'R'),
	(238, 'Chevrolet', 'Corsica', 314, 2.23, 42.86, 4.96, 'P'),
	(239, 'Honda', 'Accord', 180, 6.36, 39.40, 2.45, 'R'),
	(240, 'Mercedes-Benz', 'CLK-Class', 132, 7.11, 30.62, 3.53, 'S'),
	(241, 'Saab', '900', 373, 7.44, 25.83, 4.65, 'S'),
	(242, 'Mitsubishi', 'Pajero', 269, 3.15, 43.07, 2.64, 'S'),
	(243, 'Mercedes-Benz', 'SL-Class', 156, 9.32, 25.03, 2.82, 'S'),
	(244, 'Buick', 'Riviera', 172, 3.81, 38.51, 2.03, 'S'),
	(245, 'Mercedes-Benz', 'SL-Class', 244, 4.91, 28.88, 3.30, 'S'),
	(246, 'Chevrolet', 'Equinox', 236, 7.64, 29.69, 3.01, 'R'),
	(247, 'Mitsubishi', 'Montero Sport', 174, 4.26, 40.14, 3.88, 'S'),
	(248, 'Ford', 'F350', 389, 6.18, 22.14, 4.18, 'S'),
	(249, 'Mercury', 'Mystique', 357, 5.95, 41.09, 2.82, 'S'),
	(250, 'Volkswagen', 'Touareg', 92, 9.82, 29.87, 2.14, 'S'),
	(251, 'Toyota', 'RAV4', 122, 7.57, 42.82, 2.60, 'S'),
	(252, 'Pontiac', 'Grand Am', 295, 7.17, 42.02, 3.71, 'R'),
	(253, 'Land Rover', 'LR4', 333, 2.49, 34.99, 4.91, 'P'),
	(254, 'Mitsubishi', 'Diamante', 298, 8.16, 40.42, 2.59, 'P'),
	(255, 'Infiniti', 'I', 251, 10.00, 25.34, 2.47, 'P'),
	(256, 'Mitsubishi', 'Mirage', 373, 4.27, 35.68, 2.14, 'S'),
	(257, 'Chevrolet', 'Astro', 247, 1.62, 42.75, 3.80, 'P'),
	(258, 'GMC', 'Yukon XL 1500', 319, 4.08, 39.93, 4.78, 'R'),
	(259, 'Lexus', 'IS-F', 272, 9.96, 42.54, 2.05, 'S'),
	(260, 'Mercedes-Benz', 'E-Class', 304, 5.18, 21.00, 3.45, 'S'),
	(261, 'Mercedes-Benz', 'CLS-Class', 289, 8.10, 20.08, 4.17, 'P'),
	(262, 'GMC', 'Yukon XL 1500', 284, 7.45, 30.39, 3.27, 'S'),
	(263, 'Buick', 'Park Avenue', 400, 2.92, 22.85, 2.40, 'P'),
	(264, 'Jaguar', 'XF', 181, 8.32, 39.60, 4.49, 'S'),
	(265, 'Mercedes-Benz', 'CL-Class', 334, 4.74, 30.19, 4.00, 'S'),
	(266, 'GMC', 'Yukon XL 2500', 180, 2.16, 34.73, 5.00, 'R'),
	(267, 'Acura', 'RDX', 380, 7.70, 32.97, 4.70, 'R'),
	(268, 'Toyota', 'Sienna', 260, 3.78, 44.09, 3.25, 'S'),
	(269, 'Ford', 'Windstar', 336, 6.73, 43.63, 4.83, 'S'),
	(270, 'Chevrolet', 'Camaro', 116, 8.81, 40.66, 2.17, 'R'),
	(271, 'GMC', 'Safari', 178, 7.37, 35.07, 3.14, 'P'),
	(272, 'Chevrolet', 'Suburban 2500', 357, 7.75, 29.78, 2.30, 'P'),
	(273, 'Ford', 'Econoline E350', 255, 4.00, 23.76, 4.35, 'R'),
	(274, 'Chevrolet', 'Lumina', 173, 4.47, 33.81, 2.44, 'S'),
	(275, 'Ford', 'Probe', 215, 6.64, 27.24, 4.96, 'R'),
	(276, 'Mitsubishi', 'Mirage', 266, 5.05, 24.24, 3.51, 'P'),
	(277, 'Chevrolet', 'Malibu', 142, 4.56, 22.49, 4.42, 'R'),
	(278, 'Porsche', '928', 325, 6.74, 36.37, 2.80, 'R'),
	(279, 'Ford', 'Thunderbird', 135, 7.74, 31.55, 4.89, 'S'),
	(280, 'Holden', 'VS Commodore', 341, 6.94, 42.69, 3.46, 'R'),
	(281, 'Infiniti', 'Q', 317, 6.11, 29.63, 2.27, 'P'),
	(282, 'GMC', '3500', 376, 2.46, 29.28, 3.39, 'P'),
	(283, 'Mazda', 'B-Series', 397, 3.79, 41.32, 4.17, 'R'),
	(284, 'Mazda', 'B-Series Plus', 301, 6.29, 39.99, 4.82, 'S'),
	(285, 'Toyota', 'Sequoia', 312, 2.40, 22.99, 3.44, 'R'),
	(286, 'Dodge', 'Ram 1500', 364, 1.61, 28.70, 2.89, 'S'),
	(287, 'Buick', 'LeSabre', 159, 6.81, 28.00, 2.08, 'P'),
	(288, 'Suzuki', 'Grand Vitara', 135, 4.89, 27.04, 3.60, 'P'),
	(289, 'Pontiac', 'Monterey', 145, 8.56, 33.43, 2.82, 'P'),
	(290, 'BMW', '7 Series', 241, 9.60, 32.11, 2.60, 'P'),
	(291, 'Mercury', 'Topaz', 106, 9.78, 37.01, 3.44, 'S'),
	(292, 'Cadillac', 'XLR', 283, 6.56, 37.48, 4.93, 'S'),
	(293, 'Cadillac', 'DTS', 108, 1.70, 36.38, 3.76, 'P'),
	(294, 'Lotus', 'Esprit', 333, 5.57, 21.65, 2.00, 'S'),
	(295, 'Daewoo', 'Leganza', 165, 9.45, 33.60, 4.43, 'S'),
	(296, 'Mazda', 'B-Series', 142, 4.68, 27.85, 3.72, 'P'),
	(297, 'Suzuki', 'Esteem', 151, 9.99, 29.11, 3.98, 'S'),
	(298, 'Chevrolet', 'Sportvan G30', 389, 4.38, 33.22, 4.07, 'P'),
	(299, 'Acura', 'RL', 109, 9.91, 43.44, 2.56, 'S'),
	(300, 'Toyota', 'Highlander', 292, 4.79, 41.25, 3.50, 'R'),
	(301, 'Toyota', 'MR2', 272, 7.76, 32.16, 4.35, 'S'),
	(302, 'Ford', 'Ranger', 326, 7.58, 30.00, 3.12, 'P'),
	(303, 'Infiniti', 'QX', 173, 6.80, 27.30, 2.76, 'R'),
	(304, 'Oldsmobile', 'Custom Cruiser', 176, 6.78, 21.54, 2.69, 'S'),
	(305, 'Volkswagen', 'Cabriolet', 278, 1.61, 24.25, 3.87, 'P'),
	(306, 'Lincoln', 'Continental Mark VII', 213, 3.27, 34.89, 4.36, 'S'),
	(307, 'Mitsubishi', '3000GT', 395, 1.37, 31.73, 3.38, 'R'),
	(308, 'Holden', 'VS Commodore', 289, 1.84, 22.22, 2.48, 'P'),
	(309, 'Volkswagen', 'Cabriolet', 300, 3.84, 36.39, 3.05, 'R'),
	(310, 'Hummer', 'H3T', 270, 8.56, 23.95, 4.90, 'S'),
	(311, 'Kia', 'Optima', 237, 7.79, 36.00, 3.78, 'S'),
	(312, 'Saab', '900', 331, 2.04, 24.86, 4.29, 'R'),
	(313, 'Mazda', 'MX-5', 109, 3.12, 32.11, 4.22, 'S'),
	(314, 'Jaguar', 'S-Type', 289, 5.67, 32.74, 4.02, 'S'),
	(315, 'Acura', 'SLX', 294, 3.04, 25.05, 4.23, 'S'),
	(316, 'Dodge', 'Ram 2500', 129, 5.44, 42.56, 2.42, 'S'),
	(317, 'Suzuki', 'SX4', 221, 5.75, 32.19, 4.81, 'S'),
	(318, 'Ford', 'Edge', 244, 5.26, 30.39, 3.34, 'S'),
	(319, 'Toyota', 'Prius', 389, 4.01, 40.67, 3.69, 'P'),
	(320, 'Ford', 'Expedition', 134, 8.89, 27.11, 2.65, 'S'),
	(321, 'Nissan', 'Xterra', 399, 9.17, 32.46, 4.89, 'S'),
	(322, 'Cadillac', 'DeVille', 159, 8.91, 27.39, 3.14, 'P'),
	(323, 'Honda', 'Accord', 240, 9.90, 41.52, 2.68, 'S'),
	(324, 'Toyota', 'RAV4', 281, 6.00, 30.85, 3.03, 'S'),
	(325, 'Honda', 'Civic', 124, 7.47, 33.86, 4.57, 'P'),
	(326, 'Lexus', 'ES', 380, 8.62, 36.56, 3.96, 'S'),
	(327, 'Chrysler', '300M', 191, 7.86, 43.19, 5.00, 'P'),
	(328, 'Pontiac', 'LeMans', 370, 8.76, 37.55, 3.01, 'R'),
	(329, 'GMC', 'Rally Wagon 1500', 252, 8.37, 28.54, 3.61, 'S'),
	(330, 'Isuzu', 'Axiom', 363, 1.92, 37.75, 2.94, 'P'),
	(331, 'Chevrolet', 'K5 Blazer', 319, 5.79, 39.34, 4.26, 'P'),
	(332, 'Volkswagen', 'Golf', 364, 6.39, 20.19, 4.60, 'S'),
	(333, 'Chevrolet', 'Lumina APV', 257, 2.30, 36.33, 4.66, 'P'),
	(334, 'Cadillac', 'Escalade', 132, 9.14, 33.26, 3.49, 'S'),
	(335, 'Acura', 'TSX', 369, 3.37, 28.89, 4.35, 'S'),
	(336, 'Porsche', '911', 236, 9.09, 24.24, 3.00, 'S'),
	(337, 'Subaru', 'Legacy', 118, 5.43, 27.60, 4.61, 'R'),
	(338, 'Ferrari', 'F430', 386, 5.57, 31.73, 3.31, 'P'),
	(339, 'Volkswagen', 'Eurovan', 252, 9.19, 42.04, 3.72, 'R'),
	(340, 'Toyota', 'Corolla', 116, 8.71, 36.49, 3.03, 'S'),
	(341, 'Hummer', 'H1', 282, 4.46, 43.49, 4.78, 'R'),
	(342, 'Dodge', 'Grand Caravan', 152, 7.98, 40.65, 2.96, 'S'),
	(343, 'Mazda', 'MX-5', 114, 8.79, 27.41, 4.93, 'S'),
	(344, 'Maybach', '62', 380, 7.64, 26.11, 2.70, 'S'),
	(345, 'Lexus', 'LX', 199, 5.32, 32.57, 2.25, 'R'),
	(346, 'Geo', 'Metro', 360, 7.18, 30.79, 2.35, 'S'),
	(347, 'Volvo', '960', 250, 3.85, 20.53, 2.76, 'P'),
	(348, 'Dodge', 'Ram Wagon B350', 259, 1.94, 30.16, 3.95, 'P'),
	(349, 'Volkswagen', 'Eos', 334, 4.21, 25.21, 4.21, 'R'),
	(350, 'Toyota', 'Sienna', 100, 4.23, 31.51, 2.69, 'S'),
	(351, 'Mitsubishi', 'Expo', 330, 5.74, 40.71, 4.22, 'P'),
	(352, 'Chrysler', 'Town & Country', 203, 6.12, 40.49, 2.89, 'R'),
	(353, 'Dodge', 'Caravan', 248, 2.32, 39.55, 4.02, 'P'),
	(354, 'Pontiac', 'Aztek', 148, 1.73, 23.82, 2.31, 'S'),
	(355, 'Ford', 'Taurus', 337, 4.01, 43.62, 2.72, 'S'),
	(356, 'Suzuki', 'XL-7', 235, 9.52, 38.25, 2.09, 'R'),
	(357, 'Volkswagen', 'Jetta', 286, 1.22, 38.80, 3.39, 'S'),
	(358, 'Chrysler', 'Sebring', 393, 9.91, 20.81, 4.57, 'R'),
	(359, 'Lexus', 'ES', 198, 6.23, 24.73, 2.29, 'R'),
	(360, 'Oldsmobile', 'Ciera', 93, 2.73, 21.71, 2.69, 'S'),
	(361, 'Oldsmobile', 'Achieva', 384, 7.30, 30.90, 4.95, 'P'),
	(362, 'Toyota', 'Corolla', 242, 4.94, 21.53, 2.40, 'P'),
	(363, 'Mazda', 'Mazda6', 338, 1.89, 39.56, 3.35, 'R'),
	(364, 'Acura', 'RSX', 396, 7.50, 35.04, 4.91, 'S'),
	(365, 'Mitsubishi', 'Truck', 277, 6.63, 43.59, 4.57, 'P'),
	(366, 'Cadillac', 'DeVille', 317, 1.73, 26.46, 2.23, 'S'),
	(367, 'Dodge', 'Ram 1500', 176, 9.83, 24.90, 2.06, 'P'),
	(368, 'Subaru', 'Justy', 356, 6.68, 23.01, 3.26, 'S'),
	(369, 'Chevrolet', 'Volt', 160, 8.09, 27.22, 3.09, 'S'),
	(370, 'Ford', 'Th!nk', 93, 8.06, 21.43, 4.05, 'S'),
	(371, 'Oldsmobile', 'Bravada', 169, 1.26, 36.06, 3.50, 'S'),
	(372, 'Nissan', 'Versa', 226, 8.44, 43.79, 2.83, 'S'),
	(373, 'Lexus', 'RX', 247, 5.31, 42.92, 2.56, 'S'),
	(374, 'Dodge', 'Stratus', 289, 6.27, 39.19, 3.44, 'P'),
	(375, 'Chevrolet', 'Malibu', 143, 2.23, 38.06, 2.51, 'P'),
	(376, 'Suzuki', 'Grand Vitara', 255, 6.04, 38.63, 2.60, 'S'),
	(377, 'Ford', 'Econoline E150', 163, 9.29, 37.14, 4.19, 'R'),
	(378, 'Audi', 'A7', 290, 1.57, 21.21, 2.53, 'S'),
	(379, 'Chevrolet', 'Suburban 1500', 219, 5.73, 41.95, 2.90, 'R'),
	(380, 'Ford', 'Flex', 147, 2.56, 24.77, 2.84, 'R'),
	(381, 'Mercedes-Benz', 'S-Class', 178, 1.26, 39.85, 3.49, 'S'),
	(382, 'Mitsubishi', 'Tredia', 383, 2.05, 44.45, 2.91, 'S'),
	(383, 'Chrysler', 'Fifth Ave', 300, 1.91, 44.45, 2.90, 'S'),
	(384, 'Jeep', 'Grand Cherokee', 395, 4.31, 29.32, 4.99, 'P'),
	(385, 'Mazda', 'RX-7', 194, 9.30, 22.01, 3.22, 'P'),
	(386, 'Dodge', 'Caravan', 338, 3.49, 34.19, 4.53, 'R'),
	(387, 'Dodge', 'Stratus', 238, 8.99, 32.31, 4.79, 'R'),
	(388, 'Audi', 'A4', 392, 8.41, 41.87, 3.20, 'S'),
	(389, 'GMC', 'Sonoma', 336, 3.65, 44.11, 2.23, 'S'),
	(390, 'Mitsubishi', 'Lancer Evolution', 361, 9.16, 27.99, 2.34, 'S'),
	(391, 'Chevrolet', '1500', 104, 5.00, 43.10, 2.46, 'S'),
	(392, 'Lexus', 'RX', 106, 8.29, 33.82, 2.57, 'S'),
	(393, 'GMC', 'Jimmy', 316, 7.96, 39.09, 4.20, 'R'),
	(394, 'Buick', 'Estate', 97, 8.76, 42.60, 2.84, 'S'),
	(395, 'Toyota', 'MR2', 229, 3.28, 27.16, 4.54, 'P'),
	(396, 'Buick', 'Park Avenue', 284, 7.15, 21.69, 4.85, 'S'),
	(397, 'Honda', 'Insight', 221, 6.01, 23.20, 4.75, 'S'),
	(398, 'Pontiac', 'LeMans', 245, 9.73, 26.07, 2.34, 'P'),
	(399, 'Ford', 'C-MAX Hybrid', 241, 9.97, 31.04, 3.21, 'S'),
	(400, 'Cadillac', 'CTS-V', 316, 9.23, 38.82, 4.66, 'S'),
	(401, 'Jaguar', 'XK', 202, 9.43, 26.73, 4.86, 'S'),
	(402, 'Lexus', 'IS', 346, 8.97, 23.58, 3.09, 'S'),
	(403, 'Mazda', 'Tribute', 267, 9.67, 31.24, 3.21, 'S'),
	(404, 'BMW', 'Z3', 394, 8.64, 39.01, 5.00, 'P'),
	(405, 'Ford', 'Escort', 356, 2.89, 20.04, 3.70, 'S'),
	(406, 'Volkswagen', 'Cabriolet', 313, 3.39, 30.34, 2.69, 'R'),
	(407, 'Lincoln', 'Continental', 310, 4.39, 39.56, 4.72, 'S'),
	(408, 'Mercury', 'Cougar', 332, 3.16, 41.59, 3.60, 'S'),
	(409, 'Jeep', 'Cherokee', 314, 1.07, 29.60, 3.22, 'P'),
	(410, 'Audi', 'Q5', 117, 6.09, 25.53, 4.35, 'R'),
	(411, 'Aston Martin', 'DB9', 303, 1.96, 37.38, 4.26, 'S'),
	(412, 'Volkswagen', 'Eos', 274, 4.71, 25.05, 4.57, 'S'),
	(413, 'Nissan', 'Frontier', 394, 5.89, 30.05, 3.10, 'R'),
	(414, 'Chevrolet', 'Express 1500', 208, 8.76, 31.61, 3.17, 'P'),
	(415, 'Nissan', '300ZX', 194, 1.95, 30.86, 3.21, 'R'),
	(416, 'Oldsmobile', 'Bravada', 290, 9.85, 22.83, 3.20, 'P'),
	(417, 'Chevrolet', 'Camaro', 281, 2.73, 40.57, 2.99, 'S'),
	(418, 'Ford', 'F250', 253, 7.83, 43.73, 2.17, 'P'),
	(419, 'Volkswagen', 'Tiguan', 358, 4.58, 28.92, 2.70, 'R'),
	(420, 'Dodge', 'Dakota', 161, 3.68, 25.11, 4.42, 'P'),
	(421, 'Mazda', 'MX-5', 177, 3.32, 26.40, 2.39, 'P'),
	(422, 'Toyota', '4Runner', 374, 1.07, 25.17, 3.55, 'S'),
	(423, 'Buick', 'Regal', 135, 5.35, 34.96, 4.21, 'S'),
	(424, 'Acura', 'Legend', 348, 6.09, 26.77, 2.04, 'S'),
	(425, 'GMC', 'Suburban 1500', 318, 5.20, 39.43, 2.71, 'P'),
	(426, 'GMC', 'Vandura 1500', 172, 5.53, 24.16, 4.69, 'R'),
	(427, 'Mitsubishi', 'Chariot', 392, 3.98, 39.05, 2.59, 'R'),
	(428, 'Lexus', 'IS F', 122, 2.66, 20.50, 2.50, 'R'),
	(429, 'Hyundai', 'Accent', 366, 8.10, 22.65, 2.18, 'R'),
	(430, 'Ford', 'Crown Victoria', 268, 3.50, 37.31, 4.48, 'P'),
	(431, 'Toyota', 'Prius', 146, 7.45, 24.23, 3.83, 'S'),
	(432, 'Dodge', 'Viper', 228, 9.98, 43.73, 2.24, 'R'),
	(433, 'Land Rover', 'Range Rover', 203, 6.16, 40.08, 4.97, 'S'),
	(434, 'GMC', 'Savana 3500', 177, 9.00, 44.74, 2.64, 'P'),
	(435, 'Toyota', 'Matrix', 284, 2.82, 21.91, 2.96, 'R'),
	(436, 'Toyota', 'Land Cruiser', 340, 5.08, 38.40, 2.91, 'S'),
	(437, 'Toyota', 'Matrix', 212, 3.79, 44.15, 2.99, 'S'),
	(438, 'Dodge', 'Avenger', 325, 9.87, 43.87, 2.70, 'P'),
	(439, 'BMW', '3 Series', 250, 3.41, 29.80, 3.01, 'P'),
	(440, 'Ford', 'Mustang', 363, 6.24, 39.69, 2.42, 'P'),
	(441, 'Ford', 'EXP', 359, 2.57, 36.34, 3.83, 'P'),
	(442, 'Plymouth', 'Grand Voyager', 171, 3.40, 22.38, 3.23, 'R'),
	(443, 'Cadillac', 'Escalade ESV', 242, 6.84, 31.70, 4.18, 'S'),
	(444, 'Acura', 'TSX', 374, 4.28, 22.09, 2.91, 'S'),
	(445, 'MINI', 'Cooper', 168, 8.51, 28.22, 3.66, 'P'),
	(446, 'Mitsubishi', 'Galant', 327, 4.31, 41.80, 3.63, 'S'),
	(447, 'Isuzu', 'Rodeo', 179, 3.90, 29.18, 3.41, 'S'),
	(448, 'Mercedes-Benz', '500SEL', 357, 5.70, 32.01, 4.48, 'P'),
	(449, 'Audi', 'Q5', 250, 6.79, 37.46, 3.03, 'S'),
	(450, 'Mazda', '626', 196, 8.79, 38.20, 2.23, 'S'),
	(451, 'Mitsubishi', 'Galant', 399, 6.75, 26.36, 3.35, 'S'),
	(452, 'Land Rover', 'Discovery', 320, 7.55, 23.34, 3.70, 'P'),
	(453, 'Nissan', 'Quest', 275, 6.03, 44.39, 4.84, 'S'),
	(454, 'Lexus', 'IS', 97, 6.51, 26.06, 2.50, 'R'),
	(455, 'Mercedes-Benz', '600SEL', 361, 4.86, 28.94, 2.55, 'S'),
	(456, 'Chrysler', 'LeBaron', 163, 4.25, 37.73, 2.63, 'S'),
	(457, 'Acura', 'TL', 302, 2.06, 32.65, 3.00, 'R'),
	(458, 'Toyota', 'MR2', 227, 3.50, 36.99, 4.94, 'P'),
	(459, 'Dodge', 'Ram Van 3500', 127, 5.98, 38.51, 4.49, 'P'),
	(460, 'Mazda', 'MX-5', 232, 3.97, 42.00, 4.11, 'R'),
	(461, 'Dodge', 'Charger', 192, 5.06, 36.66, 4.27, 'S'),
	(462, 'Honda', 'CR-V', 297, 3.77, 40.01, 4.79, 'R'),
	(463, 'Toyota', 'Venza', 273, 8.20, 21.24, 2.81, 'R'),
	(464, 'Infiniti', 'G', 276, 3.81, 28.65, 3.08, 'R'),
	(465, 'Mitsubishi', 'Lancer Evolution', 180, 6.20, 29.92, 3.79, 'P'),
	(466, 'Audi', 'Q7', 278, 4.59, 30.84, 2.92, 'R'),
	(467, 'Ford', 'E-Series', 98, 8.22, 32.65, 3.63, 'S'),
	(468, 'GMC', 'Savana 2500', 298, 5.23, 22.53, 2.46, 'S'),
	(469, 'Ford', 'Taurus', 131, 6.50, 32.13, 3.94, 'S'),
	(470, 'Land Rover', 'Range Rover Sport', 287, 1.91, 35.56, 4.18, 'S'),
	(471, 'Ford', 'Bronco', 368, 5.87, 25.77, 2.44, 'S'),
	(472, 'Infiniti', 'M', 316, 9.18, 23.58, 4.73, 'S'),
	(473, 'Honda', 'Civic', 337, 9.94, 44.08, 3.21, 'R'),
	(474, 'Honda', 'Accord', 297, 9.42, 38.23, 3.75, 'P'),
	(475, 'Acura', 'TL', 396, 8.99, 33.24, 4.82, 'S'),
	(476, 'Ford', 'Mustang', 273, 5.88, 22.77, 4.38, 'S'),
	(477, 'Buick', 'Riviera', 161, 8.75, 24.17, 3.67, 'P'),
	(478, 'BMW', '7 Series', 158, 8.02, 37.51, 4.90, 'S'),
	(479, 'Mitsubishi', 'Galant', 330, 3.07, 40.27, 4.82, 'S'),
	(480, 'Chevrolet', 'HHR', 95, 6.49, 20.41, 3.00, 'S'),
	(481, 'Jaguar', 'XJ Series', 232, 3.63, 41.63, 2.13, 'R'),
	(482, 'Saturn', 'VUE', 239, 4.38, 27.62, 3.17, 'P'),
	(483, 'Chrysler', 'Imperial', 304, 5.53, 33.90, 4.08, 'R'),
	(484, 'Kia', 'Optima', 262, 1.98, 26.46, 2.44, 'P'),
	(485, 'Plymouth', 'Laser', 187, 5.55, 40.94, 3.64, 'S'),
	(486, 'Lotus', 'Esprit', 96, 2.40, 20.18, 3.46, 'P'),
	(487, 'Kia', 'Soul', 230, 3.37, 37.57, 4.62, 'S'),
	(488, 'Dodge', 'Intrepid', 96, 2.80, 32.30, 2.80, 'S'),
	(489, 'Volvo', 'V70', 341, 2.92, 36.42, 2.93, 'S'),
	(490, 'Mitsubishi', 'Chariot', 343, 5.16, 27.25, 4.06, 'S'),
	(491, 'Mercury', 'Sable', 377, 1.63, 26.13, 2.30, 'R'),
	(492, 'BMW', '6 Series', 184, 9.80, 29.44, 3.72, 'S'),
	(493, 'BMW', '3 Series', 139, 3.28, 31.77, 2.15, 'P'),
	(494, 'Subaru', 'Impreza', 242, 3.21, 33.47, 4.54, 'P'),
	(495, 'Dodge', 'Ram Van 3500', 235, 6.77, 24.65, 2.31, 'R'),
	(496, 'Ford', 'Explorer', 160, 4.73, 41.11, 2.72, 'S'),
	(497, 'Dodge', 'Shadow', 360, 7.04, 23.89, 4.71, 'R'),
	(498, 'Chrysler', '200', 259, 6.26, 40.53, 2.12, 'R'),
	(499, 'Ford', 'Thunderbird', 346, 7.22, 37.79, 3.66, 'S'),
	(500, 'Nissan', 'Pathfinder', 281, 4.77, 41.09, 4.48, 'S');
/*!40000 ALTER TABLE `coches` ENABLE KEYS */;

-- Volcando estructura para función proyecto.funcion1__proyecto
DELIMITER //
CREATE FUNCTION `funcion1__proyecto`(codigoCoche INT) RETURNS varchar(25) CHARSET utf8mb4
    DETERMINISTIC
BEGIN

	DECLARE claseCoche VARCHAR(25);
	DECLARE clase VARCHAR(25);
	
	SELECT coches.clase INTO claseCoche
	FROM coches
	WHERE coches.codigo = codigoCoche;
	
	if (claseCoche = 'P') then
		SET clase = 'PRODUCCIÓN';
	ELSEIF (claseCoche = 'R') then
		SET clase = 'COMEPETICIÓN';
	ELSEIF (claseCoche = 'S') then
		SET clase = 'SUPERCOCHE';
	END if;
	
	RETURN clase;	 
		
END//
DELIMITER ;

-- Volcando estructura para función proyecto.funcion2__proyecto
DELIMITER //
CREATE FUNCTION `funcion2__proyecto`(codigoPiloto INT) RETURNS varchar(25) CHARSET utf8mb4
    DETERMINISTIC
BEGIN

	DECLARE posicionPiloto VARCHAR(25);
	DECLARE resultado VARCHAR(25);

	SELECT resultados.posicion INTO posicionPiloto
	FROM resultados
	INNER JOIN pilotos ON resultados.piloto = pilotos.codigo
	WHERE resultados.piloto = codigoPiloto;
	
	case posicionPiloto
		when 1 then
			SET resultado = 'GANADOR';
		when 2 then
			SET resultado = 'GANADOR';
		when 3 then
			SET resultado = 'GANADOR';
		ELSE
			SET resultado = 'PERDEDOR';
	END case;
	
	RETURN resultado;

END//
DELIMITER ;

-- Volcando estructura para tabla proyecto.menor_edad
CREATE TABLE IF NOT EXISTS `menor_edad` (
  `codigoPiloto` int DEFAULT NULL,
  `edad` int DEFAULT NULL,
  `momentoIntroduccion` datetime DEFAULT NULL
) ENGINE=InnoDB DEFAULT CHARSET=utf8mb4 COLLATE=utf8mb4_0900_ai_ci;

-- Volcando datos para la tabla proyecto.menor_edad: ~1 rows (aproximadamente)
/*!40000 ALTER TABLE `menor_edad` DISABLE KEYS */;
INSERT INTO `menor_edad` (`codigoPiloto`, `edad`, `momentoIntroduccion`) VALUES
	(22, 16, '2021-03-18 17:45:20');
/*!40000 ALTER TABLE `menor_edad` ENABLE KEYS */;

-- Volcando estructura para tabla proyecto.pilotos
CREATE TABLE IF NOT EXISTS `pilotos` (
  `codigo` int NOT NULL,
  `nombre` varchar(25) DEFAULT NULL,
  `apellidos` varchar(100) DEFAULT NULL,
  `edad` int DEFAULT NULL,
  `nacionalidad` varchar(75) DEFAULT NULL,
  PRIMARY KEY (`codigo`)
) ENGINE=InnoDB DEFAULT CHARSET=utf8mb4 COLLATE=utf8mb4_0900_ai_ci;

-- Volcando datos para la tabla proyecto.pilotos: ~1.000 rows (aproximadamente)
/*!40000 ALTER TABLE `pilotos` DISABLE KEYS */;
INSERT INTO `pilotos` (`codigo`, `nombre`, `apellidos`, `edad`, `nacionalidad`) VALUES
	(1, 'Obed', 'Joselevitz', 18, 'Paraguayan'),
	(2, 'Ofelia', 'Abramowsky', 36, 'Blackfeet'),
	(3, 'Allyn', 'Ghiron', 26, 'Colombian'),
	(4, 'Celisse', 'Glandon', 20, 'Chinese'),
	(5, 'Kyle', 'Norsworthy', 35, 'Native Hawaiian and Other Pacific Islander (NHPI)'),
	(6, 'Shelton', 'Antrag', 34, 'Uruguayan'),
	(7, 'Tess', 'Finnick', 38, 'Navajo'),
	(8, 'Camel', 'Gayforth', 33, 'Guatemalan'),
	(9, 'Godfry', 'Conquer', 22, 'Native Hawaiian and Other Pacific Islander (NHPI)'),
	(10, 'Chico', 'Gloves', 31, 'Dominican (Dominican Republic)'),
	(11, 'Athena', 'Silver', 30, 'American Indian'),
	(12, 'Nehemiah', 'Jeacock', 40, 'Shoshone'),
	(13, 'Izak', 'Lukianov', 19, 'Argentinian'),
	(14, 'Andra', 'Dunseith', 22, 'Bolivian'),
	(15, 'Westbrooke', 'Chappelle', 30, 'Eskimo'),
	(16, 'Darleen', 'Attkins', 18, 'Creek'),
	(17, 'Rochester', 'Jollie', 24, 'Colville'),
	(18, 'Shadow', 'Stubley', 32, 'Japanese'),
	(19, 'Aaron', 'Senior', 19, 'Yuman'),
	(20, 'Berton', 'Sprigging', 18, 'Argentinian'),
	(21, 'Alyce', 'Muckeen', 20, 'Nicaraguan'),
	(22, 'Frieda', 'Fiddymont', 16, 'Alaskan Athabascan'),
	(23, 'Olly', 'Cleveley', 35, 'Venezuelan'),
	(24, 'Gram', 'Sleford', 28, 'Cheyenne'),
	(25, 'Sapphira', 'Fleet', 30, 'Venezuelan'),
	(26, 'Stillmann', 'MacKee', 39, 'Nicaraguan'),
	(27, 'Morna', 'Dranfield', 29, 'Chinese'),
	(28, 'Robb', 'Botham', 27, 'Ecuadorian'),
	(29, 'Sanders', 'Pilsbury', 34, 'Osage'),
	(30, 'Valentine', 'Duddle', 22, 'Peruvian'),
	(31, 'Agata', 'Brymham', 20, 'Honduran'),
	(32, 'Hedwiga', 'Mapholm', 36, 'Dominican (Dominican Republic)'),
	(33, 'Sharity', 'Lassell', 38, 'Mexican'),
	(34, 'Cinnamon', 'Flack', 21, 'Comanche'),
	(35, 'Bobbi', 'Heather', 23, 'Osage'),
	(36, 'Gabie', 'Vallintine', 38, 'American Indian and Alaska Native (AIAN)'),
	(37, 'Claudette', 'Cavozzi', 35, 'Nicaraguan'),
	(38, 'Meier', 'Loveard', 40, 'Black or African American'),
	(39, 'Callida', 'Motten', 35, 'Puerto Rican'),
	(40, 'Theresita', 'Wetherby', 34, 'Chippewa'),
	(41, 'Andrey', 'Puttock', 33, 'Tongan'),
	(42, 'Ulrich', 'Munby', 22, 'Guamanian'),
	(43, 'Simeon', 'Coade', 34, 'Cuban'),
	(44, 'Merrie', 'Wolfindale', 39, 'Guatemalan'),
	(45, 'Stesha', 'Ruggieri', 18, 'Costa Rican'),
	(46, 'Mischa', 'Kurton', 25, 'Comanche'),
	(47, 'Bellina', 'Witten', 20, 'Pima'),
	(48, 'Mason', 'Petworth', 25, 'Native Hawaiian and Other Pacific Islander (NHPI)'),
	(49, 'Carrissa', 'Domerque', 36, 'Cuban'),
	(50, 'Gae', 'Barnet', 29, 'Black or African American'),
	(51, 'Griffie', 'Jiroutka', 27, 'Potawatomi'),
	(52, 'Oriana', 'Pimbley', 35, 'American Indian'),
	(53, 'Petunia', 'Pilbury', 30, 'Cree'),
	(54, 'Kirsteni', 'Crowcum', 34, 'Venezuelan'),
	(55, 'Atlante', 'MacBain', 34, 'Creek'),
	(56, 'Brandy', 'Phittiplace', 19, 'Apache'),
	(57, 'Archaimbaud', 'Giannazzi', 18, 'Menominee'),
	(58, 'Quinton', 'Osinin', 38, 'Filipino'),
	(59, 'Merline', 'Fassan', 29, 'Panamanian'),
	(60, 'Clari', 'Tuff', 38, 'Hmong'),
	(61, 'Griswold', 'Scyner', 34, 'Paiute'),
	(62, 'Audrie', 'Roden', 39, 'Puerto Rican'),
	(63, 'Hilary', 'Aymerich', 26, 'Salvadoran'),
	(64, 'Georgine', 'Monk', 40, 'Mexican'),
	(65, 'Husain', 'Bannard', 29, 'American Indian and Alaska Native (AIAN)'),
	(66, 'Witty', 'Dutson', 18, 'Yakama'),
	(67, 'Jamima', 'Molohan', 31, 'Melanesian'),
	(68, 'Elisabetta', 'Townsley', 38, 'Shoshone'),
	(69, 'Fernandina', 'Secombe', 22, 'Aleut'),
	(70, 'Broderic', 'Rizzi', 21, 'Yakama'),
	(71, 'Rodd', 'Yakovliv', 18, 'Kiowa'),
	(72, 'Kerrin', 'Martlew', 28, 'Mexican'),
	(73, 'Adham', 'Dilke', 37, 'Comanche'),
	(74, 'Stephani', 'Dulanty', 24, 'Cambodian'),
	(75, 'Alla', 'Conochie', 30, 'Puerto Rican'),
	(76, 'Mallissa', 'Wraighte', 22, 'Yakama'),
	(77, 'Alameda', 'Servant', 35, 'Cree'),
	(78, 'Emmery', 'Costley', 25, 'Honduran'),
	(79, 'Caprice', 'Relton', 20, 'Uruguayan'),
	(80, 'Selinda', 'Kilfoyle', 23, 'Chinese'),
	(81, 'Nyssa', 'Wingham', 35, 'American Indian and Alaska Native (AIAN)'),
	(82, 'Johanna', 'Shallo', 24, 'Bangladeshi'),
	(83, 'Sephira', 'Henden', 34, 'Pima'),
	(84, 'Garth', 'Handy', 22, 'Japanese'),
	(85, 'Francene', 'Canelas', 20, 'Bangladeshi'),
	(86, 'Michaeline', 'Kinglesyd', 25, 'Delaware'),
	(87, 'Beverlee', 'Tythe', 30, 'Ute'),
	(88, 'Suzanne', 'Duncanson', 26, 'Bangladeshi'),
	(89, 'Caspar', 'Ivison', 38, 'Alaska Native'),
	(90, 'Jacki', 'Bailess', 28, 'Chickasaw'),
	(91, 'Toiboid', 'Millmore', 25, 'Filipino'),
	(92, 'Andie', 'Yakovlev', 28, 'Pakistani'),
	(93, 'Petunia', 'Melia', 31, 'Cheyenne'),
	(94, 'Aguste', 'Peggs', 39, 'Black or African American'),
	(95, 'Holly', 'Tulloch', 30, 'Iroquois'),
	(96, 'Fanny', 'Gentzsch', 34, 'Mexican'),
	(97, 'Redford', 'Staker', 33, 'Costa Rican'),
	(98, 'Ward', 'Mitham', 31, 'Chippewa'),
	(99, 'Bald', 'Forcer', 30, 'Ottawa'),
	(100, 'Ofella', 'Negus', 19, 'Blackfeet'),
	(101, 'Amalia', 'Odney', 27, 'Indonesian'),
	(102, 'Enoch', 'Walster', 20, 'Peruvian'),
	(103, 'Lanni', 'Shier', 37, 'Central American'),
	(104, 'Eloisa', 'Hatry', 38, 'Yakama'),
	(105, 'Travus', 'Tibbits', 28, 'Tlingit-Haida'),
	(106, 'Isador', 'Lightbody', 27, 'Filipino'),
	(107, 'Rosemonde', 'De Rye Barrett', 26, 'American Indian'),
	(108, 'Ralf', 'Fawke', 19, 'Kiowa'),
	(109, 'Almeria', 'Kundert', 25, 'Argentinian'),
	(110, 'Arden', 'Bosma', 37, 'Colville'),
	(111, 'Amalea', 'Dobrovolny', 27, 'Bangladeshi'),
	(112, 'Gerianne', 'Lemmertz', 27, 'Iroquois'),
	(113, 'Martynne', 'Plak', 25, 'Houma'),
	(114, 'Dugald', 'Leasor', 21, 'Yaqui'),
	(115, 'Lin', 'Causley', 24, 'Samoan'),
	(116, 'L;urette', 'Dionis', 25, 'Kiowa'),
	(117, 'Gladi', 'Bootton', 39, 'Shoshone'),
	(118, 'Brantley', 'Dodd', 36, 'Ottawa'),
	(119, 'Moira', 'Brydson', 28, 'Yakama'),
	(120, 'Katharine', 'Frary', 29, 'Shoshone'),
	(121, 'Forster', 'Varnam', 23, 'Colombian'),
	(122, 'Denny', 'Leaton', 33, 'Tlingit-Haida'),
	(123, 'Harris', 'Reavell', 27, 'Chinese'),
	(124, 'Florie', 'Twentyman', 35, 'Taiwanese'),
	(125, 'Harmony', 'Mattaus', 25, 'Creek'),
	(126, 'Daniel', 'Broadhead', 33, 'Fijian'),
	(127, 'Pietrek', 'Jacquemard', 20, 'Sioux'),
	(128, 'Jarid', 'Shane', 36, 'Panamanian'),
	(129, 'Neville', 'Boschmann', 18, 'Thai'),
	(130, 'Berkie', 'Bernette', 20, 'Filipino'),
	(131, 'Lenka', 'Loblie', 34, 'Shoshone'),
	(132, 'Julianna', 'Conradsen', 33, 'Uruguayan'),
	(133, 'Jaclyn', 'Crufts', 28, 'Cree'),
	(134, 'Florencia', 'Kingston', 22, 'Apache'),
	(135, 'Larina', 'Lintin', 21, 'Cherokee'),
	(136, 'Wilmer', 'Southerill', 40, 'Chilean'),
	(137, 'Nevin', 'MacMechan', 27, 'Puget Sound Salish'),
	(138, 'Mannie', 'Kluss', 35, 'Thai'),
	(139, 'Kath', 'Ditty', 27, 'Cuban'),
	(140, 'Helene', 'Eseler', 32, 'Cambodian'),
	(141, 'Doti', 'Kroon', 36, 'Puget Sound Salish'),
	(142, 'Morten', 'Gainsford', 21, 'Aleut'),
	(143, 'Anabelle', 'de Villier', 21, 'Pakistani'),
	(144, 'Kristos', 'Really', 18, 'Chamorro'),
	(145, 'Berne', 'Levicount', 33, 'Creek'),
	(146, 'Jarrett', 'Izakoff', 31, 'Paiute'),
	(147, 'Loni', 'Iiannone', 33, 'Creek'),
	(148, 'Guido', 'Benediktovich', 30, 'Sri Lankan'),
	(149, 'Dedra', 'Duerden', 31, 'Malaysian'),
	(150, 'Aron', 'Liddard', 27, 'Choctaw'),
	(151, 'Federico', 'Plott', 22, 'Delaware'),
	(152, 'Madelene', 'Barfoot', 24, 'Puerto Rican'),
	(153, 'Christal', 'Godby', 26, 'Blackfeet'),
	(154, 'Alick', 'Dennert', 35, 'Black or African American'),
	(155, 'Aubrey', 'Ligerton', 31, 'Colville'),
	(156, 'Farly', 'Rodolf', 31, 'Spaniard'),
	(157, 'Yank', 'Rolston', 35, 'Lumbee'),
	(158, 'Prinz', 'Mulford', 28, 'American Indian and Alaska Native (AIAN)'),
	(159, 'Tess', 'Dowsett', 40, 'Yaqui'),
	(160, 'Humbert', 'Garlic', 29, 'Korean'),
	(161, 'Gibby', 'Fullom', 30, 'Peruvian'),
	(162, 'Pernell', 'Clapperton', 28, 'Micronesian'),
	(163, 'Perice', 'Scafe', 28, 'Panamanian'),
	(164, 'Kym', 'Moorerud', 26, 'Ottawa'),
	(165, 'Leupold', 'Lippi', 38, 'Black or African American'),
	(166, 'Cesya', 'Sille', 23, 'Chippewa'),
	(167, 'Leicester', 'Ellerby', 38, 'Nicaraguan'),
	(168, 'Dita', 'Snowling', 32, 'Menominee'),
	(169, 'Adah', 'Brimming', 25, 'Nicaraguan'),
	(170, 'Amby', 'Frenchum', 28, 'Sioux'),
	(171, 'Angelo', 'Hurl', 27, 'Venezuelan'),
	(172, 'Janeva', 'Pavelin', 31, 'Choctaw'),
	(173, 'Gretel', 'Keyes', 31, 'Ottawa'),
	(174, 'Kim', 'Van der Linde', 40, 'Mexican'),
	(175, 'Hamilton', 'Cumberland', 39, 'Apache'),
	(176, 'Rorie', 'Longdon', 21, 'Tlingit-Haida'),
	(177, 'Beverlie', 'Parish', 24, 'Filipino'),
	(178, 'Hilliary', 'Ivanchin', 33, 'Bolivian'),
	(179, 'Kaitlyn', 'Andell', 31, 'Yakama'),
	(180, 'Meg', 'Whal', 38, 'Spaniard'),
	(181, 'Rozalie', 'Hofner', 27, 'Kiowa'),
	(182, 'Matilda', 'Chaston', 23, 'Japanese'),
	(183, 'Jo-ann', 'Matkovic', 24, 'Blackfeet'),
	(184, 'Corene', 'Etherington', 39, 'Tohono O\'Odham'),
	(185, 'Paulie', 'Ketch', 28, 'Creek'),
	(186, 'Holly', 'Struys', 40, 'Pima'),
	(187, 'Alfie', 'Staten', 26, 'Taiwanese'),
	(188, 'Humfrid', 'Murrill', 29, 'Alaska Native'),
	(189, 'Adela', 'Dufore', 25, 'Chilean'),
	(190, 'Cyrus', 'Ballinghall', 21, 'Yaqui'),
	(191, 'Lazaro', 'Ozelton', 38, 'Kiowa'),
	(192, 'Kendal', 'Willcox', 35, 'Black or African American'),
	(193, 'Sabina', 'Ottley', 37, 'Laotian'),
	(194, 'Donaugh', 'Bonehill', 36, 'Panamanian'),
	(195, 'Osbourne', 'Stickney', 29, 'Alaskan Athabascan'),
	(196, 'Orsola', 'Dewdney', 20, 'Korean'),
	(197, 'Marlow', 'Sandon', 21, 'Taiwanese'),
	(198, 'Darla', 'Dunphie', 33, 'Thai'),
	(199, 'Shea', 'D\'Alesco', 35, 'Paraguayan'),
	(200, 'Prudi', 'Scutter', 22, 'Taiwanese'),
	(201, 'Randi', 'Hurley', 26, 'Indonesian'),
	(202, 'Val', 'Goodere', 39, 'Indonesian'),
	(203, 'Beitris', 'Fantonetti', 24, 'Potawatomi'),
	(204, 'Dorine', 'Youle', 29, 'Guatemalan'),
	(205, 'Elijah', 'Jockle', 31, 'Kiowa'),
	(206, 'Ashely', 'De Cleyne', 25, 'Creek'),
	(207, 'Ginni', 'Josskoviz', 37, 'Chickasaw'),
	(208, 'Gwendolin', 'Tarbert', 32, 'White'),
	(209, 'Anjanette', 'Carpe', 31, 'Comanche'),
	(210, 'Wynnie', 'Michiel', 35, 'Yaqui'),
	(211, 'Jock', 'Cestard', 21, 'Chickasaw'),
	(212, 'Olga', 'Martynikhin', 18, 'American Indian'),
	(213, 'Olympe', 'Sweett', 36, 'Tongan'),
	(214, 'Mora', 'Georgelin', 19, 'Apache'),
	(215, 'Mirna', 'Coie', 21, 'Yuman'),
	(216, 'Elane', 'Baude', 32, 'Dominican (Dominican Republic)'),
	(217, 'Aleta', 'Mazella', 30, 'Comanche'),
	(218, 'Kayne', 'Cooksley', 27, 'Iroquois'),
	(219, 'Irvine', 'Drawmer', 30, 'Asian'),
	(220, 'Lazar', 'Bottrell', 39, 'Dominican (Dominican Republic)'),
	(221, 'Happy', 'Wixey', 19, 'Malaysian'),
	(222, 'Linus', 'Jevons', 36, 'Cheyenne'),
	(223, 'Anni', 'Spaxman', 36, 'Thai'),
	(224, 'Arabella', 'McAuliffe', 39, 'Blackfeet'),
	(225, 'Carmelle', 'Wilkennson', 35, 'Creek'),
	(226, 'Daryle', 'Badam', 21, 'Tongan'),
	(227, 'Maisie', 'Misson', 24, 'Cambodian'),
	(228, 'Phylys', 'Brandel', 25, 'Puerto Rican'),
	(229, 'Conroy', 'Steiner', 32, 'Comanche'),
	(230, 'Petronella', 'Gainseford', 38, 'South American'),
	(231, 'Tito', 'O\' Mullane', 21, 'Chamorro'),
	(232, 'Grant', 'Dutnell', 24, 'Eskimo'),
	(233, 'Vivia', 'Bendix', 23, 'Shoshone'),
	(234, 'Paulie', 'Northleigh', 37, 'Cherokee'),
	(235, 'Suzanna', 'Hamblin', 34, 'Comanche'),
	(236, 'Leann', 'Mandres', 28, 'Pima'),
	(237, 'Katrina', 'Float', 28, 'Osage'),
	(238, 'Lilli', 'Stefanovic', 32, 'Japanese'),
	(239, 'Jorie', 'Spratling', 35, 'Seminole'),
	(240, 'Lil', 'Kiffe', 39, 'Alaskan Athabascan'),
	(241, 'Bord', 'Wulfinger', 34, 'Native Hawaiian and Other Pacific Islander (NHPI)'),
	(242, 'Margi', 'Kinnon', 37, 'Polynesian'),
	(243, 'Dodi', 'Straine', 20, 'White'),
	(244, 'Gael', 'Brehat', 28, 'Menominee'),
	(245, 'Reagan', 'Kitchingman', 26, 'Paiute'),
	(246, 'Antonio', 'Hedman', 23, 'Menominee'),
	(247, 'Monika', 'Standbridge', 24, 'Chilean'),
	(248, 'Almire', 'Hart', 18, 'Panamanian'),
	(249, 'Annetta', 'Bungey', 40, 'Chickasaw'),
	(250, 'Levy', 'Seabright', 29, 'Vietnamese'),
	(251, 'Gizela', 'Sign', 29, 'Bolivian'),
	(252, 'Arabella', 'D\'Ambrosi', 40, 'Ecuadorian'),
	(253, 'Moe', 'O\'Hdirscoll', 27, 'Yuman'),
	(254, 'Tucker', 'Garfath', 26, 'Alaska Native'),
	(255, 'Bobbette', 'Addy', 22, 'Polynesian'),
	(256, 'Letisha', 'Boissier', 19, 'Shoshone'),
	(257, 'Riccardo', 'Korting', 22, 'Filipino'),
	(258, 'Konstance', 'Giacovelli', 28, 'Sioux'),
	(259, 'Cornell', 'D\'Adda', 36, 'Korean'),
	(260, 'Agustin', 'Davisson', 22, 'Shoshone'),
	(261, 'Gale', 'Aird', 29, 'Melanesian'),
	(262, 'Cris', 'Quinnet', 37, 'Uruguayan'),
	(263, 'Jehu', 'Silvester', 20, 'Eskimo'),
	(264, 'Halie', 'Canadine', 39, 'Laotian'),
	(265, 'Juditha', 'Withey', 24, 'Colombian'),
	(266, 'Dacy', 'Eldin', 29, 'Malaysian'),
	(267, 'Elliott', 'Horbart', 25, 'Paiute'),
	(268, 'Sharon', 'Lune', 33, 'Honduran'),
	(269, 'Dante', 'Samett', 21, 'Native Hawaiian'),
	(270, 'Jen', 'Geck', 28, 'Asian'),
	(271, 'Brennan', 'Birbeck', 18, 'Sioux'),
	(272, 'Drud', 'Vel', 24, 'Puget Sound Salish'),
	(273, 'Kitty', 'Gon', 33, 'Sioux'),
	(274, 'Anabel', 'Sherbrook', 21, 'Native Hawaiian'),
	(275, 'Boy', 'Andress', 19, 'Paraguayan'),
	(276, 'Pierce', 'Deniseau', 36, 'Cherokee'),
	(277, 'Ophelia', 'Gino', 27, 'Mexican'),
	(278, 'Creigh', 'Bonnefin', 22, 'Hmong'),
	(279, 'Braden', 'Tufts', 36, 'Blackfeet'),
	(280, 'Petronille', 'Mothersole', 25, 'Choctaw'),
	(281, 'Kitty', 'Search', 36, 'Seminole'),
	(282, 'Field', 'Jefferson', 30, 'Malaysian'),
	(283, 'Winna', 'Renwick', 28, 'Lumbee'),
	(284, 'Halette', 'Folcarelli', 37, 'Chippewa'),
	(285, 'Della', 'Gipp', 40, 'Paiute'),
	(286, 'Aloysius', 'Ure', 22, 'Pima'),
	(287, 'Joelle', 'Roggerone', 28, 'Bangladeshi'),
	(288, 'Marius', 'Trussman', 33, 'Chickasaw'),
	(289, 'Antonina', 'Crummy', 36, 'Black or African American'),
	(290, 'Christalle', 'Tzar', 26, 'Asian'),
	(291, 'Sim', 'Irwin', 36, 'Melanesian'),
	(292, 'Nariko', 'Chasmor', 40, 'Yaqui'),
	(293, 'Eolanda', 'Abramchik', 31, 'Ottawa'),
	(294, 'Basil', 'Pellamont', 36, 'Puget Sound Salish'),
	(295, 'Merwin', 'Rutherforth', 27, 'Navajo'),
	(296, 'Traver', 'Bolan', 28, 'Eskimo'),
	(297, 'Elsey', 'Selkirk', 29, 'Yakama'),
	(298, 'Kip', 'Proudler', 20, 'Tongan'),
	(299, 'Butch', 'Rickards', 39, 'Lumbee'),
	(300, 'Marcelline', 'Pringour', 36, 'Chinese'),
	(301, 'Carroll', 'Brankley', 28, 'Thai'),
	(302, 'Roslyn', 'Griswood', 40, 'Kiowa'),
	(303, 'Reba', 'Sails', 34, 'Malaysian'),
	(304, 'Sax', 'McComb', 21, 'Comanche'),
	(305, 'Ev', 'Beddows', 31, 'Eskimo'),
	(306, 'Vonny', 'Smallman', 33, 'Uruguayan'),
	(307, 'Welby', 'Camillo', 34, 'Japanese'),
	(308, 'Erin', 'Dawber', 37, 'Tongan'),
	(309, 'Letta', 'Knights', 36, 'Central American'),
	(310, 'Bel', 'Sargant', 24, 'Osage'),
	(311, 'Edeline', 'Duke', 28, 'Vietnamese'),
	(312, 'Hyacinthe', 'Sole', 36, 'Iroquois'),
	(313, 'Diarmid', 'Betje', 31, 'Puerto Rican'),
	(314, 'Cissiee', 'Ayer', 24, 'Tlingit-Haida'),
	(315, 'Maxy', 'de Quincey', 38, 'Yuman'),
	(316, 'Quentin', 'Gabits', 34, 'Choctaw'),
	(317, 'Gwenora', 'Gallone', 19, 'Cherokee'),
	(318, 'Ruddie', 'Lemmers', 38, 'Micronesian'),
	(319, 'Guy', 'Cramp', 40, 'Thai'),
	(320, 'Eada', 'Bummfrey', 32, 'Bolivian'),
	(321, 'Lindy', 'Thornbarrow', 26, 'Apache'),
	(322, 'Fons', 'Fussey', 21, 'Alaska Native'),
	(323, 'Licha', 'Lepere', 25, 'Seminole'),
	(324, 'Enoch', 'Shelbourne', 29, 'Bolivian'),
	(325, 'Kristoforo', 'Banting', 18, 'Cree'),
	(326, 'Frances', 'Keer', 28, 'Native Hawaiian'),
	(327, 'Giulietta', 'Charer', 30, 'Cherokee'),
	(328, 'Thayne', 'Husby', 29, 'Chamorro'),
	(329, 'Mureil', 'Huitt', 19, 'Fijian'),
	(330, 'Elinor', 'Stilgo', 29, 'Malaysian'),
	(331, 'Blanch', 'Ivashin', 24, 'Osage'),
	(332, 'Wallis', 'Jaslem', 36, 'Crow'),
	(333, 'Dewain', 'Scotson', 32, 'Aleut'),
	(334, 'Storm', 'Renachowski', 26, 'Yakama'),
	(335, 'Spence', 'Pygott', 22, 'Pima'),
	(336, 'Anne', 'Stormonth', 25, 'Creek'),
	(337, 'Ertha', 'Westcott', 32, 'Honduran'),
	(338, 'Woody', 'Crum', 39, 'Cheyenne'),
	(339, 'Waiter', 'Sherebrooke', 18, 'Latin American Indian'),
	(340, 'Tynan', 'Braithwait', 20, 'Apache'),
	(341, 'Leonerd', 'Twitty', 18, 'Lumbee'),
	(342, 'Scarlett', 'Vigietti', 24, 'Alaskan Athabascan'),
	(343, 'Keenan', 'Gettings', 20, 'Navajo'),
	(344, 'Odelinda', 'Carlucci', 35, 'Guatemalan'),
	(345, 'Terza', 'Rodman', 38, 'Yuman'),
	(346, 'Burty', 'Konzel', 36, 'Shoshone'),
	(347, 'Karly', 'Heinrich', 40, 'Iroquois'),
	(348, 'Del', 'Maidens', 25, 'American Indian'),
	(349, 'Timi', 'Baum', 36, 'Aleut'),
	(350, 'Roy', 'Gaynesford', 40, 'Chamorro'),
	(351, 'Bride', 'Harral', 25, 'Costa Rican'),
	(352, 'Kathryn', 'Woloschin', 40, 'Thai'),
	(353, 'Sarina', 'Achurch', 36, 'Paraguayan'),
	(354, 'Gwenora', 'Espadas', 39, 'Menominee'),
	(355, 'Greg', 'Cutchie', 25, 'Chilean'),
	(356, 'Vale', 'Hensmans', 38, 'Nicaraguan'),
	(357, 'Adel', 'Blofield', 25, 'Chickasaw'),
	(358, 'Chane', 'Bucky', 38, 'Hmong'),
	(359, 'Neale', 'Tarbert', 33, 'Indonesian'),
	(360, 'Troy', 'Lissimore', 21, 'Blackfeet'),
	(361, 'Evania', 'Fleetham', 34, 'Ecuadorian'),
	(362, 'Eugen', 'Yesipov', 26, 'Crow'),
	(363, 'Frasco', 'Treleven', 24, 'Sioux'),
	(364, 'Eugenius', 'Saltsberg', 32, 'Navajo'),
	(365, 'Cinda', 'Revening', 33, 'Tohono O\'Odham'),
	(366, 'Ulrikaumeko', 'Goudy', 19, 'American Indian and Alaska Native (AIAN)'),
	(367, 'Alena', 'Gibbin', 28, 'Laotian'),
	(368, 'Ahmad', 'Bail', 19, 'Bolivian'),
	(369, 'Weider', 'Scotchbourouge', 25, 'Sioux'),
	(370, 'Keefer', 'Pedican', 29, 'Puerto Rican'),
	(371, 'Estrella', 'Icom', 30, 'Cheyenne'),
	(372, 'Aleta', 'Brea', 28, 'Aleut'),
	(373, 'Siobhan', 'Gottelier', 32, 'Paiute'),
	(374, 'Rosamund', 'Smyley', 27, 'Argentinian'),
	(375, 'Donelle', 'Giraudo', 36, 'White'),
	(376, 'Elinor', 'Petrescu', 29, 'Black or African American'),
	(377, 'Justinn', 'Eschelle', 22, 'Menominee'),
	(378, 'Marcelo', 'Skoate', 28, 'Colombian'),
	(379, 'Sayre', 'Piccop', 35, 'Guatemalan'),
	(380, 'Betsy', 'Maggorini', 20, 'Micronesian'),
	(381, 'Gerrie', 'Urvoy', 19, 'Shoshone'),
	(382, 'Jeralee', 'Creenan', 32, 'Eskimo'),
	(383, 'Lucio', 'Linthead', 22, 'Uruguayan'),
	(384, 'Josy', 'Rickerby', 39, 'Tlingit-Haida'),
	(385, 'Betteanne', 'Peacher', 27, 'Chamorro'),
	(386, 'Karola', 'Sculpher', 37, 'Cree'),
	(387, 'Bartolemo', 'Hickinbottom', 22, 'Paraguayan'),
	(388, 'Korey', 'Tomadoni', 38, 'Chamorro'),
	(389, 'Fraze', 'Clarke', 32, 'Korean'),
	(390, 'Ali', 'Whitnall', 26, 'Alaska Native'),
	(391, 'Dynah', 'Dikelin', 38, 'Navajo'),
	(392, 'Sayer', 'Nelius', 26, 'Asian Indian'),
	(393, 'Lissy', 'Fidgin', 37, 'Tohono O\'Odham'),
	(394, 'Tedie', 'Brogioni', 39, 'Peruvian'),
	(395, 'Sally', 'Killiner', 18, 'Korean'),
	(396, 'Henrie', 'Lawlance', 37, 'Asian Indian'),
	(397, 'Keely', 'Schwerin', 21, 'Black or African American'),
	(398, 'Tiff', 'Guy', 35, 'Fijian'),
	(399, 'Colman', 'Ecclestone', 36, 'Iroquois'),
	(400, 'Berna', 'Doylend', 26, 'Black or African American'),
	(401, 'Stephani', 'Marvelley', 30, 'Seminole'),
	(402, 'Linus', 'Frounks', 20, 'White'),
	(403, 'Maryann', 'Barkaway', 38, 'Spaniard'),
	(404, 'Nadine', 'Kinleyside', 31, 'Kiowa'),
	(405, 'Rosanna', 'Chalcot', 19, 'Paraguayan'),
	(406, 'Philly', 'Mansford', 22, 'Paraguayan'),
	(407, 'Prue', 'Hagwood', 37, 'American Indian and Alaska Native (AIAN)'),
	(408, 'Morten', 'Deverall', 29, 'Black or African American'),
	(409, 'Sandye', 'Springthorpe', 18, 'Apache'),
	(410, 'Brynn', 'Tupie', 23, 'Ottawa'),
	(411, 'Hirsch', 'Feilden', 35, 'Tlingit-Haida'),
	(412, 'Fey', 'Gilligan', 22, 'Tohono O\'Odham'),
	(413, 'Paola', 'Gooch', 31, 'Taiwanese'),
	(414, 'Ricoriki', 'Wasielewicz', 36, 'Blackfeet'),
	(415, 'Elena', 'Rope', 26, 'Crow'),
	(416, 'Madelena', 'Burnard', 39, 'Delaware'),
	(417, 'Kara-lynn', 'Ferrarello', 23, 'Comanche'),
	(418, 'Lucretia', 'Cuel', 28, 'South American'),
	(419, 'Minnnie', 'MacArd', 37, 'Kiowa'),
	(420, 'Maggy', 'Larner', 34, 'Guatemalan'),
	(421, 'Susette', 'Iacovazzi', 23, 'Lumbee'),
	(422, 'Katya', 'Luggar', 36, 'Hmong'),
	(423, 'Gabrila', 'Mishaw', 18, 'Hmong'),
	(424, 'Davide', 'Laurencot', 38, 'Bangladeshi'),
	(425, 'Artemas', 'Durrant', 21, 'Chinese'),
	(426, 'Ozzie', 'Flay', 40, 'Cherokee'),
	(427, 'Joete', 'Reinhard', 29, 'Melanesian'),
	(428, 'Danice', 'Glackin', 38, 'Eskimo'),
	(429, 'Kamila', 'Pratley', 40, 'Honduran'),
	(430, 'Almeta', 'Slemmonds', 21, 'Argentinian'),
	(431, 'Molli', 'Cansdall', 36, 'Colville'),
	(432, 'Kearney', 'MacCole', 20, 'Bangladeshi'),
	(433, 'Allyn', 'McGahey', 23, 'Black or African American'),
	(434, 'Marthe', 'Geydon', 23, 'Ute'),
	(435, 'Winn', 'Enevold', 18, 'Yakama'),
	(436, 'Marion', 'Bech', 21, 'Apache'),
	(437, 'Farrand', 'Yitzhak', 38, 'Blackfeet'),
	(438, 'Wandie', 'Avrahamy', 23, 'Potawatomi'),
	(439, 'Neel', 'Ash', 30, 'Spaniard'),
	(440, 'Mureil', 'Libbey', 30, 'Uruguayan'),
	(441, 'Osbourn', 'Wagerfield', 24, 'White'),
	(442, 'Alonso', 'Portress', 25, 'Bangladeshi'),
	(443, 'Barris', 'Van Weedenburg', 38, 'Creek'),
	(444, 'Merrill', 'Biss', 29, 'Bolivian'),
	(445, 'Micheal', 'Bassill', 34, 'Panamanian'),
	(446, 'Norby', 'Domenico', 26, 'American Indian'),
	(447, 'Melamie', 'Ibel', 26, 'American Indian'),
	(448, 'Esme', 'Waylen', 21, 'Cree'),
	(449, 'Miguela', 'Littlewood', 28, 'Choctaw'),
	(450, 'Mart', 'Van den Oord', 22, 'Blackfeet'),
	(451, 'Ardelia', 'McNamara', 33, 'Pima'),
	(452, 'Jareb', 'Ivain', 23, 'Laotian'),
	(453, 'Stephie', 'Rutley', 39, 'Menominee'),
	(454, 'Othilia', 'Springate', 20, 'Puget Sound Salish'),
	(455, 'Marlin', 'Tolemache', 35, 'Pueblo'),
	(456, 'Elizabet', 'Ghent', 23, 'Yaqui'),
	(457, 'Cesya', 'Toppas', 36, 'Colville'),
	(458, 'Georgiana', 'Brik', 27, 'Blackfeet'),
	(459, 'Denni', 'Ivers', 27, 'Houma'),
	(460, 'Roshelle', 'Brady', 26, 'Central American'),
	(461, 'Ned', 'Elen', 38, 'Puget Sound Salish'),
	(462, 'Pancho', 'Ganter', 38, 'Micronesian'),
	(463, 'Garald', 'Cornbell', 20, 'Native Hawaiian'),
	(464, 'Sheilah', 'Batte', 22, 'Chinese'),
	(465, 'Wilbur', 'Roocroft', 38, 'Shoshone'),
	(466, 'Desmond', 'Horley', 25, 'Cheyenne'),
	(467, 'Charmane', 'Cuttle', 34, 'Honduran'),
	(468, 'Broddie', 'Harland', 20, 'Chilean'),
	(469, 'Kristyn', 'Vowden', 28, 'Chilean'),
	(470, 'Armin', 'Durnian', 24, 'Navajo'),
	(471, 'Karlik', 'Bewick', 26, 'Chamorro'),
	(472, 'Adolphe', 'Romao', 22, 'Bolivian'),
	(473, 'Val', 'Orton', 38, 'Creek'),
	(474, 'Yorker', 'Ceschelli', 20, 'Nicaraguan'),
	(475, 'Frazier', 'Hebbard', 25, 'Korean'),
	(476, 'Nichole', 'Chidgey', 34, 'Alaskan Athabascan'),
	(477, 'Gisele', 'Ragot', 19, 'Asian Indian'),
	(478, 'Nehemiah', 'Macconachy', 35, 'Lumbee'),
	(479, 'Myrna', 'Selkirk', 18, 'Sri Lankan'),
	(480, 'Jori', 'Rippingale', 36, 'Potawatomi'),
	(481, 'Yehudit', 'Ruthen', 36, 'Yakama'),
	(482, 'Nikolos', 'Kettlewell', 39, 'Spaniard'),
	(483, 'Felicdad', 'Karoly', 21, 'Black or African American'),
	(484, 'Karia', 'Deniscke', 28, 'Panamanian'),
	(485, 'Jackson', 'Laying', 40, 'Argentinian'),
	(486, 'Darill', 'Boother', 30, 'Korean'),
	(487, 'Ilaire', 'Ollier', 32, 'Cherokee'),
	(488, 'Nial', 'Menezes', 30, 'White'),
	(489, 'Thain', 'McLese', 28, 'Uruguayan'),
	(490, 'Rowena', 'Giordano', 29, 'Tlingit-Haida'),
	(491, 'Marillin', 'Brookwell', 36, 'Lumbee'),
	(492, 'Andria', 'Nolleth', 22, 'Argentinian'),
	(493, 'August', 'Heinemann', 18, 'Pueblo'),
	(494, 'Catherine', 'Fayers', 18, 'Shoshone'),
	(495, 'Ebeneser', 'Winchcum', 24, 'Polynesian'),
	(496, 'Adara', 'Amies', 34, 'Potawatomi'),
	(497, 'Velvet', 'Schiesterl', 39, 'Cree'),
	(498, 'Edgard', 'Pover', 25, 'Laotian'),
	(499, 'Elfrieda', 'Tschirschky', 18, 'Ecuadorian'),
	(500, 'Hy', 'De Dei', 37, 'Cuban'),
	(501, 'Lyn', 'Dionisetti', 26, 'Lumbee'),
	(502, 'Rolfe', 'Bloor', 38, 'Bangladeshi'),
	(503, 'Chad', 'Seaward', 39, 'Korean'),
	(504, 'Arlie', 'McFarland', 22, 'Chamorro'),
	(505, 'Guenna', 'Filan', 28, 'Costa Rican'),
	(506, 'Taite', 'Yankishin', 34, 'Central American'),
	(507, 'Hilario', 'Baudi', 38, 'Lumbee'),
	(508, 'Malory', 'Shearwood', 34, 'Chamorro'),
	(509, 'Rodger', 'Bouzan', 21, 'Ottawa'),
	(510, 'Isidore', 'Pressnell', 32, 'Hmong'),
	(511, 'Orlando', 'Blythe', 32, 'Laotian'),
	(512, 'Marsiella', 'Aynold', 27, 'Eskimo'),
	(513, 'Dacey', 'Tellesson', 27, 'Native Hawaiian'),
	(514, 'Riley', 'Ivanikov', 31, 'Pakistani'),
	(515, 'Giacinta', 'Muldownie', 28, 'Salvadoran'),
	(516, 'Sandy', 'Geelan', 23, 'Malaysian'),
	(517, 'Janeva', 'Pleaden', 22, 'Pueblo'),
	(518, 'Verene', 'Goschalk', 28, 'Native Hawaiian'),
	(519, 'Claybourne', 'Tripe', 26, 'Iroquois'),
	(520, 'Thaxter', 'Manolov', 37, 'Indonesian'),
	(521, 'Davine', 'Corkel', 25, 'Hmong'),
	(522, 'Jeanette', 'McSaul', 36, 'Thai'),
	(523, 'Melly', 'Ehrat', 31, 'Fijian'),
	(524, 'Carlee', 'Sellman', 38, 'Tongan'),
	(525, 'Effie', 'Shannahan', 35, 'Thai'),
	(526, 'Zorine', 'Mixhel', 24, 'White'),
	(527, 'Dewie', 'Courtenay', 24, 'Cuban'),
	(528, 'Aleksandr', 'Degoe', 24, 'White'),
	(529, 'Levi', 'Dockerty', 28, 'Japanese'),
	(530, 'Dan', 'Chowne', 23, 'Spaniard'),
	(531, 'Wiatt', 'Alexander', 21, 'Indonesian'),
	(532, 'Dewey', 'Bellefant', 18, 'Cambodian'),
	(533, 'Georgianne', 'Chandler', 27, 'Argentinian'),
	(534, 'Ransom', 'Peake', 19, 'Chinese'),
	(535, 'Roxane', 'Common', 22, 'Seminole'),
	(536, 'Petra', 'Cometti', 28, 'Asian Indian'),
	(537, 'Ingrid', 'Keunemann', 23, 'Kiowa'),
	(538, 'Eward', 'Janauschek', 19, 'Apache'),
	(539, 'Annamarie', 'Cutford', 19, 'Vietnamese'),
	(540, 'Wait', 'Bonallack', 31, 'Hmong'),
	(541, 'Robby', 'Twigge', 25, 'Japanese'),
	(542, 'Elysha', 'Krishtopaittis', 20, 'Filipino'),
	(543, 'Glenine', 'Brydon', 21, 'Mexican'),
	(544, 'Babbie', 'Pele', 27, 'Native Hawaiian'),
	(545, 'Carlota', 'Ivashin', 34, 'Blackfeet'),
	(546, 'Riobard', 'Bernli', 28, 'Thai'),
	(547, 'Leta', 'Monketon', 34, 'Pima'),
	(548, 'Jaquelin', 'Larose', 22, 'Yakama'),
	(549, 'Solly', 'Sinkinson', 33, 'Pueblo'),
	(550, 'Carney', 'Bartolomeoni', 33, 'Indonesian'),
	(551, 'Jabez', 'Woolvin', 24, 'Osage'),
	(552, 'Barnett', 'Reide', 25, 'Japanese'),
	(553, 'Odie', 'Hassekl', 36, 'Thai'),
	(554, 'Rossy', 'Americi', 30, 'Costa Rican'),
	(555, 'Teriann', 'Leggatt', 39, 'Indonesian'),
	(556, 'Alfy', 'Castellanos', 27, 'Iroquois'),
	(557, 'Laney', 'Carletto', 23, 'Tongan'),
	(558, 'Eziechiele', 'Tunnicliff', 21, 'Chinese'),
	(559, 'Gavrielle', 'Filipiak', 35, 'Chilean'),
	(560, 'Coleen', 'Callington', 19, 'Eskimo'),
	(561, 'Bruis', 'Eaken', 37, 'Polynesian'),
	(562, 'Carmon', 'Fashion', 22, 'Ecuadorian'),
	(563, 'Linette', 'Fley', 23, 'Houma'),
	(564, 'Letizia', 'Dibsdale', 37, 'Chilean'),
	(565, 'Vaughan', 'Aimable', 19, 'Ottawa'),
	(566, 'Jennica', 'Ralfe', 30, 'Native Hawaiian and Other Pacific Islander (NHPI)'),
	(567, 'Aile', 'Outhwaite', 26, 'Chippewa'),
	(568, 'Andromache', 'Gemmell', 31, 'Ecuadorian'),
	(569, 'Lonna', 'Blakeslee', 34, 'Iroquois'),
	(570, 'Jeana', 'Cove', 32, 'Argentinian'),
	(571, 'Charlene', 'Tapp', 30, 'Potawatomi'),
	(572, 'Domini', 'Fowlds', 30, 'Japanese'),
	(573, 'Isidoro', 'Stepto', 27, 'Black or African American'),
	(574, 'Mamie', 'Sperski', 34, 'Puerto Rican'),
	(575, 'Phaidra', 'McIsaac', 23, 'Chickasaw'),
	(576, 'Karee', 'Brickham', 22, 'Sri Lankan'),
	(577, 'Bridgette', 'Lyosik', 40, 'Dominican (Dominican Republic)'),
	(578, 'Cyndie', 'Kleinhaus', 31, 'Menominee'),
	(579, 'Yetty', 'Barbour', 26, 'Indonesian'),
	(580, 'Chrissie', 'Hardy', 22, 'Korean'),
	(581, 'Monte', 'Petroulis', 20, 'Alaska Native'),
	(582, 'Kendal', 'Kanwell', 33, 'Cuban'),
	(583, 'Carlen', 'Iwanicki', 20, 'Asian Indian'),
	(584, 'Ephrem', 'Blaksley', 26, 'Latin American Indian'),
	(585, 'Lemmy', 'Dreschler', 37, 'Sri Lankan'),
	(586, 'Marylou', 'Shoard', 25, 'Honduran'),
	(587, 'Jessie', 'Hallagan', 25, 'Vietnamese'),
	(588, 'Ophelia', 'Bailles', 38, 'Panamanian'),
	(589, 'Terrel', 'Vittle', 40, 'Kiowa'),
	(590, 'Dexter', 'Del Castello', 22, 'Iroquois'),
	(591, 'Clevie', 'Redhole', 18, 'Comanche'),
	(592, 'Brynna', 'Havis', 37, 'Samoan'),
	(593, 'Nanny', 'Messer', 29, 'Micronesian'),
	(594, 'Violante', 'Ainsbury', 38, 'Yuman'),
	(595, 'Willa', 'Umbers', 23, 'Paiute'),
	(596, 'Benjamin', 'Basek', 29, 'Japanese'),
	(597, 'Casar', 'Patillo', 38, 'Sioux'),
	(598, 'Averil', 'Livingstone', 37, 'Japanese'),
	(599, 'Waverley', 'Vanyukov', 22, 'Costa Rican'),
	(600, 'Lotta', 'Blaik', 22, 'Paiute'),
	(601, 'Kendall', 'Drakers', 40, 'Filipino'),
	(602, 'Sissie', 'Tuxell', 22, 'Pima'),
	(603, 'Kendell', 'Porte', 28, 'Chamorro'),
	(604, 'Myca', 'Folcarelli', 38, 'Tongan'),
	(605, 'Carolee', 'Studders', 28, 'Chilean'),
	(606, 'Glendon', 'Clinkard', 34, 'Eskimo'),
	(607, 'Dniren', 'Yves', 31, 'Mexican'),
	(608, 'Josh', 'Margrett', 26, 'Blackfeet'),
	(609, 'Donica', 'Dubois', 24, 'Dominican (Dominican Republic)'),
	(610, 'Eddy', 'Icke', 28, 'Peruvian'),
	(611, 'Barny', 'Cole', 34, 'Hmong'),
	(612, 'Constance', 'Cristofaro', 30, 'Yuman'),
	(613, 'Caprice', 'Polland', 31, 'Salvadoran'),
	(614, 'Abigale', 'Fernely', 35, 'Colombian'),
	(615, 'Frasier', 'Ohrtmann', 36, 'Ute'),
	(616, 'Ree', 'Belsham', 28, 'Kiowa'),
	(617, 'Claribel', 'Howerd', 30, 'Choctaw'),
	(618, 'Marylynne', 'Schnitter', 30, 'Osage'),
	(619, 'Jermain', 'Queree', 18, 'Samoan'),
	(620, 'Kerrill', 'Danter', 35, 'Kiowa'),
	(621, 'Wain', 'Maffei', 36, 'Chilean'),
	(622, 'Anet', 'Jaquest', 18, 'Colombian'),
	(623, 'Daniella', 'Dashwood', 38, 'Sri Lankan'),
	(624, 'Cullan', 'Chiverton', 24, 'Colville'),
	(625, 'Georgette', 'MacScherie', 33, 'Tohono O\'Odham'),
	(626, 'Jess', 'MacGowing', 25, 'Spaniard'),
	(627, 'Desirae', 'Charrington', 34, 'Puget Sound Salish'),
	(628, 'Vincents', 'Shermore', 21, 'Nicaraguan'),
	(629, 'Clareta', 'Hardeman', 20, 'Comanche'),
	(630, 'Lenard', 'Thurske', 33, 'Japanese'),
	(631, 'Evvie', 'Burchatt', 36, 'Chamorro'),
	(632, 'Bartholemy', 'Cashley', 22, 'Peruvian'),
	(633, 'Gianna', 'McGillacoell', 34, 'Asian'),
	(634, 'Halsy', 'Woodvine', 18, 'Bangladeshi'),
	(635, 'Joelly', 'Cauthra', 39, 'Black or African American'),
	(636, 'Say', 'Snelling', 23, 'Yuman'),
	(637, 'Babita', 'MacIntosh', 38, 'Yaqui'),
	(638, 'Violette', 'Phinn', 35, 'Ottawa'),
	(639, 'Nora', 'Gutteridge', 18, 'Alaska Native'),
	(640, 'Onofredo', 'Greder', 20, 'Creek'),
	(641, 'Roby', 'Herries', 22, 'Chamorro'),
	(642, 'Eldon', 'Swayton', 25, 'Cuban'),
	(643, 'Cyrillus', 'Jeaycock', 18, 'Delaware'),
	(644, 'Brok', 'Purver', 31, 'American Indian and Alaska Native (AIAN)'),
	(645, 'Alexis', 'Busson', 28, 'Guatemalan'),
	(646, 'Audrye', 'Edmonstone', 34, 'Creek'),
	(647, 'Evita', 'Brandolini', 33, 'Filipino'),
	(648, 'Rori', 'Spir', 24, 'Pakistani'),
	(649, 'Lancelot', 'Buttle', 33, 'Puget Sound Salish'),
	(650, 'Jerrie', 'Goodband', 32, 'Eskimo'),
	(651, 'Barn', 'Daybell', 35, 'Honduran'),
	(652, 'Stephanus', 'Fessions', 28, 'Houma'),
	(653, 'Dolph', 'Hatley', 38, 'Paiute'),
	(654, 'Rafi', 'Bent', 33, 'Honduran'),
	(655, 'Curry', 'Divers', 32, 'Peruvian'),
	(656, 'Imogene', 'Ransom', 40, 'Filipino'),
	(657, 'Kip', 'Jarrette', 23, 'Argentinian'),
	(658, 'Bartlet', 'Siseland', 18, 'Spaniard'),
	(659, 'Kalindi', 'McArley', 39, 'Native Hawaiian'),
	(660, 'Mischa', 'Donovin', 32, 'Paiute'),
	(661, 'Darnell', 'Heinicke', 33, 'Osage'),
	(662, 'Andie', 'Mille', 22, 'Ottawa'),
	(663, 'Salomi', 'Lempenny', 26, 'Kiowa'),
	(664, 'Brigid', 'Leyband', 21, 'White'),
	(665, 'Shellie', 'Fateley', 36, 'Uruguayan'),
	(666, 'Emmalyn', 'Macari', 20, 'Cherokee'),
	(667, 'Stan', 'Areles', 30, 'Costa Rican'),
	(668, 'Chastity', 'Gounel', 38, 'Peruvian'),
	(669, 'Gussie', 'Kinsett', 31, 'Potawatomi'),
	(670, 'Yehudi', 'Josovich', 18, 'Latin American Indian'),
	(671, 'Felice', 'Prewer', 29, 'Mexican'),
	(672, 'Torie', 'Hick', 35, 'Korean'),
	(673, 'Donnamarie', 'Tookey', 22, 'Paiute'),
	(674, 'Deidre', 'Cheel', 37, 'Nicaraguan'),
	(675, 'Fair', 'McAuslan', 24, 'Pakistani'),
	(676, 'Ozzie', 'Sarch', 37, 'Ecuadorian'),
	(677, 'Andromache', 'Fitkin', 34, 'Venezuelan'),
	(678, 'Nicko', 'Wilne', 36, 'South American'),
	(679, 'Horace', 'Olenov', 37, 'Paraguayan'),
	(680, 'Elyssa', 'Bartolommeo', 29, 'Cree'),
	(681, 'Rabi', 'Aistrop', 30, 'Filipino'),
	(682, 'Eb', 'Dayment', 25, 'South American'),
	(683, 'Tamiko', 'Ikringill', 21, 'Central American'),
	(684, 'Moina', 'Newsham', 32, 'Eskimo'),
	(685, 'Josiah', 'Jerrome', 28, 'Alaskan Athabascan'),
	(686, 'Bettye', 'Ledrun', 32, 'Seminole'),
	(687, 'Daron', 'Pigram', 33, 'Seminole'),
	(688, 'Florie', 'Benitti', 28, 'Asian'),
	(689, 'Norri', 'Reek', 27, 'Crow'),
	(690, 'Luciana', 'Dmych', 32, 'Tongan'),
	(691, 'Benedicta', 'Rapkins', 24, 'Cherokee'),
	(692, 'Ileane', 'Imlock', 33, 'Ecuadorian'),
	(693, 'Katharine', 'Dowson', 28, 'Alaska Native'),
	(694, 'Kinna', 'Oldnall', 23, 'Bolivian'),
	(695, 'Seymour', 'Von Oertzen', 20, 'Cambodian'),
	(696, 'Olin', 'Stendell', 27, 'Costa Rican'),
	(697, 'Wain', 'Deschelle', 19, 'Black or African American'),
	(698, 'Lynne', 'Grono', 24, 'Cree'),
	(699, 'Carilyn', 'Twiddy', 32, 'Native Hawaiian'),
	(700, 'Linell', 'Loosmore', 30, 'Crow'),
	(701, 'Dall', 'Selwyne', 18, 'Yaqui'),
	(702, 'Caitrin', 'Riedel', 23, 'Menominee'),
	(703, 'Ketti', 'Leades', 30, 'Peruvian'),
	(704, 'Garner', 'Batie', 28, 'Alaskan Athabascan'),
	(705, 'Cecilius', 'Ching', 20, 'Hmong'),
	(706, 'Marjory', 'Essberger', 30, 'Costa Rican'),
	(707, 'Annadiane', 'Babonau', 22, 'Pakistani'),
	(708, 'Farrah', 'Bracegirdle', 19, 'Cree'),
	(709, 'Constanta', 'Geeritz', 39, 'Central American'),
	(710, 'Forster', 'Stonham', 31, 'Chamorro'),
	(711, 'Lilla', 'Toe', 18, 'Korean'),
	(712, 'Rick', 'Roncelli', 28, 'American Indian'),
	(713, 'Giles', 'Parsley', 23, 'Black or African American'),
	(714, 'Charyl', 'Carbonell', 25, 'Comanche'),
	(715, 'Selinda', 'Benard', 32, 'Creek'),
	(716, 'Enrica', 'Quigley', 34, 'Creek'),
	(717, 'Denise', 'Pocock', 25, 'Kiowa'),
	(718, 'Shell', 'Shurman', 30, 'Ottawa'),
	(719, 'Ambur', 'Masham', 20, 'Samoan'),
	(720, 'Donnie', 'Attride', 39, 'Fijian'),
	(721, 'Ivett', 'Marzele', 30, 'Peruvian'),
	(722, 'Leila', 'Daniele', 38, 'Colombian'),
	(723, 'Jarad', 'Kindleysides', 26, 'Shoshone'),
	(724, 'Nickolaus', 'Yearn', 33, 'Japanese'),
	(725, 'Melina', 'Boynes', 37, 'Kiowa'),
	(726, 'Ad', 'Lismore', 23, 'Asian Indian'),
	(727, 'Erina', 'Schroter', 37, 'Osage'),
	(728, 'Klara', 'Humphrys', 24, 'Cuban'),
	(729, 'Julissa', 'Killford', 35, 'Aleut'),
	(730, 'Norene', 'Mountfort', 31, 'Sri Lankan'),
	(731, 'Bevin', 'Polon', 28, 'Osage'),
	(732, 'Colin', 'Boddam', 25, 'Salvadoran'),
	(733, 'Aryn', 'Avrasin', 24, 'Aleut'),
	(734, 'Didi', 'Renbold', 28, 'Bangladeshi'),
	(735, 'Tracie', 'Whitwam', 33, 'Tongan'),
	(736, 'Eldin', 'Gelly', 36, 'American Indian'),
	(737, 'Betsey', 'Watkinson', 25, 'Sioux'),
	(738, 'Fabiano', 'Fairtlough', 24, 'Argentinian'),
	(739, 'Kean', 'Waleworke', 30, 'Native Hawaiian and Other Pacific Islander (NHPI)'),
	(740, 'Fredia', 'Dubock', 20, 'Cree'),
	(741, 'Cordie', 'Stopp', 24, 'Argentinian'),
	(742, 'Monty', 'Christophe', 34, 'Uruguayan'),
	(743, 'Eliot', 'Camier', 36, 'Cherokee'),
	(744, 'Sherill', 'McKirdy', 27, 'Panamanian'),
	(745, 'Sly', 'Lafee', 31, 'Blackfeet'),
	(746, 'Dorella', 'Johannes', 32, 'Laotian'),
	(747, 'Adel', 'Kendrew', 24, 'Shoshone'),
	(748, 'Beverie', 'Thorby', 26, 'Lumbee'),
	(749, 'Allyce', 'Bedberry', 22, 'Paraguayan'),
	(750, 'Kimberley', 'Helmke', 29, 'Delaware'),
	(751, 'Bevin', 'Dilgarno', 26, 'Kiowa'),
	(752, 'Blakeley', 'Harry', 18, 'Cherokee'),
	(753, 'Revkah', 'Stammer', 32, 'Seminole'),
	(754, 'Harley', 'Smail', 32, 'Choctaw'),
	(755, 'Caty', 'Reaman', 38, 'Asian'),
	(756, 'Jo-ann', 'Cressey', 26, 'Puerto Rican'),
	(757, 'Alvin', 'Darridon', 21, 'Mexican'),
	(758, 'Doe', 'Alfwy', 33, 'Melanesian'),
	(759, 'Jordana', 'Hardacre', 38, 'Micronesian'),
	(760, 'Gerek', 'Degenhardt', 25, 'Yaqui'),
	(761, 'Genvieve', 'Tofano', 34, 'White'),
	(762, 'Eward', 'Boleyn', 20, 'Japanese'),
	(763, 'Zarla', 'Gillian', 37, 'Chamorro'),
	(764, 'Kathy', 'Reford', 20, 'Honduran'),
	(765, 'Delmor', 'Pim', 33, 'Yaqui'),
	(766, 'Klarika', 'Roy', 40, 'Indonesian'),
	(767, 'Ramsay', 'Jaquet', 37, 'Asian Indian'),
	(768, 'Mar', 'Boother', 35, 'Uruguayan'),
	(769, 'Abbye', 'Beaudry', 39, 'Panamanian'),
	(770, 'Carlen', 'Wilder', 27, 'Asian'),
	(771, 'Vickie', 'Krause', 40, 'Sri Lankan'),
	(772, 'Dori', 'Chidley', 24, 'Polynesian'),
	(773, 'Wandis', 'MacTerlagh', 20, 'Venezuelan'),
	(774, 'Ursola', 'Coultas', 19, 'Central American'),
	(775, 'Cindi', 'Grisbrook', 39, 'Chilean'),
	(776, 'Paloma', 'Bentsen', 32, 'Puget Sound Salish'),
	(777, 'Vernice', 'Esberger', 39, 'Chamorro'),
	(778, 'Mirabelle', 'Aldam', 28, 'Tlingit-Haida'),
	(779, 'Freda', 'Minnock', 31, 'Yakama'),
	(780, 'Charmine', 'Dayer', 40, 'Yakama'),
	(781, 'Hort', 'Stollenhof', 31, 'American Indian and Alaska Native (AIAN)'),
	(782, 'Muffin', 'Hantusch', 32, 'Hmong'),
	(783, 'Alexandr', 'Gouley', 28, 'Cree'),
	(784, 'Hakeem', 'Coop', 18, 'Asian'),
	(785, 'Trudi', 'Inston', 37, 'Chickasaw'),
	(786, 'Aimil', 'Arblaster', 27, 'Polynesian'),
	(787, 'Vinny', 'Drennan', 37, 'Alaskan Athabascan'),
	(788, 'Brunhilda', 'Hackford', 30, 'Shoshone'),
	(789, 'Georgie', 'Cortin', 25, 'Tohono O\'Odham'),
	(790, 'Carter', 'Whitebrook', 19, 'Aleut'),
	(791, 'Barr', 'Pavlik', 26, 'Cheyenne'),
	(792, 'Gawen', 'Doonican', 31, 'Costa Rican'),
	(793, 'Britt', 'Heardman', 40, 'Thai'),
	(794, 'Windy', 'Bruce', 20, 'Mexican'),
	(795, 'Saraann', 'Moring', 20, 'Kiowa'),
	(796, 'Nita', 'Cicchitello', 36, 'Puerto Rican'),
	(797, 'Alyda', 'Thackray', 30, 'Cambodian'),
	(798, 'Alva', 'Fawdrey', 30, 'Native Hawaiian'),
	(799, 'Victoir', 'Farryn', 19, 'Crow'),
	(800, 'Berti', 'Spriggen', 22, 'Ute'),
	(801, 'Brunhilda', 'Gothliff', 27, 'Navajo'),
	(802, 'Arnoldo', 'Olijve', 33, 'Creek'),
	(803, 'Valentine', 'Mathe', 39, 'Micronesian'),
	(804, 'Sadella', 'Klugel', 26, 'Sri Lankan'),
	(805, 'Tobi', 'Dalby', 32, 'Ottawa'),
	(806, 'Christi', 'Glyssanne', 37, 'Puerto Rican'),
	(807, 'Raquel', 'Shattock', 19, 'Navajo'),
	(808, 'Garrick', 'Pratton', 24, 'Asian'),
	(809, 'Gabriello', 'Evered', 37, 'Samoan'),
	(810, 'Rustin', 'Nilges', 23, 'Mexican'),
	(811, 'Mikel', 'Hovel', 23, 'Navajo'),
	(812, 'Karylin', 'Bavin', 25, 'Chilean'),
	(813, 'Lucienne', 'McDermott', 36, 'Tlingit-Haida'),
	(814, 'Dulci', 'Bothwell', 38, 'White'),
	(815, 'Saunderson', 'Ablott', 27, 'Chinese'),
	(816, 'Clemens', 'Horsefield', 29, 'Uruguayan'),
	(817, 'Aprilette', 'Roycraft', 35, 'Aleut'),
	(818, 'Ruthy', 'Milesap', 19, 'Fijian'),
	(819, 'Daisie', 'Klaussen', 25, 'Vietnamese'),
	(820, 'Gawain', 'Dine-Hart', 31, 'Eskimo'),
	(821, 'Ebba', 'Coulthard', 30, 'Sri Lankan'),
	(822, 'Elijah', 'Swapp', 25, 'Korean'),
	(823, 'Jeannie', 'Guarnier', 21, 'Peruvian'),
	(824, 'Renault', 'Zukerman', 32, 'Melanesian'),
	(825, 'Korey', 'Speck', 30, 'Yuman'),
	(826, 'Virge', 'Girardi', 31, 'Pueblo'),
	(827, 'Booth', 'Harhoff', 35, 'Native Hawaiian and Other Pacific Islander (NHPI)'),
	(828, 'Cristina', 'Burbank', 26, 'Native Hawaiian and Other Pacific Islander (NHPI)'),
	(829, 'Glennis', 'Skinner', 39, 'Salvadoran'),
	(830, 'Maggy', 'Rushbrook', 38, 'Puget Sound Salish'),
	(831, 'Klement', 'Anderer', 31, 'Alaskan Athabascan'),
	(832, 'Audre', 'Tanslie', 29, 'Potawatomi'),
	(833, 'Opaline', 'Bullas', 24, 'Filipino'),
	(834, 'Dory', 'Castaignet', 26, 'Salvadoran'),
	(835, 'Tressa', 'Le land', 19, 'Native Hawaiian and Other Pacific Islander (NHPI)'),
	(836, 'Arleen', 'Abrashkov', 26, 'Shoshone'),
	(837, 'Norah', 'Leitche', 33, 'Honduran'),
	(838, 'Lorenza', 'Riddoch', 18, 'Chippewa'),
	(839, 'Dewie', 'Heister', 38, 'Puget Sound Salish'),
	(840, 'Robinette', 'Mattam', 32, 'Chinese'),
	(841, 'Ginni', 'Petru', 39, 'Tohono O\'Odham'),
	(842, 'Kathryn', 'Perrott', 33, 'Pueblo'),
	(843, 'Phaidra', 'Roper', 20, 'Tohono O\'Odham'),
	(844, 'Artemus', 'Cork', 21, 'Menominee'),
	(845, 'Goldy', 'Gaw', 19, 'Crow'),
	(846, 'Vicki', 'Poppleton', 32, 'Japanese'),
	(847, 'Tybalt', 'Horlick', 33, 'Yakama'),
	(848, 'Abner', 'Daymond', 23, 'Black or African American'),
	(849, 'Jaynell', 'Hilland', 38, 'Central American'),
	(850, 'Abbie', 'Hedworth', 21, 'Bangladeshi'),
	(851, 'Shannon', 'Pieroni', 28, 'Hmong'),
	(852, 'Marcel', 'Gilluley', 32, 'Cuban'),
	(853, 'Monica', 'Clawson', 21, 'Korean'),
	(854, 'Wright', 'Cadreman', 20, 'Filipino'),
	(855, 'Lianna', 'Lippitt', 20, 'Native Hawaiian'),
	(856, 'Lorry', 'Stannislawski', 35, 'Japanese'),
	(857, 'Jermaine', 'Kermon', 37, 'Aleut'),
	(858, 'Bernice', 'Tebb', 39, 'Korean'),
	(859, 'Helen-elizabeth', 'Kinder', 29, 'Osage'),
	(860, 'Tab', 'Ullyott', 36, 'Delaware'),
	(861, 'Annissa', 'Connolly', 29, 'Thai'),
	(862, 'Marty', 'Keel', 27, 'Colville'),
	(863, 'Darrick', 'Bayless', 33, 'Salvadoran'),
	(864, 'Kasper', 'DelaField', 38, 'Puget Sound Salish'),
	(865, 'Darbie', 'Hully', 29, 'Shoshone'),
	(866, 'Miriam', 'Clouston', 26, 'Seminole'),
	(867, 'Roanne', 'Hare', 23, 'Mexican'),
	(868, 'Myles', 'Carnier', 22, 'Apache'),
	(869, 'Silvain', 'Heimann', 23, 'Cheyenne'),
	(870, 'Rochella', 'Louden', 24, 'Fijian'),
	(871, 'Sammie', 'Keeble', 23, 'Dominican (Dominican Republic)'),
	(872, 'Alleyn', 'Zecchinii', 39, 'Uruguayan'),
	(873, 'Jone', 'Keary', 33, 'Yakama'),
	(874, 'Dulcia', 'Money', 30, 'Choctaw'),
	(875, 'Spense', 'Hallum', 31, 'Tohono O\'Odham'),
	(876, 'Cathee', 'Ingon', 28, 'Sri Lankan'),
	(877, 'Dilan', 'Frays', 29, 'Comanche'),
	(878, 'Evered', 'Doore', 25, 'Taiwanese'),
	(879, 'Ranique', 'MacMaykin', 23, 'Potawatomi'),
	(880, 'Nikos', 'Kentwell', 33, 'Spaniard'),
	(881, 'Andros', 'Puvia', 22, 'South American'),
	(882, 'Silvio', 'Pennuzzi', 21, 'Peruvian'),
	(883, 'Celina', 'Grey', 23, 'Vietnamese'),
	(884, 'Seth', 'Polgreen', 29, 'Samoan'),
	(885, 'Rodi', 'Medcalfe', 25, 'Cherokee'),
	(886, 'Fancy', 'Vidler', 39, 'Guamanian'),
	(887, 'Ilene', 'Kroon', 40, 'Salvadoran'),
	(888, 'Irvin', 'Elphick', 30, 'Asian Indian'),
	(889, 'Shannan', 'Blasli', 33, 'Latin American Indian'),
	(890, 'Sarajane', 'Drakes', 28, 'Creek'),
	(891, 'Burke', 'Weekley', 30, 'Seminole'),
	(892, 'Rey', 'Hemphill', 38, 'Spaniard'),
	(893, 'Gerty', 'D\'Souza', 35, 'Sioux'),
	(894, 'Delora', 'Sibthorpe', 38, 'Yuman'),
	(895, 'Robbin', 'Conry', 25, 'Salvadoran'),
	(896, 'Dredi', 'Joye', 35, 'Native Hawaiian and Other Pacific Islander (NHPI)'),
	(897, 'Karl', 'Harback', 30, 'Taiwanese'),
	(898, 'Goober', 'Lepper', 18, 'Eskimo'),
	(899, 'Vevay', 'Balke', 37, 'Shoshone'),
	(900, 'Vachel', 'MacKay', 20, 'Lumbee'),
	(901, 'Felix', 'Taaffe', 18, 'Seminole'),
	(902, 'Myrvyn', 'Tregale', 20, 'Filipino'),
	(903, 'Barris', 'Sibille', 35, 'Pakistani'),
	(904, 'Marylou', 'Oakwell', 36, 'Navajo'),
	(905, 'Gwendolyn', 'Dael', 40, 'Mexican'),
	(906, 'Lauryn', 'Weldrick', 40, 'Laotian'),
	(907, 'Meris', 'Philpots', 31, 'Eskimo'),
	(908, 'Robinet', 'Mager', 20, 'Fijian'),
	(909, 'Norri', 'Muehler', 32, 'Salvadoran'),
	(910, 'Ronny', 'Coolican', 34, 'Chilean'),
	(911, 'Esdras', 'Snar', 40, 'Nicaraguan'),
	(912, 'Grata', 'Strase', 28, 'Native Hawaiian'),
	(913, 'Sephira', 'Pedroli', 26, 'Tohono O\'Odham'),
	(914, 'Urbanus', 'Gorioli', 20, 'Fijian'),
	(915, 'Saul', 'Moreno', 27, 'Colombian'),
	(916, 'Gerrie', 'Dugmore', 18, 'Bolivian'),
	(917, 'Rodrique', 'Bilovsky', 40, 'Yuman'),
	(918, 'Sarge', 'Warke', 21, 'Uruguayan'),
	(919, 'Katie', 'Kierans', 40, 'Guamanian'),
	(920, 'Tresa', 'Ramard', 18, 'Peruvian'),
	(921, 'Cornall', 'Linggood', 39, 'Chinese'),
	(922, 'Tybie', 'Bachanski', 25, 'Micronesian'),
	(923, 'Rosaline', 'Case', 31, 'Argentinian'),
	(924, 'Iolanthe', 'Gounet', 33, 'Sri Lankan'),
	(925, 'Shelba', 'Greenfield', 19, 'Laotian'),
	(926, 'Glenden', 'Bawdon', 39, 'Chippewa'),
	(927, 'Gilberta', 'Leif', 23, 'Chilean'),
	(928, 'Gianina', 'Champain', 37, 'Thai'),
	(929, 'Gael', 'Duckworth', 24, 'Chinese'),
	(930, 'Dunstan', 'Ryding', 21, 'Panamanian'),
	(931, 'Trace', 'Honatsch', 19, 'Shoshone'),
	(932, 'Currey', 'Weafer', 32, 'Sioux'),
	(933, 'Aurthur', 'Ecob', 22, 'Yakama'),
	(934, 'Ruddie', 'Winterburn', 31, 'Pima'),
	(935, 'Matt', 'Bearsmore', 20, 'Blackfeet'),
	(936, 'Miles', 'Ferrulli', 32, 'Colville'),
	(937, 'Bondon', 'Carey', 23, 'Cambodian'),
	(938, 'Bern', 'Verne', 26, 'Cheyenne'),
	(939, 'Krissy', 'Sondon', 26, 'Spaniard'),
	(940, 'Ashlin', 'McCombe', 28, 'Filipino'),
	(941, 'Liliane', 'Drake', 31, 'Lumbee'),
	(942, 'Ollie', 'Loder', 36, 'American Indian and Alaska Native (AIAN)'),
	(943, 'Adolphe', 'Lafayette', 30, 'American Indian'),
	(944, 'Loydie', 'Pidduck', 20, 'Black or African American'),
	(945, 'Ruben', 'Gudgen', 19, 'Colville'),
	(946, 'Karrie', 'Summerskill', 27, 'Chinese'),
	(947, 'Kathrine', 'Cosgreave', 30, 'Asian'),
	(948, 'Emera', 'Kennard', 35, 'Creek'),
	(949, 'Caritta', 'Moy', 39, 'Samoan'),
	(950, 'Ogdan', 'Garn', 26, 'Chippewa'),
	(951, 'Nickolaus', 'Arends', 31, 'Uruguayan'),
	(952, 'Meade', 'Gunton', 28, 'Eskimo'),
	(953, 'Delmar', 'Passfield', 30, 'Micronesian'),
	(954, 'Mack', 'Feuell', 35, 'Central American'),
	(955, 'Virginia', 'Maunders', 33, 'Colombian'),
	(956, 'Ezri', 'Froome', 24, 'Pima'),
	(957, 'Rudolfo', 'Coot', 29, 'Asian'),
	(958, 'Edeline', 'Assiter', 35, 'Yuman'),
	(959, 'Harv', 'Oakden', 39, 'Tohono O\'Odham'),
	(960, 'Yorgos', 'Papen', 29, 'Potawatomi'),
	(961, 'Wilton', 'Marushak', 33, 'Pakistani'),
	(962, 'Anthia', 'Brobyn', 35, 'Asian'),
	(963, 'Iseabal', 'Voules', 38, 'Seminole'),
	(964, 'Rustie', 'Temporal', 23, 'Creek'),
	(965, 'Magdalen', 'Rideout', 24, 'Cree'),
	(966, 'Donnell', 'Bradbury', 35, 'Yakama'),
	(967, 'Mollie', 'Dobble', 33, 'Korean'),
	(968, 'Abbot', 'Lademann', 27, 'Osage'),
	(969, 'Jania', 'Ishchenko', 30, 'Puerto Rican'),
	(970, 'Emlynne', 'Djurdjevic', 37, 'Laotian'),
	(971, 'Quillan', 'Foggarty', 40, 'Sri Lankan'),
	(972, 'Geordie', 'Burfitt', 37, 'Yakama'),
	(973, 'Brigham', 'Brugman', 29, 'Potawatomi'),
	(974, 'Adrienne', 'Rogerot', 20, 'Latin American Indian'),
	(975, 'Gran', 'Derricoat', 23, 'Asian'),
	(976, 'Hailee', 'Rosenauer', 28, 'Sioux'),
	(977, 'Jaynell', 'Christopher', 31, 'Chamorro'),
	(978, 'Lucho', 'Foulstone', 37, 'Houma'),
	(979, 'Valentine', 'Kennagh', 32, 'Asian'),
	(980, 'Emelita', 'Rylstone', 32, 'Cree'),
	(981, 'Jemie', 'Edgeon', 25, 'Filipino'),
	(982, 'Griffie', 'Gristwood', 19, 'Tohono O\'Odham'),
	(983, 'Maddie', 'Buten', 30, 'Melanesian'),
	(984, 'Cammi', 'Chatin', 19, 'Delaware'),
	(985, 'Humberto', 'Nurny', 38, 'White'),
	(986, 'Ingram', 'Gozzett', 31, 'Iroquois'),
	(987, 'Adena', 'Gowing', 33, 'Laotian'),
	(988, 'Lynnelle', 'Dorcey', 39, 'Fijian'),
	(989, 'Valerye', 'Whereat', 30, 'Sioux'),
	(990, 'Jaymee', 'Schwerin', 30, 'Seminole'),
	(991, 'Jeff', 'Rogge', 40, 'Tlingit-Haida'),
	(992, 'Clarette', 'Thomsson', 20, 'Ottawa'),
	(993, 'Estevan', 'Vowels', 35, 'Samoan'),
	(994, 'Carley', 'Longhirst', 38, 'Chinese'),
	(995, 'Wendel', 'Gerrietz', 28, 'Bangladeshi'),
	(996, 'Michele', 'Choules', 31, 'Chinese'),
	(997, 'Joellyn', 'Matuska', 18, 'Kiowa'),
	(998, 'Sayers', 'Braunter', 39, 'Iroquois'),
	(999, 'Ailene', 'Cess', 18, 'Crow'),
	(1000, 'Ardella', 'Dobrovolski', 33, 'Chinese');
/*!40000 ALTER TABLE `pilotos` ENABLE KEYS */;

-- Volcando estructura para tabla proyecto.pilotos_coches
CREATE TABLE IF NOT EXISTS `pilotos_coches` (
  `piloto` int NOT NULL,
  `coche` int NOT NULL,
  PRIMARY KEY (`piloto`,`coche`),
  KEY `fk_coches_has_pilotos_pilotos1_idx` (`piloto`),
  KEY `fk_coches_has_pilotos_coches1_idx` (`coche`),
  CONSTRAINT `fk_coches_has_pilotos_coches1` FOREIGN KEY (`coche`) REFERENCES `coches` (`codigo`),
  CONSTRAINT `fk_coches_has_pilotos_pilotos1` FOREIGN KEY (`piloto`) REFERENCES `pilotos` (`codigo`)
) ENGINE=InnoDB DEFAULT CHARSET=utf8;

-- Volcando datos para la tabla proyecto.pilotos_coches: ~1.000 rows (aproximadamente)
/*!40000 ALTER TABLE `pilotos_coches` DISABLE KEYS */;
INSERT INTO `pilotos_coches` (`piloto`, `coche`) VALUES
	(1, 438),
	(2, 310),
	(3, 220),
	(4, 421),
	(5, 449),
	(6, 346),
	(7, 172),
	(8, 7),
	(9, 152),
	(10, 382),
	(11, 180),
	(12, 170),
	(13, 151),
	(14, 73),
	(15, 109),
	(16, 401),
	(17, 261),
	(18, 45),
	(19, 430),
	(20, 252),
	(21, 218),
	(22, 261),
	(23, 425),
	(24, 154),
	(25, 115),
	(26, 308),
	(27, 272),
	(28, 140),
	(29, 197),
	(30, 37),
	(31, 319),
	(32, 272),
	(33, 131),
	(34, 251),
	(35, 299),
	(36, 307),
	(37, 194),
	(38, 232),
	(39, 127),
	(40, 360),
	(41, 291),
	(42, 213),
	(43, 269),
	(44, 65),
	(45, 435),
	(46, 212),
	(47, 191),
	(48, 116),
	(49, 249),
	(50, 229),
	(51, 443),
	(52, 369),
	(53, 149),
	(54, 293),
	(55, 363),
	(56, 289),
	(57, 88),
	(58, 79),
	(59, 109),
	(60, 326),
	(61, 365),
	(62, 245),
	(63, 410),
	(64, 322),
	(65, 263),
	(66, 7),
	(67, 345),
	(68, 151),
	(69, 372),
	(70, 408),
	(71, 138),
	(72, 99),
	(73, 177),
	(74, 102),
	(75, 218),
	(76, 115),
	(77, 219),
	(78, 211),
	(79, 177),
	(80, 178),
	(81, 209),
	(82, 447),
	(83, 383),
	(84, 14),
	(85, 339),
	(86, 410),
	(87, 124),
	(88, 141),
	(89, 411),
	(90, 46),
	(91, 287),
	(92, 185),
	(93, 34),
	(94, 78),
	(95, 404),
	(96, 132),
	(97, 281),
	(98, 85),
	(99, 263),
	(100, 356),
	(101, 200),
	(102, 357),
	(103, 339),
	(104, 311),
	(105, 200),
	(106, 367),
	(107, 419),
	(108, 67),
	(109, 170),
	(110, 410),
	(111, 152),
	(112, 378),
	(113, 284),
	(114, 162),
	(115, 93),
	(116, 128),
	(117, 20),
	(118, 388),
	(119, 365),
	(120, 174),
	(121, 302),
	(122, 90),
	(123, 219),
	(124, 430),
	(125, 340),
	(126, 166),
	(127, 201),
	(128, 17),
	(129, 408),
	(130, 322),
	(131, 328),
	(132, 227),
	(133, 182),
	(134, 148),
	(135, 413),
	(136, 280),
	(137, 163),
	(138, 198),
	(139, 394),
	(140, 155),
	(141, 433),
	(142, 154),
	(143, 412),
	(144, 295),
	(145, 174),
	(146, 446),
	(147, 84),
	(148, 204),
	(149, 126),
	(150, 59),
	(151, 126),
	(152, 238),
	(153, 159),
	(154, 275),
	(155, 377),
	(156, 225),
	(157, 29),
	(158, 307),
	(159, 282),
	(160, 427),
	(161, 446),
	(162, 3),
	(163, 151),
	(164, 313),
	(165, 163),
	(166, 89),
	(167, 27),
	(168, 160),
	(169, 107),
	(170, 316),
	(171, 13),
	(172, 366),
	(173, 420),
	(174, 379),
	(175, 219),
	(176, 403),
	(177, 288),
	(178, 171),
	(179, 135),
	(180, 133),
	(181, 86),
	(182, 174),
	(183, 217),
	(184, 432),
	(185, 81),
	(186, 63),
	(187, 264),
	(188, 450),
	(189, 125),
	(190, 229),
	(191, 443),
	(192, 165),
	(193, 33),
	(194, 317),
	(195, 265),
	(196, 54),
	(197, 174),
	(198, 68),
	(199, 339),
	(200, 396),
	(201, 422),
	(202, 137),
	(203, 126),
	(204, 208),
	(205, 3),
	(206, 391),
	(207, 401),
	(208, 47),
	(209, 283),
	(210, 395),
	(211, 7),
	(212, 140),
	(213, 18),
	(214, 178),
	(215, 265),
	(216, 351),
	(217, 434),
	(218, 127),
	(219, 11),
	(220, 372),
	(221, 255),
	(222, 447),
	(223, 138),
	(224, 246),
	(225, 255),
	(226, 244),
	(227, 123),
	(228, 280),
	(229, 383),
	(230, 233),
	(231, 206),
	(232, 326),
	(233, 141),
	(234, 333),
	(235, 307),
	(236, 191),
	(237, 322),
	(238, 381),
	(239, 131),
	(240, 12),
	(241, 391),
	(242, 246),
	(243, 227),
	(244, 197),
	(245, 253),
	(246, 358),
	(247, 83),
	(248, 324),
	(249, 177),
	(250, 277),
	(251, 436),
	(252, 216),
	(253, 45),
	(254, 351),
	(255, 435),
	(256, 276),
	(257, 128),
	(258, 65),
	(259, 402),
	(260, 318),
	(261, 170),
	(262, 83),
	(263, 131),
	(264, 277),
	(265, 169),
	(266, 88),
	(267, 148),
	(268, 380),
	(269, 414),
	(270, 54),
	(271, 356),
	(272, 112),
	(273, 449),
	(274, 394),
	(275, 36),
	(276, 257),
	(277, 3),
	(278, 103),
	(279, 318),
	(280, 57),
	(281, 271),
	(282, 146),
	(283, 29),
	(284, 373),
	(285, 333),
	(286, 429),
	(287, 75),
	(288, 232),
	(289, 80),
	(290, 9),
	(291, 119),
	(292, 290),
	(293, 38),
	(294, 362),
	(295, 304),
	(296, 410),
	(297, 19),
	(298, 249),
	(299, 33),
	(300, 143),
	(301, 387),
	(302, 362),
	(303, 252),
	(304, 277),
	(305, 282),
	(306, 309),
	(307, 265),
	(308, 372),
	(309, 87),
	(310, 284),
	(311, 125),
	(312, 81),
	(313, 422),
	(314, 310),
	(315, 397),
	(316, 247),
	(317, 57),
	(318, 421),
	(319, 6),
	(320, 153),
	(321, 440),
	(322, 99),
	(323, 446),
	(324, 334),
	(325, 53),
	(326, 69),
	(327, 259),
	(328, 215),
	(329, 127),
	(330, 137),
	(331, 268),
	(332, 168),
	(333, 253),
	(334, 418),
	(335, 257),
	(336, 408),
	(337, 370),
	(338, 107),
	(339, 47),
	(340, 272),
	(341, 133),
	(342, 160),
	(343, 2),
	(344, 189),
	(345, 80),
	(346, 130),
	(347, 2),
	(348, 36),
	(349, 255),
	(350, 122),
	(351, 71),
	(352, 369),
	(353, 372),
	(354, 278),
	(355, 296),
	(356, 388),
	(357, 170),
	(358, 329),
	(359, 241),
	(360, 52),
	(361, 276),
	(362, 292),
	(363, 15),
	(364, 139),
	(365, 264),
	(366, 212),
	(367, 354),
	(368, 433),
	(369, 276),
	(370, 348),
	(371, 346),
	(372, 107),
	(373, 343),
	(374, 225),
	(375, 110),
	(376, 206),
	(377, 307),
	(378, 205),
	(379, 316),
	(380, 6),
	(381, 443),
	(382, 244),
	(383, 1),
	(384, 316),
	(385, 393),
	(386, 50),
	(387, 72),
	(388, 81),
	(389, 432),
	(390, 230),
	(391, 24),
	(392, 153),
	(393, 441),
	(394, 381),
	(395, 167),
	(396, 285),
	(397, 349),
	(398, 355),
	(399, 438),
	(400, 174),
	(401, 273),
	(402, 162),
	(403, 88),
	(404, 183),
	(405, 15),
	(406, 208),
	(407, 64),
	(408, 43),
	(409, 172),
	(410, 122),
	(411, 265),
	(412, 360),
	(413, 377),
	(414, 207),
	(415, 148),
	(416, 250),
	(417, 169),
	(418, 397),
	(419, 154),
	(420, 119),
	(421, 23),
	(422, 231),
	(423, 373),
	(424, 174),
	(425, 449),
	(426, 314),
	(427, 188),
	(428, 137),
	(429, 60),
	(430, 302),
	(431, 270),
	(432, 92),
	(433, 349),
	(434, 109),
	(435, 9),
	(436, 394),
	(437, 156),
	(438, 16),
	(439, 7),
	(440, 260),
	(441, 25),
	(442, 444),
	(443, 231),
	(444, 432),
	(445, 71),
	(446, 64),
	(447, 20),
	(448, 229),
	(449, 438),
	(450, 265),
	(451, 287),
	(452, 447),
	(453, 283),
	(454, 338),
	(455, 348),
	(456, 56),
	(457, 205),
	(458, 269),
	(459, 277),
	(460, 120),
	(461, 224),
	(462, 348),
	(463, 43),
	(464, 258),
	(465, 215),
	(466, 217),
	(467, 450),
	(468, 195),
	(469, 399),
	(470, 110),
	(471, 282),
	(472, 144),
	(473, 425),
	(474, 89),
	(475, 96),
	(476, 16),
	(477, 369),
	(478, 196),
	(479, 297),
	(480, 180),
	(481, 243),
	(482, 279),
	(483, 408),
	(484, 56),
	(485, 75),
	(486, 72),
	(487, 41),
	(488, 252),
	(489, 16),
	(490, 288),
	(491, 269),
	(492, 143),
	(493, 217),
	(494, 383),
	(495, 112),
	(496, 1),
	(497, 157),
	(498, 449),
	(499, 389),
	(500, 33),
	(501, 348),
	(502, 101),
	(503, 113),
	(504, 34),
	(505, 320),
	(506, 395),
	(507, 350),
	(508, 22),
	(509, 43),
	(510, 437),
	(511, 333),
	(512, 243),
	(513, 312),
	(514, 147),
	(515, 5),
	(516, 211),
	(517, 302),
	(518, 177),
	(519, 285),
	(520, 41),
	(521, 32),
	(522, 6),
	(523, 178),
	(524, 124),
	(525, 258),
	(526, 345),
	(527, 188),
	(528, 95),
	(529, 229),
	(530, 55),
	(531, 181),
	(532, 351),
	(533, 312),
	(534, 17),
	(535, 27),
	(536, 128),
	(537, 10),
	(538, 344),
	(539, 151),
	(540, 134),
	(541, 416),
	(542, 409),
	(543, 95),
	(544, 41),
	(545, 224),
	(546, 181),
	(547, 202),
	(548, 195),
	(549, 194),
	(550, 156),
	(551, 192),
	(552, 221),
	(553, 27),
	(554, 133),
	(555, 273),
	(556, 73),
	(557, 217),
	(558, 46),
	(559, 338),
	(560, 149),
	(561, 292),
	(562, 445),
	(563, 41),
	(564, 212),
	(565, 205),
	(566, 334),
	(567, 208),
	(568, 46),
	(569, 249),
	(570, 424),
	(571, 445),
	(572, 373),
	(573, 350),
	(574, 281),
	(575, 71),
	(576, 415),
	(577, 439),
	(578, 256),
	(579, 103),
	(580, 273),
	(581, 6),
	(582, 146),
	(583, 354),
	(584, 395),
	(585, 183),
	(586, 148),
	(587, 115),
	(588, 127),
	(589, 48),
	(590, 22),
	(591, 27),
	(592, 263),
	(593, 283),
	(594, 150),
	(595, 406),
	(596, 422),
	(597, 329),
	(598, 329),
	(599, 352),
	(600, 440),
	(601, 352),
	(602, 446),
	(603, 94),
	(604, 27),
	(605, 79),
	(606, 100),
	(607, 61),
	(608, 431),
	(609, 87),
	(610, 16),
	(611, 259),
	(612, 256),
	(613, 94),
	(614, 231),
	(615, 95),
	(616, 21),
	(617, 346),
	(618, 173),
	(619, 19),
	(620, 51),
	(621, 9),
	(622, 394),
	(623, 118),
	(624, 449),
	(625, 91),
	(626, 75),
	(627, 258),
	(628, 388),
	(629, 70),
	(630, 197),
	(631, 91),
	(632, 429),
	(633, 364),
	(634, 6),
	(635, 344),
	(636, 386),
	(637, 408),
	(638, 359),
	(639, 218),
	(640, 441),
	(641, 450),
	(642, 258),
	(643, 126),
	(644, 31),
	(645, 259),
	(646, 327),
	(647, 19),
	(648, 255),
	(649, 248),
	(650, 208),
	(651, 197),
	(652, 252),
	(653, 267),
	(654, 434),
	(655, 257),
	(656, 113),
	(657, 427),
	(658, 75),
	(659, 415),
	(660, 322),
	(661, 46),
	(662, 450),
	(663, 194),
	(664, 14),
	(665, 149),
	(666, 174),
	(667, 352),
	(668, 191),
	(669, 357),
	(670, 250),
	(671, 368),
	(672, 382),
	(673, 321),
	(674, 166),
	(675, 72),
	(676, 402),
	(677, 365),
	(678, 104),
	(679, 121),
	(680, 74),
	(681, 69),
	(682, 105),
	(683, 66),
	(684, 445),
	(685, 349),
	(686, 225),
	(687, 129),
	(688, 448),
	(689, 323),
	(690, 211),
	(691, 308),
	(692, 130),
	(693, 346),
	(694, 227),
	(695, 369),
	(696, 255),
	(697, 253),
	(698, 167),
	(699, 254),
	(700, 191),
	(701, 10),
	(702, 162),
	(703, 296),
	(704, 229),
	(705, 232),
	(706, 108),
	(707, 408),
	(708, 162),
	(709, 336),
	(710, 260),
	(711, 167),
	(712, 213),
	(713, 116),
	(714, 445),
	(715, 240),
	(716, 83),
	(717, 62),
	(718, 408),
	(719, 190),
	(720, 445),
	(721, 315),
	(722, 157),
	(723, 252),
	(724, 99),
	(725, 235),
	(726, 253),
	(727, 390),
	(728, 32),
	(729, 226),
	(730, 118),
	(731, 40),
	(732, 260),
	(733, 145),
	(734, 129),
	(735, 250),
	(736, 414),
	(737, 126),
	(738, 357),
	(739, 230),
	(740, 213),
	(741, 35),
	(742, 372),
	(743, 366),
	(744, 277),
	(745, 337),
	(746, 22),
	(747, 344),
	(748, 266),
	(749, 328),
	(750, 40),
	(751, 195),
	(752, 25),
	(753, 276),
	(754, 408),
	(755, 203),
	(756, 24),
	(757, 390),
	(758, 352),
	(759, 206),
	(760, 434),
	(761, 308),
	(762, 382),
	(763, 41),
	(764, 155),
	(765, 71),
	(766, 34),
	(767, 9),
	(768, 109),
	(769, 281),
	(770, 13),
	(771, 364),
	(772, 166),
	(773, 106),
	(774, 144),
	(775, 40),
	(776, 395),
	(777, 418),
	(778, 333),
	(779, 422),
	(780, 62),
	(781, 274),
	(782, 229),
	(783, 351),
	(784, 353),
	(785, 51),
	(786, 182),
	(787, 445),
	(788, 370),
	(789, 155),
	(790, 249),
	(791, 393),
	(792, 259),
	(793, 59),
	(794, 106),
	(795, 346),
	(796, 238),
	(797, 250),
	(798, 68),
	(799, 69),
	(800, 178),
	(801, 75),
	(802, 171),
	(803, 128),
	(804, 121),
	(805, 413),
	(806, 363),
	(807, 66),
	(808, 209),
	(809, 437),
	(810, 366),
	(811, 366),
	(812, 371),
	(813, 199),
	(814, 386),
	(815, 207),
	(816, 328),
	(817, 340),
	(818, 447),
	(819, 314),
	(820, 374),
	(821, 383),
	(822, 336),
	(823, 189),
	(824, 336),
	(825, 49),
	(826, 211),
	(827, 300),
	(828, 259),
	(829, 225),
	(830, 205),
	(831, 138),
	(832, 59),
	(833, 356),
	(834, 257),
	(835, 53),
	(836, 195),
	(837, 88),
	(838, 378),
	(839, 73),
	(840, 429),
	(841, 58),
	(842, 121),
	(843, 68),
	(844, 354),
	(845, 328),
	(846, 364),
	(847, 277),
	(848, 54),
	(849, 46),
	(850, 174),
	(851, 151),
	(852, 307),
	(853, 436),
	(854, 128),
	(855, 407),
	(856, 50),
	(857, 155),
	(858, 230),
	(859, 247),
	(860, 289),
	(861, 77),
	(862, 423),
	(863, 381),
	(864, 132),
	(865, 200),
	(866, 331),
	(867, 448),
	(868, 407),
	(869, 74),
	(870, 332),
	(871, 127),
	(872, 340),
	(873, 6),
	(874, 83),
	(875, 323),
	(876, 138),
	(877, 423),
	(878, 2),
	(879, 390),
	(880, 379),
	(881, 68),
	(882, 53),
	(883, 41),
	(884, 59),
	(885, 185),
	(886, 331),
	(887, 441),
	(888, 125),
	(889, 366),
	(890, 424),
	(891, 425),
	(892, 256),
	(893, 29),
	(894, 115),
	(895, 372),
	(896, 28),
	(897, 378),
	(898, 347),
	(899, 326),
	(900, 382),
	(901, 352),
	(902, 379),
	(903, 155),
	(904, 23),
	(905, 431),
	(906, 104),
	(907, 62),
	(908, 346),
	(909, 122),
	(910, 241),
	(911, 323),
	(912, 268),
	(913, 336),
	(914, 121),
	(915, 415),
	(916, 239),
	(917, 100),
	(918, 267),
	(919, 36),
	(920, 98),
	(921, 217),
	(922, 78),
	(923, 299),
	(924, 73),
	(925, 164),
	(926, 101),
	(927, 73),
	(928, 79),
	(929, 149),
	(930, 193),
	(931, 2),
	(932, 408),
	(933, 95),
	(934, 168),
	(935, 43),
	(936, 434),
	(937, 203),
	(938, 356),
	(939, 67),
	(940, 207),
	(941, 427),
	(942, 296),
	(943, 92),
	(944, 25),
	(945, 263),
	(946, 440),
	(947, 309),
	(948, 178),
	(949, 96),
	(950, 433),
	(951, 351),
	(952, 98),
	(953, 314),
	(954, 58),
	(955, 282),
	(956, 49),
	(957, 290),
	(958, 10),
	(959, 52),
	(960, 108),
	(961, 338),
	(962, 405),
	(963, 194),
	(964, 16),
	(965, 182),
	(966, 51),
	(967, 324),
	(968, 370),
	(969, 197),
	(970, 41),
	(971, 66),
	(972, 350),
	(973, 394),
	(974, 99),
	(975, 180),
	(976, 397),
	(977, 222),
	(978, 168),
	(979, 80),
	(980, 199),
	(981, 272),
	(982, 348),
	(983, 403),
	(984, 364),
	(985, 99),
	(986, 217),
	(987, 203),
	(988, 110),
	(989, 160),
	(990, 179),
	(991, 288),
	(992, 97),
	(993, 195),
	(994, 226),
	(995, 120),
	(996, 375),
	(997, 358),
	(998, 364),
	(999, 97),
	(1000, 167);
/*!40000 ALTER TABLE `pilotos_coches` ENABLE KEYS */;

-- Volcando estructura para procedimiento proyecto.procedimiento1__proyecto
DELIMITER //
CREATE PROCEDURE `procedimiento1__proyecto`(IN codigoCoche INT)
BEGIN

	SELECT COUNT(*), coches.marca, coches.modelo
	FROM pilotos_coches
	INNER JOIN coches ON pilotos_coches.coche = coches.codigo
	WHERE pilotos_coches.coche = codigoCoche
	GROUP BY pilotos_coches.coche;

END//
DELIMITER ;

-- Volcando estructura para procedimiento proyecto.procedimiento2__proyecto
DELIMITER //
CREATE PROCEDURE `procedimiento2__proyecto`()
BEGIN

	DECLARE longitudCircuito DECIMAL(10.3);
	DECLARE nombreCircuito VARCHAR(50);
	
	SELECT circuitos.longitud INTO longitudCircuito
	FROM circuitos
	WHERE circuitos.longitud >= ALL (
		SELECT circuitos.longitud
		FROM circuitos
	);
	
	SELECT circuitos.nombre INTO nombreCircuito
	FROM circuitos
	WHERE circuitos.longitud >= ALL (
		SELECT circuitos.longitud
		FROM circuitos
	);
		
	SELECT CONCAT('El Circuito ', nombreCircuito, ' es el más largo, con un total de ',  longitudCircuito, ' kilómetros.') AS 'EL CIRCUITO MÁS LARGO:';
	
END//
DELIMITER ;

-- Volcando estructura para tabla proyecto.pruebas
CREATE TABLE IF NOT EXISTS `pruebas` (
  `tipo` varchar(50) NOT NULL,
  `descripcion` varchar(500) DEFAULT NULL,
  PRIMARY KEY (`tipo`)
) ENGINE=InnoDB DEFAULT CHARSET=utf8;

-- Volcando datos para la tabla proyecto.pruebas: ~10 rows (aproximadamente)
/*!40000 ALTER TABLE `pruebas` DISABLE KEYS */;
INSERT INTO `pruebas` (`tipo`, `descripcion`) VALUES
	('Autocross', 'Hay que recorrer una tramo de pista complicado en el menor tiempo posible. Ganará el coche que logre cruzar la línea de meta en el menor tiempo posible.'),
	('Carrera de Aceleración', 'Consiste en 3 rondas en un segmento de pista. Ganará el coche que logre adelantar a su contrincante antes de alcanzar la línea de meta por cada ronda.'),
	('Cazador', 'Consiste en adelantar a un contricante con la mayor distancia por delante de éste. Ganará el coche que logre alcanzar la línea de meta con la mayor distancia por delante de su contrincante.'),
	('Contrarreloj', 'Consiste en dar una vuelta a la pista en el menor tiempo posible. Ganará quien logre dar la vuelta en el menor tiempo posible.'),
	('Copa', 'Es una carrera estándar donde todos los pilotos compiten contra todos. Ganará el primer coche que cruce la línea de meta en un determinado número de vueltas.'),
	('Eliminación', 'Compiten 8 pilotos y cada 20 segundos se elimina quien vaya el último. Ganará el coche en ser el último eliminado.'),
	('Récord de Velocidad', 'Consiste en conseguir la mayor velocidad posible en una vuelta a la pista. Ganará el coche que haya logrado la mayor posible.'),
	('Resistencia', 'Consiste en recorrer la mayor distancia posible antes de que se acabe el tiempo preestablecido, y para conseguir tiempo extra hay que adelantar a los demás coches que habrá en la misma pista. Ganará el coche que mayor recorrdio haya logrado antes de que se acabe el tiempo.'),
	('Uno contra Uno', 'Igual que copa, pero sólo hay dos adversarios. Ganrá el que llegue el primer a meta en un determinado número de vueltas.'),
	('Velocidad Instantánea', 'Consiste en recorrer un segmento de pista y cruzar la línea de meta con la mayor velocidad posible. Ganará el coche que haya cruzado la línea de meta con la mayor velocidad posible.');
/*!40000 ALTER TABLE `pruebas` ENABLE KEYS */;

-- Volcando estructura para tabla proyecto.resultados
CREATE TABLE IF NOT EXISTS `resultados` (
  `fecha` date NOT NULL,
  `piloto` int NOT NULL,
  `prueba` varchar(50) NOT NULL,
  `circuito` int NOT NULL,
  `mejor_tiempo` time DEFAULT NULL,
  `posicion` int DEFAULT NULL,
  `recompensa` int DEFAULT NULL,
  PRIMARY KEY (`fecha`,`piloto`,`prueba`,`circuito`),
  KEY `fk_resultados_pruebas1_idx` (`prueba`),
  KEY `fk_resultados_circuitos1_idx` (`circuito`),
  KEY `fk_resultados_pilotos1_idx` (`piloto`),
  CONSTRAINT `fk_resultados_circuitos1` FOREIGN KEY (`circuito`) REFERENCES `circuitos` (`codigo`),
  CONSTRAINT `fk_resultados_pilotos1` FOREIGN KEY (`piloto`) REFERENCES `pilotos` (`codigo`),
  CONSTRAINT `fk_resultados_pruebas1` FOREIGN KEY (`prueba`) REFERENCES `pruebas` (`tipo`)
) ENGINE=InnoDB DEFAULT CHARSET=utf8;

-- Volcando datos para la tabla proyecto.resultados: ~1.002 rows (aproximadamente)
/*!40000 ALTER TABLE `resultados` DISABLE KEYS */;
INSERT INTO `resultados` (`fecha`, `piloto`, `prueba`, `circuito`, `mejor_tiempo`, `posicion`, `recompensa`) VALUES
	('2018-04-17', 761, 'Copa', 25, '00:02:12', 1, 3000),
	('2018-04-17', 762, 'Copa', 25, '00:02:16', 2, 2988),
	('2018-04-17', 763, 'Copa', 25, '00:02:48', 3, 2896),
	('2018-04-17', 764, 'Copa', 25, '00:03:52', 4, 2751),
	('2018-04-17', 765, 'Copa', 25, '00:04:11', 5, 2742),
	('2018-04-17', 766, 'Copa', 25, '00:04:54', 6, 2654),
	('2018-04-17', 767, 'Copa', 25, '00:05:02', 7, 2541),
	('2018-04-17', 768, 'Copa', 25, '00:05:42', 8, 2498),
	('2018-04-17', 769, 'Copa', 25, '00:05:53', 9, 2365),
	('2018-04-17', 770, 'Copa', 25, '00:06:32', 10, 2344),
	('2018-04-17', 771, 'Copa', 25, '00:06:41', 11, 2299),
	('2018-04-17', 772, 'Copa', 25, '00:06:44', 12, 2123),
	('2018-04-17', 773, 'Copa', 25, '00:07:07', 13, 2025),
	('2018-04-17', 774, 'Copa', 25, '00:07:20', 14, 1968),
	('2018-04-17', 775, 'Copa', 25, '00:08:51', 15, 1896),
	('2018-04-17', 776, 'Copa', 25, '00:09:37', 16, 1756),
	('2018-04-17', 777, 'Copa', 25, '00:10:37', 17, 1698),
	('2018-04-17', 778, 'Copa', 25, '00:11:28', 18, 1598),
	('2018-04-17', 779, 'Copa', 25, '00:12:05', 19, 1462),
	('2018-04-17', 780, 'Copa', 25, '00:12:36', 20, 1354),
	('2018-04-17', 781, 'Copa', 25, '00:12:40', 21, 1203),
	('2018-04-17', 782, 'Copa', 25, '00:12:44', 22, 1054),
	('2018-05-22', 793, 'Autocross', 3, '00:02:37', 1, 1500),
	('2018-05-22', 794, 'Autocross', 3, '00:02:39', 2, 1450),
	('2018-05-22', 795, 'Autocross', 3, '00:02:46', 3, 1400),
	('2018-05-22', 796, 'Autocross', 3, '00:02:50', 4, 1350),
	('2018-05-22', 797, 'Autocross', 3, '00:02:53', 5, 1320),
	('2018-05-22', 798, 'Autocross', 3, '00:02:54', 6, 1263),
	('2018-05-22', 799, 'Autocross', 3, '00:03:01', 7, 1223),
	('2018-05-22', 800, 'Autocross', 3, '00:03:05', 8, 1125),
	('2018-05-22', 801, 'Autocross', 3, '00:03:09', 9, 1063),
	('2018-05-22', 802, 'Autocross', 3, '00:03:20', 10, 980),
	('2018-05-28', 223, 'Autocross', 24, '00:01:10', 1, 1500),
	('2018-05-28', 224, 'Autocross', 24, '00:01:17', 2, 1450),
	('2018-05-28', 225, 'Autocross', 24, '00:01:21', 3, 1400),
	('2018-05-28', 226, 'Autocross', 24, '00:01:27', 4, 1350),
	('2018-05-28', 227, 'Autocross', 24, '00:01:29', 5, 1320),
	('2018-05-28', 228, 'Autocross', 24, '00:01:32', 6, 1263),
	('2018-05-28', 229, 'Autocross', 24, '00:01:47', 7, 1223),
	('2018-05-28', 230, 'Autocross', 24, '00:01:50', 8, 1125),
	('2018-05-28', 231, 'Autocross', 24, '00:01:52', 9, 1063),
	('2018-05-28', 232, 'Autocross', 24, '00:01:55', 10, 980),
	('2018-06-09', 643, 'Carrera de Aceleración', 5, '00:01:49', 1, 1000),
	('2018-06-09', 644, 'Carrera de Aceleración', 5, '00:01:53', 2, 850),
	('2018-06-09', 645, 'Carrera de Aceleración', 5, '00:01:56', 3, 600),
	('2018-06-10', 276, 'Contrarreloj', 12, '00:03:30', 1, 1000),
	('2018-06-10', 277, 'Contrarreloj', 12, '00:03:33', 2, 950),
	('2018-06-10', 278, 'Contrarreloj', 12, '00:03:41', 3, 900),
	('2018-06-10', 279, 'Contrarreloj', 12, '00:03:42', 4, 850),
	('2018-06-10', 280, 'Contrarreloj', 12, '00:03:45', 5, 800),
	('2018-06-10', 281, 'Contrarreloj', 12, '00:03:48', 6, 750),
	('2018-06-10', 282, 'Contrarreloj', 12, '00:03:54', 7, 700),
	('2018-06-10', 283, 'Contrarreloj', 12, '00:03:54', 8, 650),
	('2018-06-10', 284, 'Contrarreloj', 12, '00:03:54', 9, 600),
	('2018-06-10', 285, 'Contrarreloj', 12, '00:03:57', 10, 550),
	('2018-07-12', 506, 'Uno contra Uno', 4, '00:03:54', 1, 600),
	('2018-07-12', 507, 'Uno contra Uno', 4, '00:05:23', 2, 523),
	('2018-08-07', 666, 'Copa', 39, '00:07:39', 1, 3000),
	('2018-08-07', 667, 'Copa', 39, '00:08:36', 2, 2988),
	('2018-08-07', 668, 'Copa', 39, '00:08:41', 3, 2896),
	('2018-08-07', 669, 'Copa', 39, '00:08:44', 4, 2751),
	('2018-08-07', 670, 'Copa', 39, '00:11:49', 5, 2742),
	('2018-08-07', 671, 'Copa', 39, '00:12:51', 6, 2654),
	('2018-08-07', 672, 'Copa', 39, '00:12:58', 7, 2541),
	('2018-08-07', 673, 'Copa', 39, '00:13:02', 8, 2498),
	('2018-08-07', 674, 'Copa', 39, '00:14:37', 9, 2365),
	('2018-08-07', 675, 'Copa', 39, '00:15:39', 10, 2344),
	('2018-08-07', 676, 'Copa', 39, '00:16:15', 11, 2299),
	('2018-08-07', 677, 'Copa', 39, '00:17:00', 12, 2123),
	('2018-08-07', 678, 'Copa', 39, '00:17:02', 13, 2025),
	('2018-08-07', 679, 'Copa', 39, '00:17:52', 14, 1968),
	('2018-08-07', 680, 'Copa', 39, '00:18:24', 15, 1896),
	('2018-08-07', 681, 'Copa', 39, '00:18:27', 16, 1756),
	('2018-08-07', 682, 'Copa', 39, '00:19:54', 17, 1698),
	('2018-08-07', 683, 'Copa', 39, '00:21:17', 18, 1598),
	('2018-08-07', 684, 'Copa', 39, '00:21:20', 19, 1462),
	('2018-08-07', 685, 'Copa', 39, '00:24:10', 20, 1354),
	('2018-08-07', 686, 'Copa', 39, '00:24:41', 21, 1203),
	('2018-08-07', 687, 'Copa', 39, '00:24:48', 22, 1054),
	('2018-08-12', 888, 'Autocross', 9, '00:00:47', 1, 1500),
	('2018-08-12', 889, 'Autocross', 9, '00:00:49', 2, 1450),
	('2018-08-12', 890, 'Autocross', 9, '00:00:54', 3, 1400),
	('2018-08-12', 891, 'Autocross', 9, '00:01:02', 4, 1350),
	('2018-08-12', 892, 'Autocross', 9, '00:01:03', 5, 1320),
	('2018-08-12', 893, 'Autocross', 9, '00:01:05', 6, 1263),
	('2018-08-12', 894, 'Autocross', 9, '00:01:10', 7, 1223),
	('2018-08-12', 895, 'Autocross', 9, '00:01:20', 8, 1125),
	('2018-08-12', 896, 'Autocross', 9, '00:01:21', 9, 1063),
	('2018-08-12', 897, 'Autocross', 9, '00:01:24', 10, 980),
	('2018-08-13', 561, 'Contrarreloj', 6, '00:04:09', 1, 1000),
	('2018-08-13', 562, 'Contrarreloj', 6, '00:04:10', 2, 950),
	('2018-08-13', 563, 'Contrarreloj', 6, '00:04:14', 3, 900),
	('2018-08-13', 564, 'Contrarreloj', 6, '00:04:23', 4, 850),
	('2018-08-13', 565, 'Contrarreloj', 6, '00:04:25', 5, 800),
	('2018-08-13', 566, 'Contrarreloj', 6, '00:04:26', 6, 750),
	('2018-08-13', 567, 'Contrarreloj', 6, '00:04:48', 7, 700),
	('2018-08-13', 568, 'Contrarreloj', 6, '00:04:49', 8, 650),
	('2018-08-13', 569, 'Contrarreloj', 6, '00:04:51', 9, 600),
	('2018-08-13', 570, 'Contrarreloj', 6, '00:04:57', 10, 550),
	('2018-09-06', 23, 'Eliminación', 6, '00:02:40', 1, 2000),
	('2018-09-06', 24, 'Eliminación', 6, '00:02:20', 2, 1954),
	('2018-09-06', 25, 'Eliminación', 6, '00:02:00', 3, 1752),
	('2018-09-06', 26, 'Eliminación', 6, '00:01:40', 4, 1423),
	('2018-09-06', 27, 'Eliminación', 6, '00:01:20', 5, 1236),
	('2018-09-06', 28, 'Eliminación', 6, '00:01:00', 6, 1159),
	('2018-09-06', 29, 'Eliminación', 6, '00:00:40', 7, 985),
	('2018-09-06', 30, 'Eliminación', 6, '00:00:20', 8, 758),
	('2018-09-10', 158, 'Velocidad Instantánea', 28, '00:02:02', 1, 1822),
	('2018-09-10', 159, 'Velocidad Instantánea', 28, '00:02:02', 2, 1745),
	('2018-09-10', 160, 'Velocidad Instantánea', 28, '00:02:04', 3, 1654),
	('2018-09-10', 161, 'Velocidad Instantánea', 28, '00:02:05', 4, 1520),
	('2018-09-10', 162, 'Velocidad Instantánea', 28, '00:02:05', 5, 1420),
	('2018-09-10', 163, 'Velocidad Instantánea', 28, '00:02:06', 6, 1389),
	('2018-09-10', 164, 'Velocidad Instantánea', 28, '00:02:07', 7, 1285),
	('2018-09-10', 165, 'Velocidad Instantánea', 28, '00:02:13', 8, 1100),
	('2018-09-10', 166, 'Velocidad Instantánea', 28, '00:02:18', 9, 895),
	('2018-09-10', 167, 'Velocidad Instantánea', 28, '00:02:27', 10, 562),
	('2018-09-18', 931, 'Cazador', 40, '00:01:30', 1, 1200),
	('2018-09-18', 932, 'Cazador', 40, '00:01:35', 2, 1150),
	('2018-09-18', 933, 'Cazador', 40, '00:01:39', 3, 1100),
	('2018-09-18', 934, 'Cazador', 40, '00:01:39', 4, 1000),
	('2018-09-18', 935, 'Cazador', 40, '00:01:42', 5, 950),
	('2018-09-18', 936, 'Cazador', 40, '00:01:46', 6, 900),
	('2018-09-18', 937, 'Cazador', 40, '00:01:46', 7, 850),
	('2018-09-18', 938, 'Cazador', 40, '00:01:46', 8, 800),
	('2018-09-18', 939, 'Cazador', 40, '00:01:52', 9, 750),
	('2018-09-18', 940, 'Cazador', 40, '00:01:58', 10, 700),
	('2018-09-30', 138, 'Resistencia', 46, '00:08:27', 1, 2600),
	('2018-09-30', 139, 'Resistencia', 46, '00:08:27', 2, 2510),
	('2018-09-30', 140, 'Resistencia', 46, '00:08:33', 3, 2345),
	('2018-09-30', 141, 'Resistencia', 46, '00:09:02', 4, 2254),
	('2018-09-30', 142, 'Resistencia', 46, '00:09:19', 5, 2241),
	('2018-09-30', 143, 'Resistencia', 46, '00:09:25', 6, 2203),
	('2018-09-30', 144, 'Resistencia', 46, '00:09:27', 7, 1540),
	('2018-09-30', 145, 'Resistencia', 46, '00:09:35', 8, 1890),
	('2018-09-30', 146, 'Resistencia', 46, '00:09:35', 9, 1874),
	('2018-09-30', 147, 'Resistencia', 46, '00:09:40', 10, 1600),
	('2018-10-02', 96, 'Copa', 45, '00:01:37', 1, 3000),
	('2018-10-02', 97, 'Copa', 45, '00:01:50', 2, 2988),
	('2018-10-02', 98, 'Copa', 45, '00:02:40', 3, 2896),
	('2018-10-02', 99, 'Copa', 45, '00:03:33', 4, 2751),
	('2018-10-02', 100, 'Copa', 45, '00:04:26', 5, 2742),
	('2018-10-02', 101, 'Copa', 45, '00:05:31', 6, 2654),
	('2018-10-02', 102, 'Copa', 45, '00:08:51', 7, 2541),
	('2018-10-02', 103, 'Copa', 45, '00:09:28', 8, 2498),
	('2018-10-02', 104, 'Copa', 45, '00:09:48', 9, 2365),
	('2018-10-02', 105, 'Copa', 45, '00:12:06', 10, 2344),
	('2018-10-02', 106, 'Copa', 45, '00:13:16', 11, 2299),
	('2018-10-02', 107, 'Copa', 45, '00:14:28', 12, 2123),
	('2018-10-02', 108, 'Copa', 45, '00:14:29', 13, 2025),
	('2018-10-02', 109, 'Copa', 45, '00:14:53', 14, 1968),
	('2018-10-02', 110, 'Copa', 45, '00:17:02', 15, 1896),
	('2018-10-02', 111, 'Copa', 45, '00:17:23', 16, 1756),
	('2018-10-02', 112, 'Copa', 45, '00:17:25', 17, 1698),
	('2018-10-02', 113, 'Copa', 45, '00:17:37', 18, 1598),
	('2018-10-02', 114, 'Copa', 45, '00:17:47', 19, 1462),
	('2018-10-02', 115, 'Copa', 45, '00:17:54', 20, 1354),
	('2018-10-02', 116, 'Copa', 45, '00:18:26', 21, 1203),
	('2018-10-02', 117, 'Copa', 45, '00:18:30', 22, 1054),
	('2018-11-01', 233, 'Resistencia', 16, '00:07:12', 1, 2600),
	('2018-11-01', 234, 'Resistencia', 16, '00:07:19', 2, 2510),
	('2018-11-01', 235, 'Resistencia', 16, '00:07:21', 3, 2345),
	('2018-11-01', 236, 'Resistencia', 16, '00:07:39', 4, 2254),
	('2018-11-01', 237, 'Resistencia', 16, '00:07:40', 5, 2241),
	('2018-11-01', 238, 'Resistencia', 16, '00:07:40', 6, 2203),
	('2018-11-01', 239, 'Resistencia', 16, '00:07:46', 7, 1540),
	('2018-11-01', 240, 'Resistencia', 16, '00:08:41', 8, 1890),
	('2018-11-01', 241, 'Resistencia', 16, '00:08:44', 9, 1874),
	('2018-11-01', 242, 'Resistencia', 16, '00:08:56', 10, 1600),
	('2018-11-15', 171, 'Cazador', 22, '00:01:46', 1, 1200),
	('2018-11-15', 172, 'Cazador', 22, '00:01:46', 2, 1150),
	('2018-11-15', 173, 'Cazador', 22, '00:01:57', 3, 1100),
	('2018-11-15', 174, 'Cazador', 22, '00:02:05', 4, 1000),
	('2018-11-15', 175, 'Cazador', 22, '00:02:08', 5, 950),
	('2018-11-15', 176, 'Cazador', 22, '00:02:12', 6, 900),
	('2018-11-15', 177, 'Cazador', 22, '00:02:14', 7, 850),
	('2018-11-15', 178, 'Cazador', 22, '00:02:21', 8, 800),
	('2018-11-15', 179, 'Cazador', 22, '00:02:23', 9, 750),
	('2018-11-15', 180, 'Cazador', 22, '00:02:24', 10, 700),
	('2018-11-25', 928, 'Carrera de Aceleración', 25, '00:00:34', 1, 1000),
	('2018-11-25', 929, 'Carrera de Aceleración', 25, '00:00:34', 2, 850),
	('2018-11-25', 930, 'Carrera de Aceleración', 25, '00:00:34', 3, 600),
	('2018-12-16', 168, 'Carrera de Aceleración', 11, '00:00:40', 1, 1000),
	('2018-12-16', 169, 'Carrera de Aceleración', 11, '00:00:43', 2, 850),
	('2018-12-16', 170, 'Carrera de Aceleración', 1, '00:00:47', 3, 600),
	('2018-12-19', 286, 'Copa', 19, '00:05:22', 1, 3000),
	('2018-12-19', 287, 'Copa', 19, '00:05:48', 2, 2988),
	('2018-12-19', 288, 'Copa', 19, '00:08:06', 3, 2896),
	('2018-12-19', 289, 'Copa', 19, '00:08:55', 4, 2751),
	('2018-12-19', 290, 'Copa', 19, '00:09:58', 5, 2742),
	('2018-12-19', 291, 'Copa', 19, '00:10:29', 6, 2654),
	('2018-12-19', 292, 'Copa', 19, '00:12:13', 7, 2541),
	('2018-12-19', 293, 'Copa', 19, '00:13:08', 8, 2498),
	('2018-12-19', 294, 'Copa', 19, '00:13:16', 9, 2365),
	('2018-12-19', 295, 'Copa', 19, '00:13:29', 10, 2344),
	('2018-12-19', 296, 'Copa', 19, '00:15:21', 11, 2299),
	('2018-12-19', 297, 'Copa', 19, '00:15:22', 12, 2123),
	('2018-12-19', 298, 'Copa', 19, '00:15:50', 13, 2025),
	('2018-12-19', 299, 'Copa', 19, '00:17:52', 14, 1968),
	('2018-12-19', 300, 'Copa', 19, '00:18:48', 15, 1896),
	('2018-12-19', 301, 'Copa', 19, '00:18:57', 16, 1756),
	('2018-12-19', 302, 'Copa', 19, '00:19:26', 17, 1698),
	('2018-12-19', 303, 'Copa', 19, '00:20:48', 18, 1598),
	('2018-12-19', 304, 'Copa', 19, '00:20:52', 19, 1462),
	('2018-12-19', 305, 'Copa', 19, '00:21:12', 20, 1354),
	('2018-12-19', 306, 'Copa', 19, '00:24:37', 21, 1203),
	('2018-12-19', 307, 'Copa', 19, '00:24:44', 22, 1054),
	('2018-12-22', 253, 'Velocidad Instantánea', 42, '00:01:07', 1, 1822),
	('2018-12-22', 254, 'Velocidad Instantánea', 42, '00:01:16', 2, 1745),
	('2018-12-22', 255, 'Velocidad Instantánea', 42, '00:01:19', 3, 1654),
	('2018-12-22', 256, 'Velocidad Instantánea', 42, '00:01:22', 4, 1520),
	('2018-12-22', 257, 'Velocidad Instantánea', 42, '00:01:24', 5, 1420),
	('2018-12-22', 258, 'Velocidad Instantánea', 42, '00:01:30', 6, 1389),
	('2018-12-22', 259, 'Velocidad Instantánea', 42, '00:01:30', 7, 1285),
	('2018-12-22', 260, 'Velocidad Instantánea', 42, '00:01:35', 8, 1100),
	('2018-12-22', 261, 'Velocidad Instantánea', 42, '00:01:39', 9, 895),
	('2018-12-22', 262, 'Velocidad Instantánea', 42, '00:01:47', 10, 562),
	('2019-02-04', 601, 'Uno contra Uno', 38, '00:03:32', 1, 600),
	('2019-02-04', 602, 'Uno contra Uno', 38, '00:03:38', 2, 523),
	('2019-02-17', 338, 'Récord de Velocidad', 5, '00:04:03', 1, 1500),
	('2019-02-17', 339, 'Récord de Velocidad', 5, '00:04:11', 2, 1400),
	('2019-02-17', 340, 'Récord de Velocidad', 5, '00:04:12', 3, 1300),
	('2019-02-17', 341, 'Récord de Velocidad', 5, '00:04:26', 4, 1200),
	('2019-02-17', 342, 'Récord de Velocidad', 5, '00:04:30', 5, 1100),
	('2019-02-17', 343, 'Récord de Velocidad', 5, '00:04:32', 6, 1000),
	('2019-02-17', 344, 'Récord de Velocidad', 5, '00:04:40', 7, 950),
	('2019-02-17', 345, 'Récord de Velocidad', 5, '00:04:49', 8, 850),
	('2019-02-17', 346, 'Récord de Velocidad', 5, '00:04:57', 9, 750),
	('2019-02-17', 347, 'Récord de Velocidad', 5, '00:04:58', 10, 700),
	('2019-03-04', 31, 'Uno contra Uno', 2, '00:01:54', 1, 600),
	('2019-03-04', 32, 'Uno contra Uno', 2, '00:01:56', 2, 523),
	('2019-03-18', 126, 'Uno contra Uno', 7, '00:02:32', 1, 600),
	('2019-03-18', 127, 'Uno contra Uno', 7, '00:02:58', 2, 523),
	('2019-03-28', 181, 'Contrarreloj', 44, '00:02:31', 1, 1000),
	('2019-03-28', 182, 'Contrarreloj', 44, '00:02:32', 2, 950),
	('2019-03-28', 183, 'Contrarreloj', 44, '00:02:46', 3, 900),
	('2019-03-28', 184, 'Contrarreloj', 44, '00:02:51', 4, 850),
	('2019-03-28', 185, 'Contrarreloj', 44, '00:02:53', 5, 800),
	('2019-03-28', 186, 'Contrarreloj', 44, '00:02:53', 6, 750),
	('2019-03-28', 187, 'Contrarreloj', 44, '00:02:56', 7, 700),
	('2019-03-28', 188, 'Contrarreloj', 44, '00:02:56', 8, 650),
	('2019-03-28', 189, 'Contrarreloj', 44, '00:02:57', 9, 600),
	('2019-03-28', 190, 'Contrarreloj', 44, '00:03:00', 10, 550),
	('2019-04-06', 371, 'Contrarreloj', 38, '00:04:32', 1, 1000),
	('2019-04-06', 372, 'Contrarreloj', 38, '00:04:34', 2, 950),
	('2019-04-06', 373, 'Contrarreloj', 38, '00:04:37', 3, 900),
	('2019-04-06', 374, 'Contrarreloj', 38, '00:04:39', 4, 850),
	('2019-04-06', 375, 'Contrarreloj', 38, '00:04:41', 5, 800),
	('2019-04-06', 376, 'Contrarreloj', 38, '00:04:48', 6, 750),
	('2019-04-06', 377, 'Contrarreloj', 38, '00:04:48', 7, 700),
	('2019-04-06', 378, 'Contrarreloj', 38, '00:04:51', 8, 650),
	('2019-04-06', 379, 'Contrarreloj', 38, '00:04:55', 9, 600),
	('2019-04-06', 380, 'Contrarreloj', 38, '00:04:57', 10, 550),
	('2019-04-07', 833, 'Carrera de Aceleración', 6, '00:00:28', 1, 1000),
	('2019-04-07', 834, 'Carrera de Aceleración', 6, '00:00:29', 2, 850),
	('2019-04-07', 835, 'Carrera de Aceleración', 6, '00:00:31', 3, 600),
	('2019-04-22', 728, 'Velocidad Instantánea', 7, '00:00:34', 1, 1822),
	('2019-04-22', 729, 'Velocidad Instantánea', 7, '00:00:34', 2, 1745),
	('2019-04-22', 730, 'Velocidad Instantánea', 7, '00:00:36', 3, 1654),
	('2019-04-22', 731, 'Velocidad Instantánea', 7, '00:00:37', 4, 1520),
	('2019-04-22', 732, 'Velocidad Instantánea', 7, '00:00:39', 5, 1420),
	('2019-04-22', 733, 'Velocidad Instantánea', 7, '00:00:42', 6, 1389),
	('2019-04-22', 734, 'Velocidad Instantánea', 7, '00:00:42', 7, 1285),
	('2019-04-22', 735, 'Velocidad Instantánea', 7, '00:00:43', 8, 1100),
	('2019-04-22', 736, 'Velocidad Instantánea', 7, '00:00:49', 9, 895),
	('2019-04-22', 737, 'Velocidad Instantánea', 7, '00:00:50', 10, 562),
	('2019-05-03', 118, 'Eliminación', 22, '00:02:40', 1, 2000),
	('2019-05-03', 119, 'Eliminación', 22, '00:02:20', 2, 1954),
	('2019-05-03', 120, 'Eliminación', 22, '00:02:00', 3, 1752),
	('2019-05-03', 121, 'Eliminación', 22, '00:01:40', 4, 1423),
	('2019-05-03', 122, 'Eliminación', 22, '00:01:20', 5, 1236),
	('2019-05-03', 123, 'Eliminación', 22, '00:01:00', 6, 1159),
	('2019-05-03', 124, 'Eliminación', 22, '00:00:40', 7, 985),
	('2019-05-03', 125, 'Eliminación', 22, '00:00:20', 8, 758),
	('2019-05-14', 951, 'Copa', 31, '00:01:13', 1, 3000),
	('2019-05-14', 952, 'Copa', 31, '00:01:14', 2, 2988),
	('2019-05-14', 953, 'Copa', 31, '00:01:25', 3, 2896),
	('2019-05-14', 954, 'Copa', 31, '00:01:39', 4, 2751),
	('2019-05-14', 955, 'Copa', 31, '00:02:56', 5, 2742),
	('2019-05-14', 956, 'Copa', 31, '00:03:30', 6, 2654),
	('2019-05-14', 957, 'Copa', 31, '00:03:53', 7, 2541),
	('2019-05-14', 958, 'Copa', 31, '00:04:28', 8, 2498),
	('2019-05-14', 959, 'Copa', 31, '00:04:33', 9, 2365),
	('2019-05-14', 960, 'Copa', 31, '00:04:37', 10, 2344),
	('2019-05-14', 961, 'Copa', 31, '00:05:00', 11, 2299),
	('2019-05-14', 962, 'Copa', 31, '00:05:04', 12, 2123),
	('2019-05-14', 963, 'Copa', 31, '00:05:14', 13, 2025),
	('2019-05-14', 964, 'Copa', 31, '00:05:14', 14, 1968),
	('2019-05-14', 965, 'Copa', 31, '00:05:23', 15, 1896),
	('2019-05-14', 966, 'Copa', 31, '00:06:04', 16, 1756),
	('2019-05-14', 967, 'Copa', 31, '00:06:50', 17, 1698),
	('2019-05-14', 968, 'Copa', 31, '00:07:45', 18, 1598),
	('2019-05-14', 969, 'Copa', 31, '00:08:05', 19, 1462),
	('2019-05-14', 970, 'Copa', 31, '00:09:12', 20, 1354),
	('2019-05-14', 971, 'Copa', 31, '00:09:14', 21, 1203),
	('2019-05-14', 972, 'Copa', 31, '00:09:53', 22, 1054),
	('2019-05-28', 846, 'Contrarreloj', 45, '00:01:03', 1, 1000),
	('2019-05-28', 847, 'Contrarreloj', 45, '00:01:04', 2, 950),
	('2019-05-28', 848, 'Contrarreloj', 45, '00:01:09', 3, 900),
	('2019-05-28', 849, 'Contrarreloj', 45, '00:01:10', 4, 850),
	('2019-05-28', 850, 'Contrarreloj', 45, '00:01:11', 5, 800),
	('2019-05-28', 851, 'Contrarreloj', 45, '00:01:16', 6, 750),
	('2019-05-28', 852, 'Contrarreloj', 45, '00:01:19', 7, 700),
	('2019-05-28', 853, 'Contrarreloj', 45, '00:01:20', 8, 650),
	('2019-05-28', 854, 'Contrarreloj', 45, '00:01:22', 9, 600),
	('2019-05-28', 855, 'Contrarreloj', 45, '00:01:31', 10, 550),
	('2019-06-13', 823, 'Velocidad Instantánea', 44, '00:00:46', 1, 1822),
	('2019-06-13', 824, 'Velocidad Instantánea', 44, '00:01:00', 2, 1745),
	('2019-06-13', 825, 'Velocidad Instantánea', 44, '00:01:00', 3, 1654),
	('2019-06-13', 826, 'Velocidad Instantánea', 44, '00:01:05', 4, 1520),
	('2019-06-13', 827, 'Velocidad Instantánea', 44, '00:01:07', 5, 1420),
	('2019-06-13', 828, 'Velocidad Instantánea', 44, '00:01:35', 6, 1389),
	('2019-06-13', 829, 'Velocidad Instantánea', 44, '00:01:37', 7, 1285),
	('2019-06-13', 830, 'Velocidad Instantánea', 44, '00:01:46', 8, 1100),
	('2019-06-13', 831, 'Velocidad Instantánea', 44, '00:01:46', 9, 895),
	('2019-06-13', 832, 'Velocidad Instantánea', 44, '00:01:48', 10, 562),
	('2019-06-15', 593, 'Eliminación', 27, '00:02:40', 1, 2000),
	('2019-06-15', 594, 'Eliminación', 27, '00:02:20', 2, 1954),
	('2019-06-15', 595, 'Eliminación', 27, '00:02:00', 3, 1752),
	('2019-06-15', 596, 'Eliminación', 27, '00:01:40', 4, 1423),
	('2019-06-15', 597, 'Eliminación', 27, '00:01:20', 5, 1236),
	('2019-06-15', 598, 'Eliminación', 27, '00:01:00', 6, 1159),
	('2019-06-15', 599, 'Eliminación', 27, '00:00:40', 7, 985),
	('2019-06-15', 600, 'Eliminación', 27, '00:00:20', 8, 758),
	('2019-06-19', 403, 'Eliminación', 35, '00:02:40', 1, 2000),
	('2019-06-19', 404, 'Eliminación', 35, '00:02:20', 2, 1954),
	('2019-06-19', 405, 'Eliminación', 35, '00:02:00', 3, 1752),
	('2019-06-19', 406, 'Eliminación', 35, '00:01:40', 4, 1423),
	('2019-06-19', 407, 'Eliminación', 35, '00:01:20', 5, 1236),
	('2019-06-19', 408, 'Eliminación', 35, '00:01:00', 6, 1159),
	('2019-06-19', 409, 'Eliminación', 35, '00:00:40', 7, 985),
	('2019-06-19', 410, 'Eliminación', 35, '00:00:20', 8, 758),
	('2019-06-21', 308, 'Eliminación', 5, '00:02:40', 1, 2000),
	('2019-06-21', 309, 'Eliminación', 5, '00:02:20', 2, 1954),
	('2019-06-21', 310, 'Eliminación', 5, '00:02:00', 3, 1752),
	('2019-06-21', 311, 'Eliminación', 5, '00:01:40', 4, 1423),
	('2019-06-21', 312, 'Eliminación', 5, '00:01:20', 5, 1236),
	('2019-06-21', 313, 'Eliminación', 5, '00:01:00', 6, 1159),
	('2019-06-21', 314, 'Eliminación', 5, '00:00:40', 7, 985),
	('2019-06-21', 315, 'Eliminación', 5, '00:00:20', 8, 758),
	('2019-07-21', 476, 'Copa', 29, '00:02:01', 1, 3000),
	('2019-07-21', 477, 'Copa', 29, '00:02:29', 2, 2988),
	('2019-07-21', 478, 'Copa', 29, '00:02:44', 3, 2896),
	('2019-07-21', 479, 'Copa', 29, '00:03:22', 4, 2751),
	('2019-07-21', 480, 'Copa', 29, '00:03:32', 5, 2742),
	('2019-07-21', 481, 'Copa', 29, '00:03:43', 6, 2654),
	('2019-07-21', 482, 'Copa', 29, '00:03:50', 7, 2541),
	('2019-07-21', 483, 'Copa', 29, '00:03:57', 8, 2498),
	('2019-07-21', 484, 'Copa', 29, '00:04:13', 9, 2365),
	('2019-07-21', 485, 'Copa', 29, '00:04:14', 10, 2344),
	('2019-07-21', 486, 'Copa', 29, '00:04:15', 11, 2299),
	('2019-07-21', 487, 'Copa', 29, '00:05:11', 12, 2123),
	('2019-07-21', 488, 'Copa', 29, '00:05:19', 13, 2025),
	('2019-07-21', 489, 'Copa', 29, '00:06:19', 14, 1968),
	('2019-07-21', 490, 'Copa', 29, '00:06:33', 15, 1896),
	('2019-07-21', 491, 'Copa', 29, '00:07:29', 16, 1756),
	('2019-07-21', 492, 'Copa', 29, '00:07:58', 17, 1698),
	('2019-07-21', 493, 'Copa', 29, '00:08:11', 18, 1598),
	('2019-07-21', 494, 'Copa', 29, '00:08:52', 19, 1462),
	('2019-07-21', 495, 'Copa', 29, '00:09:03', 20, 1354),
	('2019-07-21', 496, 'Copa', 29, '00:09:26', 21, 1203),
	('2019-07-21', 497, 'Copa', 29, '00:09:38', 22, 1054),
	('2019-08-17', 243, 'Récord de Velocidad', 43, '00:03:13', 1, 1500),
	('2019-08-17', 244, 'Récord de Velocidad', 43, '00:03:15', 2, 1400),
	('2019-08-17', 245, 'Récord de Velocidad', 43, '00:03:26', 3, 1300),
	('2019-08-17', 246, 'Récord de Velocidad', 43, '00:03:32', 4, 1200),
	('2019-08-17', 247, 'Récord de Velocidad', 43, '00:03:36', 5, 1100),
	('2019-08-17', 248, 'Récord de Velocidad', 43, '00:03:42', 6, 1000),
	('2019-08-17', 249, 'Récord de Velocidad', 43, '00:03:48', 7, 950),
	('2019-08-17', 250, 'Récord de Velocidad', 43, '00:03:56', 8, 850),
	('2019-08-17', 251, 'Récord de Velocidad', 43, '00:04:04', 9, 750),
	('2019-08-17', 252, 'Récord de Velocidad', 43, '00:04:10', 10, 700),
	('2019-09-01', 191, 'Copa', 17, '00:01:53', 1, 3000),
	('2019-09-01', 192, 'Copa', 17, '00:03:01', 2, 2988),
	('2019-09-01', 193, 'Copa', 17, '00:04:06', 3, 2896),
	('2019-09-01', 194, 'Copa', 17, '00:04:07', 4, 2751),
	('2019-09-01', 195, 'Copa', 17, '00:04:13', 5, 2742),
	('2019-09-01', 196, 'Copa', 17, '00:04:20', 6, 2654),
	('2019-09-01', 197, 'Copa', 17, '00:04:31', 7, 2541),
	('2019-09-01', 198, 'Copa', 17, '00:04:50', 8, 2498),
	('2019-09-01', 199, 'Copa', 17, '00:05:29', 9, 2365),
	('2019-09-01', 200, 'Copa', 17, '00:06:11', 10, 2344),
	('2019-09-01', 201, 'Copa', 17, '00:06:17', 11, 2299),
	('2019-09-01', 202, 'Copa', 17, '00:06:30', 12, 2123),
	('2019-09-01', 203, 'Copa', 17, '00:07:34', 13, 2025),
	('2019-09-01', 204, 'Copa', 17, '00:07:59', 14, 1968),
	('2019-09-01', 205, 'Copa', 17, '00:07:59', 15, 1896),
	('2019-09-01', 206, 'Copa', 17, '00:08:26', 16, 1756),
	('2019-09-01', 207, 'Copa', 17, '00:08:27', 17, 1698),
	('2019-09-01', 208, 'Copa', 17, '00:08:30', 18, 1598),
	('2019-09-01', 209, 'Copa', 17, '00:09:03', 19, 1462),
	('2019-09-01', 210, 'Copa', 17, '00:09:26', 20, 1354),
	('2019-09-01', 211, 'Copa', 17, '00:09:28', 21, 1203),
	('2019-09-01', 212, 'Copa', 17, '00:09:49', 22, 1054),
	('2019-09-04', 538, 'Velocidad Instantánea', 34, '00:01:33', 1, 1822),
	('2019-09-04', 539, 'Velocidad Instantánea', 34, '00:01:34', 2, 1745),
	('2019-09-04', 540, 'Velocidad Instantánea', 34, '00:01:37', 3, 1654),
	('2019-09-04', 541, 'Velocidad Instantánea', 34, '00:01:42', 4, 1520),
	('2019-09-04', 542, 'Velocidad Instantánea', 34, '00:01:42', 5, 1420),
	('2019-09-04', 543, 'Velocidad Instantánea', 34, '00:01:43', 6, 1389),
	('2019-09-04', 544, 'Velocidad Instantánea', 34, '00:01:43', 7, 1285),
	('2019-09-04', 545, 'Velocidad Instantánea', 34, '00:01:46', 8, 1100),
	('2019-09-04', 546, 'Velocidad Instantánea', 34, '00:01:47', 9, 895),
	('2019-09-04', 547, 'Velocidad Instantánea', 34, '00:01:50', 10, 562),
	('2019-09-07', 633, 'Velocidad Instantánea', 38, '00:01:34', 1, 1822),
	('2019-09-07', 634, 'Velocidad Instantánea', 38, '00:01:42', 2, 1745),
	('2019-09-07', 635, 'Velocidad Instantánea', 38, '00:01:56', 3, 1654),
	('2019-09-07', 636, 'Velocidad Instantánea', 38, '00:02:02', 4, 1520),
	('2019-09-07', 637, 'Velocidad Instantánea', 38, '00:02:22', 5, 1420),
	('2019-09-07', 638, 'Velocidad Instantánea', 38, '00:02:29', 6, 1389),
	('2019-09-07', 639, 'Velocidad Instantánea', 38, '00:02:30', 7, 1285),
	('2019-09-07', 640, 'Velocidad Instantánea', 38, '00:02:32', 8, 1100),
	('2019-09-07', 641, 'Velocidad Instantánea', 38, '00:02:33', 9, 895),
	('2019-09-07', 642, 'Velocidad Instantánea', 38, '00:02:49', 10, 562),
	('2019-09-14', 856, 'Copa', 17, '00:05:23', 1, 3000),
	('2019-09-14', 857, 'Copa', 17, '00:05:24', 2, 2988),
	('2019-09-14', 858, 'Copa', 17, '00:07:31', 3, 2896),
	('2019-09-14', 859, 'Copa', 17, '00:07:31', 4, 2751),
	('2019-09-14', 860, 'Copa', 17, '00:07:37', 5, 2742),
	('2019-09-14', 861, 'Copa', 17, '00:07:40', 6, 2654),
	('2019-09-14', 862, 'Copa', 17, '00:07:40', 7, 2541),
	('2019-09-14', 863, 'Copa', 17, '00:08:35', 8, 2498),
	('2019-09-14', 864, 'Copa', 17, '00:09:17', 9, 2365),
	('2019-09-14', 865, 'Copa', 17, '00:09:47', 10, 2344),
	('2019-09-14', 866, 'Copa', 17, '00:09:53', 11, 2299),
	('2019-09-14', 867, 'Copa', 17, '00:10:10', 12, 2123),
	('2019-09-14', 868, 'Copa', 17, '00:10:26', 13, 2025),
	('2019-09-14', 869, 'Copa', 17, '00:10:27', 14, 1968),
	('2019-09-14', 870, 'Copa', 17, '00:10:33', 15, 1896),
	('2019-09-14', 871, 'Copa', 17, '00:10:48', 16, 1756),
	('2019-09-14', 872, 'Copa', 17, '00:11:19', 17, 1698),
	('2019-09-14', 873, 'Copa', 17, '00:11:46', 18, 1598),
	('2019-09-14', 874, 'Copa', 17, '00:11:54', 19, 1462),
	('2019-09-14', 875, 'Copa', 17, '00:11:56', 20, 1354),
	('2019-09-14', 876, 'Copa', 17, '00:11:56', 21, 1203),
	('2019-09-14', 877, 'Copa', 17, '00:11:58', 22, 1054),
	('2019-09-22', 548, 'Carrera de Aceleración', 9, '00:01:44', 1, 1000),
	('2019-09-22', 549, 'Carrera de Aceleración', 9, '00:01:46', 2, 850),
	('2019-09-22', 550, 'Carrera de Aceleración', 9, '00:01:47', 3, 600),
	('2019-09-23', 708, 'Resistencia', 6, '00:09:50', 1, 2600),
	('2019-09-23', 709, 'Resistencia', 6, '00:09:50', 2, 2510),
	('2019-09-23', 710, 'Resistencia', 6, '00:09:50', 3, 2345),
	('2019-09-23', 711, 'Resistencia', 6, '00:09:55', 4, 2254),
	('2019-09-23', 712, 'Resistencia', 6, '00:11:00', 5, 2241),
	('2019-09-23', 713, 'Resistencia', 6, '00:11:07', 6, 2203),
	('2019-09-23', 714, 'Resistencia', 6, '00:11:21', 7, 1540),
	('2019-09-23', 715, 'Resistencia', 6, '00:11:27', 8, 1890),
	('2019-09-23', 716, 'Resistencia', 6, '00:11:38', 9, 1874),
	('2019-09-23', 717, 'Resistencia', 6, '00:11:47', 10, 1600),
	('2019-09-27', 33, 'Autocross', 4, '00:00:43', 1, 1500),
	('2019-09-27', 34, 'Autocross', 4, '00:00:45', 2, 1450),
	('2019-09-27', 35, 'Autocross', 4, '00:00:45', 3, 1400),
	('2019-09-27', 36, 'Autocross', 4, '00:00:49', 4, 1350),
	('2019-09-27', 37, 'Autocross', 4, '00:00:51', 5, 1320),
	('2019-09-27', 38, 'Autocross', 4, '00:00:53', 6, 1263),
	('2019-09-27', 39, 'Autocross', 4, '00:00:53', 7, 1223),
	('2019-09-27', 40, 'Autocross', 4, '00:00:54', 8, 1125),
	('2019-09-27', 41, 'Autocross', 4, '00:00:58', 9, 1063),
	('2019-09-27', 42, 'Autocross', 4, '00:01:00', 10, 980),
	('2019-10-13', 411, 'Uno contra Uno', 50, '00:01:52', 1, 600),
	('2019-10-13', 412, 'Uno contra Uno', 50, '00:01:58', 2, 523),
	('2019-11-05', 316, 'Uno contra Uno', 45, '00:00:35', 1, 600),
	('2019-11-05', 317, 'Uno contra Uno', 45, '00:00:41', 2, 523),
	('2019-11-09', 696, 'Uno contra Uno', 49, '00:01:42', 1, 600),
	('2019-11-09', 697, 'Uno contra Uno', 49, '00:02:38', 2, 523),
	('2019-11-30', 148, 'Récord de Velocidad', 13, '00:02:12', 1, 1500),
	('2019-11-30', 149, 'Récord de Velocidad', 13, '00:02:14', 2, 1400),
	('2019-11-30', 150, 'Récord de Velocidad', 13, '00:02:14', 3, 1300),
	('2019-11-30', 151, 'Récord de Velocidad', 13, '00:02:20', 4, 1200),
	('2019-11-30', 152, 'Récord de Velocidad', 13, '00:02:23', 5, 1100),
	('2019-11-30', 153, 'Récord de Velocidad', 13, '00:02:28', 6, 1000),
	('2019-11-30', 154, 'Récord de Velocidad', 13, '00:02:44', 7, 950),
	('2019-11-30', 155, 'Récord de Velocidad', 13, '00:03:08', 8, 850),
	('2019-11-30', 156, 'Récord de Velocidad', 13, '00:03:08', 9, 750),
	('2019-11-30', 157, 'Récord de Velocidad', 13, '00:03:12', 10, 700),
	('2019-12-03', 718, 'Récord de Velocidad', 45, '00:03:17', 1, 1500),
	('2019-12-03', 719, 'Récord de Velocidad', 45, '00:03:34', 2, 1400),
	('2019-12-03', 720, 'Récord de Velocidad', 45, '00:03:46', 3, 1300),
	('2019-12-03', 721, 'Récord de Velocidad', 45, '00:03:52', 4, 1200),
	('2019-12-03', 722, 'Récord de Velocidad', 45, '00:04:08', 5, 1100),
	('2019-12-03', 723, 'Récord de Velocidad', 45, '00:04:14', 6, 1000),
	('2019-12-03', 724, 'Récord de Velocidad', 45, '00:04:16', 7, 950),
	('2019-12-03', 725, 'Récord de Velocidad', 45, '00:04:20', 8, 850),
	('2019-12-03', 726, 'Récord de Velocidad', 45, '00:04:22', 9, 750),
	('2019-12-03', 727, 'Récord de Velocidad', 45, '00:04:29', 10, 700),
	('2019-12-04', 213, 'Eliminación', 16, '00:02:40', 1, 2000),
	('2019-12-04', 214, 'Eliminación', 16, '00:02:20', 2, 1954),
	('2019-12-04', 215, 'Eliminación', 16, '00:02:00', 3, 1752),
	('2019-12-04', 216, 'Eliminación', 16, '00:01:40', 4, 1423),
	('2019-12-04', 217, 'Eliminación', 16, '00:01:20', 5, 1236),
	('2019-12-04', 218, 'Eliminación', 16, '00:01:00', 6, 1159),
	('2019-12-04', 219, 'Eliminación', 16, '00:00:40', 7, 985),
	('2019-12-04', 220, 'Eliminación', 16, '00:00:20', 8, 758),
	('2019-12-06', 53, 'Récord de Velocidad', 37, '00:01:02', 1, 1500),
	('2019-12-06', 54, 'Récord de Velocidad', 37, '00:01:31', 2, 1400),
	('2019-12-06', 55, 'Récord de Velocidad', 37, '00:01:31', 3, 1300),
	('2019-12-06', 56, 'Récord de Velocidad', 37, '00:01:37', 4, 1200),
	('2019-12-06', 57, 'Récord de Velocidad', 37, '00:01:39', 5, 1100),
	('2019-12-06', 58, 'Récord de Velocidad', 37, '00:01:45', 6, 1000),
	('2019-12-06', 59, 'Récord de Velocidad', 37, '00:01:54', 7, 950),
	('2019-12-06', 60, 'Récord de Velocidad', 37, '00:01:54', 8, 850),
	('2019-12-06', 61, 'Récord de Velocidad', 37, '00:01:56', 9, 750),
	('2019-12-06', 62, 'Récord de Velocidad', 37, '00:02:23', 10, 700),
	('2019-12-09', 518, 'Resistencia', 6, '00:10:11', 1, 2600),
	('2019-12-09', 519, 'Resistencia', 6, '00:10:30', 2, 2510),
	('2019-12-09', 520, 'Resistencia', 6, '00:11:22', 3, 2345),
	('2019-12-09', 521, 'Resistencia', 6, '00:11:29', 4, 2254),
	('2019-12-09', 522, 'Resistencia', 6, '00:11:35', 5, 2241),
	('2019-12-09', 523, 'Resistencia', 6, '00:11:39', 6, 2203),
	('2019-12-09', 524, 'Resistencia', 6, '00:12:03', 7, 1540),
	('2019-12-09', 525, 'Resistencia', 6, '00:12:04', 8, 1890),
	('2019-12-09', 526, 'Resistencia', 6, '00:12:10', 9, 1874),
	('2019-12-09', 527, 'Resistencia', 6, '00:12:17', 10, 1600),
	('2019-12-27', 381, 'Copa', 27, '00:05:25', 1, 3000),
	('2019-12-27', 382, 'Copa', 27, '00:05:32', 2, 2988),
	('2019-12-27', 383, 'Copa', 27, '00:09:06', 3, 2896),
	('2019-12-27', 384, 'Copa', 27, '00:09:06', 4, 2751),
	('2019-12-27', 385, 'Copa', 27, '00:10:27', 5, 2742),
	('2019-12-27', 386, 'Copa', 27, '00:11:24', 6, 2654),
	('2019-12-27', 387, 'Copa', 27, '00:11:41', 7, 2541),
	('2019-12-27', 388, 'Copa', 27, '00:12:23', 8, 2498),
	('2019-12-27', 389, 'Copa', 27, '00:13:01', 9, 2365),
	('2019-12-27', 390, 'Copa', 27, '00:13:21', 10, 2344),
	('2019-12-27', 391, 'Copa', 27, '00:13:40', 11, 2299),
	('2019-12-27', 392, 'Copa', 27, '00:14:15', 12, 2123),
	('2019-12-27', 393, 'Copa', 27, '00:14:21', 13, 2025),
	('2019-12-27', 394, 'Copa', 27, '00:15:03', 14, 1968),
	('2019-12-27', 395, 'Copa', 27, '00:15:20', 15, 1896),
	('2019-12-27', 396, 'Copa', 27, '00:15:27', 16, 1756),
	('2019-12-27', 397, 'Copa', 27, '00:15:39', 17, 1698),
	('2019-12-27', 398, 'Copa', 27, '00:15:57', 18, 1598),
	('2019-12-27', 399, 'Copa', 27, '00:16:28', 19, 1462),
	('2019-12-27', 400, 'Copa', 27, '00:16:39', 20, 1354),
	('2019-12-27', 401, 'Copa', 27, '00:17:43', 21, 1203),
	('2019-12-27', 402, 'Copa', 27, '00:19:30', 22, 1054),
	('2020-01-10', 878, 'Eliminación', 5, '00:02:40', 1, 2000),
	('2020-01-10', 879, 'Eliminación', 5, '00:02:20', 2, 1954),
	('2020-01-10', 880, 'Eliminación', 5, '00:02:00', 3, 1752),
	('2020-01-10', 881, 'Eliminación', 5, '00:01:40', 4, 1423),
	('2020-01-10', 882, 'Eliminación', 5, '00:01:20', 5, 1236),
	('2020-01-10', 883, 'Eliminación', 5, '00:01:00', 6, 1159),
	('2020-01-10', 884, 'Eliminación', 5, '00:00:40', 7, 985),
	('2020-01-10', 885, 'Eliminación', 5, '00:00:20', 8, 758),
	('2020-01-11', 328, 'Resistencia', 40, '00:11:16', 1, 2600),
	('2020-01-11', 329, 'Resistencia', 40, '00:11:20', 2, 2510),
	('2020-01-11', 330, 'Resistencia', 40, '00:11:21', 3, 2345),
	('2020-01-11', 331, 'Resistencia', 40, '00:11:24', 4, 2254),
	('2020-01-11', 332, 'Resistencia', 40, '00:11:24', 5, 2241),
	('2020-01-11', 333, 'Resistencia', 40, '00:11:26', 6, 2203),
	('2020-01-11', 334, 'Resistencia', 40, '00:11:36', 7, 1540),
	('2020-01-11', 335, 'Resistencia', 40, '00:11:46', 8, 1890),
	('2020-01-11', 336, 'Resistencia', 40, '00:11:57', 9, 1874),
	('2020-01-11', 337, 'Resistencia', 40, '00:11:59', 10, 1600),
	('2020-01-12', 783, 'Eliminación', 20, '00:02:40', 1, 2000),
	('2020-01-12', 784, 'Eliminación', 20, '00:02:20', 2, 1954),
	('2020-01-12', 785, 'Eliminación', 20, '00:02:00', 3, 1752),
	('2020-01-12', 786, 'Eliminación', 20, '00:01:40', 4, 1423),
	('2020-01-12', 787, 'Eliminación', 20, '00:01:20', 5, 1236),
	('2020-01-12', 788, 'Eliminación', 20, '00:01:00', 6, 1159),
	('2020-01-12', 789, 'Eliminación', 20, '00:00:40', 7, 985),
	('2020-01-12', 790, 'Eliminación', 20, '00:00:20', 8, 758),
	('2020-01-14', 423, 'Resistencia', 50, '00:11:00', 1, 2600),
	('2020-01-14', 424, 'Resistencia', 50, '00:11:09', 2, 2510),
	('2020-01-14', 425, 'Resistencia', 50, '00:11:22', 3, 2345),
	('2020-01-14', 426, 'Resistencia', 50, '00:11:51', 4, 2254),
	('2020-01-14', 427, 'Resistencia', 50, '00:12:17', 5, 2241),
	('2020-01-14', 428, 'Resistencia', 50, '00:13:02', 6, 2203),
	('2020-01-14', 429, 'Resistencia', 50, '00:13:45', 7, 1540),
	('2020-01-14', 430, 'Resistencia', 50, '00:14:11', 8, 1890),
	('2020-01-14', 431, 'Resistencia', 50, '00:14:21', 9, 1874),
	('2020-01-14', 432, 'Resistencia', 50, '00:14:39', 10, 1600),
	('2020-01-21', 456, 'Cazador', 38, '00:02:14', 1, 1200),
	('2020-01-21', 457, 'Cazador', 38, '00:02:15', 2, 1150),
	('2020-01-21', 458, 'Cazador', 38, '00:02:16', 3, 1100),
	('2020-01-21', 459, 'Cazador', 38, '00:02:17', 4, 1000),
	('2020-01-21', 460, 'Cazador', 38, '00:02:17', 5, 950),
	('2020-01-21', 461, 'Cazador', 38, '00:02:20', 6, 900),
	('2020-01-21', 462, 'Cazador', 38, '00:02:22', 7, 850),
	('2020-01-21', 463, 'Cazador', 38, '00:02:24', 8, 800),
	('2020-01-21', 464, 'Cazador', 38, '00:02:24', 9, 750),
	('2020-01-21', 465, 'Cazador', 38, '00:02:25', 10, 700),
	('2020-01-29', 361, 'Cazador', 47, '00:01:55', 1, 1200),
	('2020-01-29', 362, 'Cazador', 47, '00:01:59', 2, 1150),
	('2020-01-29', 363, 'Cazador', 47, '00:02:01', 3, 1100),
	('2020-01-29', 364, 'Cazador', 47, '00:02:01', 4, 1000),
	('2020-01-29', 365, 'Cazador', 47, '00:02:03', 5, 950),
	('2020-01-29', 366, 'Cazador', 47, '00:02:04', 6, 900),
	('2020-01-29', 367, 'Cazador', 47, '00:02:05', 7, 850),
	('2020-01-29', 368, 'Cazador', 47, '00:02:11', 8, 800),
	('2020-01-29', 369, 'Cazador', 47, '00:02:14', 9, 750),
	('2020-01-29', 370, 'Cazador', 47, '00:02:14', 10, 700),
	('2020-01-31', 528, 'Récord de Velocidad', 22, '00:02:25', 1, 1500),
	('2020-01-31', 529, 'Récord de Velocidad', 22, '00:02:28', 2, 1400),
	('2020-01-31', 530, 'Récord de Velocidad', 22, '00:02:28', 3, 1300),
	('2020-01-31', 531, 'Récord de Velocidad', 22, '00:02:33', 4, 1200),
	('2020-01-31', 532, 'Récord de Velocidad', 22, '00:02:40', 5, 1100),
	('2020-01-31', 533, 'Récord de Velocidad', 22, '00:03:08', 6, 1000),
	('2020-01-31', 534, 'Récord de Velocidad', 22, '00:03:12', 7, 950),
	('2020-01-31', 535, 'Récord de Velocidad', 22, '00:03:13', 8, 850),
	('2020-01-31', 536, 'Récord de Velocidad', 22, '00:03:19', 9, 750),
	('2020-01-31', 537, 'Récord de Velocidad', 22, '00:03:26', 10, 700),
	('2020-02-02', 981, 'Uno contra Uno', 45, '00:02:31', 1, 600),
	('2020-02-02', 982, 'Uno contra Uno', 45, '00:02:33', 2, 523),
	('2020-02-05', 886, 'Uno contra Uno', 37, '00:01:50', 1, 600),
	('2020-02-05', 887, 'Uno contra Uno', 37, '00:02:03', 2, 523),
	('2020-02-14', 741, 'Cazador', 42, '00:02:59', 1, 1200),
	('2020-02-14', 742, 'Cazador', 42, '00:03:00', 2, 1150),
	('2020-02-14', 743, 'Cazador', 42, '00:03:08', 3, 1100),
	('2020-02-14', 744, 'Cazador', 42, '00:03:08', 4, 1000),
	('2020-02-14', 745, 'Cazador', 42, '00:03:08', 5, 950),
	('2020-02-14', 746, 'Cazador', 42, '00:03:09', 6, 900),
	('2020-02-14', 747, 'Cazador', 42, '00:03:12', 7, 850),
	('2020-02-14', 748, 'Cazador', 42, '00:03:12', 8, 800),
	('2020-02-14', 749, 'Cazador', 42, '00:03:14', 9, 750),
	('2020-02-14', 750, 'Cazador', 42, '00:03:18', 10, 700),
	('2020-03-01', 908, 'Récord de Velocidad', 49, '00:01:16', 1, 1500),
	('2020-03-01', 909, 'Récord de Velocidad', 49, '00:01:24', 2, 1400),
	('2020-03-01', 910, 'Récord de Velocidad', 49, '00:01:31', 3, 1300),
	('2020-03-01', 911, 'Récord de Velocidad', 49, '00:01:42', 4, 1200),
	('2020-03-01', 912, 'Récord de Velocidad', 49, '00:01:43', 5, 1100),
	('2020-03-01', 913, 'Récord de Velocidad', 49, '00:01:45', 6, 1000),
	('2020-03-01', 914, 'Récord de Velocidad', 49, '00:01:54', 7, 950),
	('2020-03-01', 915, 'Récord de Velocidad', 49, '00:01:56', 8, 850),
	('2020-03-01', 916, 'Récord de Velocidad', 49, '00:02:01', 9, 750),
	('2020-03-01', 917, 'Récord de Velocidad', 49, '00:02:15', 10, 700),
	('2020-03-21', 1, 'Copa', 9, '00:01:17', 1, 3000),
	('2020-03-21', 2, 'Copa', 9, '00:01:19', 2, 2988),
	('2020-03-21', 3, 'Copa', 9, '00:02:41', 3, 2896),
	('2020-03-21', 4, 'Copa', 9, '00:02:54', 4, 2751),
	('2020-03-21', 5, 'Copa', 9, '00:03:22', 5, 2742),
	('2020-03-21', 6, 'Copa', 9, '00:03:44', 6, 2654),
	('2020-03-21', 7, 'Copa', 9, '00:03:51', 7, 2541),
	('2020-03-21', 8, 'Copa', 9, '00:03:54', 8, 2498),
	('2020-03-21', 9, 'Copa', 9, '00:03:56', 9, 2365),
	('2020-03-21', 10, 'Copa', 9, '00:04:14', 10, 2344),
	('2020-03-21', 11, 'Copa', 9, '00:04:52', 11, 2299),
	('2020-03-21', 12, 'Copa', 9, '00:05:40', 12, 2123),
	('2020-03-21', 13, 'Copa', 9, '00:06:15', 13, 2025),
	('2020-03-21', 14, 'Copa', 9, '00:07:03', 14, 1968),
	('2020-03-21', 15, 'Copa', 9, '00:07:41', 15, 1896),
	('2020-03-21', 16, 'Copa', 9, '00:08:52', 16, 1756),
	('2020-03-21', 17, 'Copa', 9, '00:11:30', 17, 1698),
	('2020-03-21', 18, 'Copa', 9, '00:12:01', 18, 1598),
	('2020-03-21', 19, 'Copa', 9, '00:12:36', 19, 1462),
	('2020-03-21', 20, 'Copa', 9, '00:13:19', 20, 1354),
	('2020-03-21', 21, 'Copa', 9, '00:14:22', 21, 1203),
	('2020-03-21', 22, 'Copa', 9, '00:14:32', 22, 1054),
	('2020-03-24', 688, 'Eliminación', 48, '00:02:40', 1, 2000),
	('2020-03-24', 689, 'Eliminación', 48, '00:02:20', 2, 1954),
	('2020-03-24', 690, 'Eliminación', 48, '00:02:00', 3, 1752),
	('2020-03-24', 691, 'Eliminación', 48, '00:01:40', 4, 1423),
	('2020-03-24', 692, 'Eliminación', 48, '00:01:20', 5, 1236),
	('2020-03-24', 693, 'Eliminación', 48, '00:01:00', 6, 1159),
	('2020-03-24', 694, 'Eliminación', 48, '00:00:40', 7, 985),
	('2020-03-24', 695, 'Eliminación', 48, '00:00:20', 8, 758),
	('2020-03-30', 738, 'Carrera de Aceleración', 44, '00:00:22', 1, 1000),
	('2020-03-30', 739, 'Carrera de Aceleración', 44, '00:00:26', 2, 850),
	('2020-03-30', 740, 'Carrera de Aceleración', 44, '00:00:26', 3, 600),
	('2020-04-09', 63, 'Velocidad Instantánea', 20, '00:01:01', 1, 1822),
	('2020-04-09', 64, 'Velocidad Instantánea', 20, '00:01:05', 2, 1745),
	('2020-04-09', 65, 'Velocidad Instantánea', 20, '00:01:07', 3, 1654),
	('2020-04-09', 66, 'Velocidad Instantánea', 20, '00:01:15', 4, 1520),
	('2020-04-09', 67, 'Velocidad Instantánea', 20, '00:01:16', 5, 1420),
	('2020-04-09', 68, 'Velocidad Instantánea', 20, '00:01:18', 6, 1389),
	('2020-04-09', 69, 'Velocidad Instantánea', 20, '00:01:20', 7, 1285),
	('2020-04-09', 70, 'Velocidad Instantánea', 20, '00:01:24', 8, 1100),
	('2020-04-09', 71, 'Velocidad Instantánea', 20, '00:01:25', 9, 895),
	('2020-04-09', 72, 'Velocidad Instantánea', 20, '00:01:26', 10, 562),
	('2020-05-03', 941, 'Contrarreloj', 22, '00:02:31', 1, 1000),
	('2020-05-03', 942, 'Contrarreloj', 22, '00:02:32', 2, 950),
	('2020-05-03', 943, 'Contrarreloj', 22, '00:02:38', 3, 900),
	('2020-05-03', 944, 'Contrarreloj', 22, '00:02:40', 4, 850),
	('2020-05-03', 945, 'Contrarreloj', 22, '00:02:47', 5, 800),
	('2020-05-03', 946, 'Contrarreloj', 22, '00:02:52', 6, 750),
	('2020-05-03', 947, 'Contrarreloj', 22, '00:02:58', 7, 700),
	('2020-05-03', 948, 'Contrarreloj', 22, '00:03:02', 8, 650),
	('2020-05-03', 949, 'Contrarreloj', 22, '00:03:09', 9, 600),
	('2020-05-03', 950, 'Contrarreloj', 22, '00:03:15', 10, 550),
	('2020-05-08', 221, 'Uno contra Uno', 42, '00:01:03', 1, 600),
	('2020-05-08', 222, 'Uno contra Uno', 42, '00:01:07', 2, 523),
	('2020-05-19', 43, 'Resistencia', 42, '00:08:50', 1, 2600),
	('2020-05-19', 44, 'Resistencia', 42, '00:08:52', 2, 2510),
	('2020-05-19', 45, 'Resistencia', 42, '00:08:56', 3, 2345),
	('2020-05-19', 46, 'Resistencia', 42, '00:09:25', 4, 2254),
	('2020-05-19', 47, 'Resistencia', 42, '00:09:33', 5, 2241),
	('2020-05-19', 48, 'Resistencia', 42, '00:09:37', 6, 2203),
	('2020-05-19', 49, 'Resistencia', 42, '00:09:37', 7, 1540),
	('2020-05-19', 50, 'Resistencia', 42, '00:09:44', 8, 1890),
	('2020-05-19', 51, 'Resistencia', 42, '00:09:50', 9, 1874),
	('2020-05-19', 52, 'Resistencia', 42, '00:09:55', 10, 1600),
	('2020-05-22', 973, 'Eliminación', 25, '00:02:40', 1, 2000),
	('2020-05-22', 974, 'Eliminación', 25, '00:02:20', 2, 1954),
	('2020-05-22', 975, 'Eliminación', 25, '00:02:00', 3, 1752),
	('2020-05-22', 976, 'Eliminación', 25, '00:01:40', 4, 1423),
	('2020-05-22', 977, 'Eliminación', 25, '00:01:20', 5, 1236),
	('2020-05-22', 978, 'Eliminación', 25, '00:01:00', 6, 1159),
	('2020-05-22', 979, 'Eliminación', 25, '00:00:40', 7, 985),
	('2020-05-22', 980, 'Eliminación', 25, '00:00:20', 8, 758),
	('2020-05-24', 603, 'Autocross', 13, '00:00:37', 1, 1500),
	('2020-05-24', 604, 'Autocross', 13, '00:00:45', 2, 1450),
	('2020-05-24', 605, 'Autocross', 13, '00:00:47', 3, 1400),
	('2020-05-24', 606, 'Autocross', 13, '00:00:50', 4, 1350),
	('2020-05-24', 607, 'Autocross', 13, '00:00:51', 5, 1320),
	('2020-05-24', 608, 'Autocross', 13, '00:00:53', 6, 1263),
	('2020-05-24', 609, 'Autocross', 13, '00:00:59', 7, 1223),
	('2020-05-24', 610, 'Autocross', 13, '00:01:04', 8, 1125),
	('2020-05-24', 611, 'Autocross', 13, '00:01:11', 9, 1063),
	('2020-05-24', 612, 'Autocross', 13, '00:01:29', 10, 980),
	('2020-05-25', 318, 'Autocross', 8, '00:01:10', 1, 1500),
	('2020-05-25', 319, 'Autocross', 8, '00:01:24', 2, 1450),
	('2020-05-25', 320, 'Autocross', 8, '00:01:28', 3, 1400),
	('2020-05-25', 321, 'Autocross', 8, '00:01:37', 4, 1350),
	('2020-05-25', 322, 'Autocross', 8, '00:01:45', 5, 1320),
	('2020-05-25', 323, 'Autocross', 8, '00:01:52', 6, 1263),
	('2020-05-25', 324, 'Autocross', 8, '00:02:22', 7, 1223),
	('2020-05-25', 325, 'Autocross', 8, '00:02:34', 8, 1125),
	('2020-05-25', 326, 'Autocross', 8, '00:02:45', 9, 1063),
	('2020-05-25', 327, 'Autocross', 8, '00:03:00', 10, 980),
	('2020-05-28', 263, 'Carrera de Aceleración', 30, '00:00:33', 1, 1000),
	('2020-05-28', 264, 'Carrera de Aceleración', 30, '00:00:34', 2, 850),
	('2020-05-28', 265, 'Carrera de Aceleración', 30, '00:00:49', 3, 600),
	('2020-06-08', 333, 'Contrarreloj', 10, '00:03:15', 10, 550),
	('2020-06-08', 666, 'Contrarreloj', 10, '00:03:09', 9, 600),
	('2020-06-08', 993, 'Contrarreloj', 10, '00:02:31', 1, 1000),
	('2020-06-08', 994, 'Contrarreloj', 10, '00:02:32', 2, 950),
	('2020-06-08', 995, 'Contrarreloj', 10, '00:02:38', 3, 900),
	('2020-06-08', 996, 'Contrarreloj', 10, '00:02:40', 4, 850),
	('2020-06-08', 997, 'Contrarreloj', 10, '00:02:47', 5, 800),
	('2020-06-08', 998, 'Contrarreloj', 10, '00:02:52', 6, 750),
	('2020-06-08', 999, 'Contrarreloj', 10, '00:02:58', 7, 700),
	('2020-06-08', 1000, 'Contrarreloj', 10, '00:03:02', 8, 650),
	('2020-06-21', 836, 'Cazador', 24, '00:01:42', 1, 1200),
	('2020-06-21', 837, 'Cazador', 24, '00:01:59', 2, 1150),
	('2020-06-21', 838, 'Cazador', 24, '00:02:04', 3, 1100),
	('2020-06-21', 839, 'Cazador', 24, '00:02:15', 4, 1000),
	('2020-06-21', 840, 'Cazador', 24, '00:02:16', 5, 950),
	('2020-06-21', 841, 'Cazador', 24, '00:02:17', 6, 900),
	('2020-06-21', 842, 'Cazador', 24, '00:02:20', 7, 850),
	('2020-06-21', 843, 'Cazador', 24, '00:02:21', 8, 800),
	('2020-06-21', 844, 'Cazador', 24, '00:02:23', 9, 750),
	('2020-06-21', 845, 'Cazador', 24, '00:02:27', 10, 700),
	('2020-06-28', 413, 'Autocross', 33, '00:02:01', 1, 1500),
	('2020-06-28', 414, 'Autocross', 33, '00:02:11', 2, 1450),
	('2020-06-28', 415, 'Autocross', 33, '00:02:14', 3, 1400),
	('2020-06-28', 416, 'Autocross', 33, '00:02:16', 4, 1350),
	('2020-06-28', 417, 'Autocross', 33, '00:02:20', 5, 1320),
	('2020-06-28', 418, 'Autocross', 33, '00:02:25', 6, 1263),
	('2020-06-28', 419, 'Autocross', 33, '00:02:29', 7, 1223),
	('2020-06-28', 420, 'Autocross', 33, '00:02:40', 8, 1125),
	('2020-06-28', 421, 'Autocross', 33, '00:02:46', 9, 1063),
	('2020-06-28', 422, 'Autocross', 33, '00:02:48', 10, 980),
	('2020-07-22', 918, 'Velocidad Instantánea', 5, '00:01:35', 1, 1822),
	('2020-07-22', 919, 'Velocidad Instantánea', 5, '00:01:37', 2, 1745),
	('2020-07-22', 920, 'Velocidad Instantánea', 5, '00:01:40', 3, 1654),
	('2020-07-22', 921, 'Velocidad Instantánea', 5, '00:01:43', 4, 1520),
	('2020-07-22', 922, 'Velocidad Instantánea', 5, '00:01:44', 5, 1420),
	('2020-07-22', 923, 'Velocidad Instantánea', 5, '00:01:47', 6, 1389),
	('2020-07-22', 924, 'Velocidad Instantánea', 5, '00:01:48', 7, 1285),
	('2020-07-22', 925, 'Velocidad Instantánea', 5, '00:01:49', 8, 1100),
	('2020-07-22', 926, 'Velocidad Instantánea', 5, '00:01:50', 9, 895),
	('2020-07-22', 927, 'Velocidad Instantánea', 5, '00:01:50', 10, 562),
	('2020-08-04', 656, 'Contrarreloj', 15, '00:03:05', 1, 1000),
	('2020-08-04', 657, 'Contrarreloj', 15, '00:03:09', 2, 950),
	('2020-08-04', 658, 'Contrarreloj', 15, '00:03:12', 3, 900),
	('2020-08-04', 659, 'Contrarreloj', 15, '00:03:17', 4, 850),
	('2020-08-04', 660, 'Contrarreloj', 15, '00:03:21', 5, 800),
	('2020-08-04', 661, 'Contrarreloj', 15, '00:03:25', 6, 750),
	('2020-08-04', 662, 'Contrarreloj', 15, '00:03:45', 7, 700),
	('2020-08-04', 663, 'Contrarreloj', 15, '00:03:50', 8, 650),
	('2020-08-04', 664, 'Contrarreloj', 15, '00:03:52', 9, 600),
	('2020-08-04', 665, 'Contrarreloj', 15, '00:03:57', 10, 550),
	('2020-08-09', 433, 'Récord de Velocidad', 4, '00:03:21', 1, 1500),
	('2020-08-09', 434, 'Récord de Velocidad', 4, '00:03:25', 2, 1400),
	('2020-08-09', 435, 'Récord de Velocidad', 4, '00:03:25', 3, 1300),
	('2020-08-09', 436, 'Récord de Velocidad', 4, '00:03:56', 4, 1200),
	('2020-08-09', 437, 'Récord de Velocidad', 4, '00:03:57', 5, 1100),
	('2020-08-09', 438, 'Récord de Velocidad', 4, '00:03:58', 6, 1000),
	('2020-08-09', 439, 'Récord de Velocidad', 4, '00:04:02', 7, 950),
	('2020-08-09', 440, 'Récord de Velocidad', 4, '00:04:18', 8, 850),
	('2020-08-09', 441, 'Récord de Velocidad', 4, '00:04:25', 9, 750),
	('2020-08-09', 442, 'Récord de Velocidad', 4, '00:04:28', 10, 700),
	('2020-08-14', 266, 'Cazador', 25, '00:01:43', 1, 1200),
	('2020-08-14', 267, 'Cazador', 25, '00:01:45', 2, 1150),
	('2020-08-14', 268, 'Cazador', 25, '00:01:46', 3, 1100),
	('2020-08-14', 269, 'Cazador', 25, '00:01:47', 4, 1000),
	('2020-08-14', 270, 'Cazador', 25, '00:01:49', 5, 950),
	('2020-08-14', 271, 'Cazador', 25, '00:01:49', 6, 900),
	('2020-08-14', 272, 'Cazador', 25, '00:01:52', 7, 850),
	('2020-08-14', 273, 'Cazador', 25, '00:01:53', 8, 800),
	('2020-08-14', 274, 'Cazador', 25, '00:01:54', 9, 750),
	('2020-08-14', 275, 'Cazador', 25, '00:01:54', 10, 700),
	('2020-08-17', 646, 'Cazador', 13, '00:03:56', 1, 1200),
	('2020-08-17', 647, 'Cazador', 13, '00:03:57', 2, 1150),
	('2020-08-17', 648, 'Cazador', 13, '00:04:00', 3, 1100),
	('2020-08-17', 649, 'Cazador', 13, '00:04:04', 4, 1000),
	('2020-08-17', 650, 'Cazador', 13, '00:04:06', 5, 950),
	('2020-08-17', 651, 'Cazador', 13, '00:04:09', 6, 900),
	('2020-08-17', 652, 'Cazador', 13, '00:04:13', 7, 850),
	('2020-08-17', 653, 'Cazador', 13, '00:04:15', 8, 800),
	('2020-08-17', 654, 'Cazador', 13, '00:04:21', 9, 750),
	('2020-08-17', 655, 'Cazador', 13, '00:04:24', 10, 700),
	('2020-09-26', 348, 'Velocidad Instantánea', 42, '00:00:51', 1, 1822),
	('2020-09-26', 349, 'Velocidad Instantánea', 42, '00:00:52', 2, 1745),
	('2020-09-26', 350, 'Velocidad Instantánea', 42, '00:00:52', 3, 1654),
	('2020-09-26', 351, 'Velocidad Instantánea', 42, '00:00:52', 4, 1520),
	('2020-09-26', 352, 'Velocidad Instantánea', 42, '00:00:53', 5, 1420),
	('2020-09-26', 353, 'Velocidad Instantánea', 42, '00:00:54', 6, 1389),
	('2020-09-26', 354, 'Velocidad Instantánea', 42, '00:00:54', 7, 1285),
	('2020-09-26', 355, 'Velocidad Instantánea', 42, '00:00:57', 8, 1100),
	('2020-09-26', 356, 'Velocidad Instantánea', 42, '00:00:58', 9, 895),
	('2020-09-26', 357, 'Velocidad Instantánea', 42, '00:01:00', 10, 562),
	('2020-09-28', 623, 'Récord de Velocidad', 17, '00:01:35', 1, 1500),
	('2020-09-28', 624, 'Récord de Velocidad', 17, '00:01:46', 2, 1400),
	('2020-09-28', 625, 'Récord de Velocidad', 17, '00:01:49', 3, 1300),
	('2020-09-28', 626, 'Récord de Velocidad', 17, '00:01:53', 4, 1200),
	('2020-09-28', 627, 'Récord de Velocidad', 17, '00:01:56', 5, 1100),
	('2020-09-28', 628, 'Récord de Velocidad', 17, '00:01:56', 6, 1000),
	('2020-09-28', 629, 'Récord de Velocidad', 17, '00:02:01', 7, 950),
	('2020-09-28', 630, 'Récord de Velocidad', 17, '00:02:04', 8, 850),
	('2020-09-28', 631, 'Récord de Velocidad', 17, '00:02:22', 9, 750),
	('2020-09-28', 632, 'Récord de Velocidad', 17, '00:02:27', 10, 700),
	('2020-10-03', 128, 'Autocross', 10, '00:00:58', 1, 1500),
	('2020-10-03', 129, 'Autocross', 10, '00:00:58', 2, 1450),
	('2020-10-03', 130, 'Autocross', 10, '00:01:24', 3, 1400),
	('2020-10-03', 131, 'Autocross', 10, '00:01:26', 4, 1350),
	('2020-10-03', 132, 'Autocross', 10, '00:01:29', 5, 1320),
	('2020-10-03', 133, 'Autocross', 10, '00:01:40', 6, 1263),
	('2020-10-03', 134, 'Autocross', 10, '00:01:44', 7, 1223),
	('2020-10-03', 135, 'Autocross', 10, '00:01:49', 8, 1125),
	('2020-10-03', 136, 'Autocross', 10, '00:01:52', 9, 1063),
	('2020-10-03', 137, 'Autocross', 10, '00:01:59', 10, 980),
	('2020-10-06', 751, 'Contrarreloj', 47, '00:02:00', 1, 1000),
	('2020-10-06', 752, 'Contrarreloj', 47, '00:02:07', 2, 950),
	('2020-10-06', 753, 'Contrarreloj', 47, '00:02:13', 3, 900),
	('2020-10-06', 754, 'Contrarreloj', 47, '00:02:14', 4, 850),
	('2020-10-06', 755, 'Contrarreloj', 47, '00:02:28', 5, 800),
	('2020-10-06', 756, 'Contrarreloj', 47, '00:02:31', 6, 750),
	('2020-10-06', 757, 'Contrarreloj', 47, '00:02:33', 7, 700),
	('2020-10-06', 758, 'Contrarreloj', 47, '00:02:38', 8, 650),
	('2020-10-06', 759, 'Contrarreloj', 47, '00:02:41', 9, 600),
	('2020-10-06', 760, 'Contrarreloj', 47, '00:02:48', 10, 550),
	('2020-10-20', 453, 'Carrera de Aceleración', 19, '00:01:31', 1, 1000),
	('2020-10-20', 454, 'Carrera de Aceleración', 19, '00:01:36', 2, 850),
	('2020-10-20', 455, 'Carrera de Aceleración', 19, '00:01:43', 3, 600),
	('2020-10-26', 791, 'Uno contra Uno', 1, '00:01:17', 1, 600),
	('2020-10-26', 792, 'Uno contra Uno', 1, '00:01:21', 2, 523),
	('2020-11-21', 803, 'Resistencia', 23, '00:06:18', 1, 2600),
	('2020-11-21', 804, 'Resistencia', 23, '00:06:19', 2, 2510),
	('2020-11-21', 805, 'Resistencia', 23, '00:06:36', 3, 2345),
	('2020-11-21', 806, 'Resistencia', 23, '00:06:57', 4, 2254),
	('2020-11-21', 807, 'Resistencia', 23, '00:07:00', 5, 2241),
	('2020-11-21', 808, 'Resistencia', 23, '00:07:24', 6, 2203),
	('2020-11-21', 809, 'Resistencia', 23, '00:07:33', 7, 1540),
	('2020-11-21', 810, 'Resistencia', 23, '00:07:34', 8, 1890),
	('2020-11-21', 811, 'Resistencia', 23, '00:07:46', 9, 1874),
	('2020-11-21', 812, 'Resistencia', 23, '00:07:58', 10, 1600),
	('2020-12-02', 813, 'Récord de Velocidad', 43, '00:04:30', 1, 1500),
	('2020-12-02', 814, 'Récord de Velocidad', 43, '00:04:30', 2, 1400),
	('2020-12-02', 815, 'Récord de Velocidad', 43, '00:04:38', 3, 1300),
	('2020-12-02', 816, 'Récord de Velocidad', 43, '00:04:39', 4, 1200),
	('2020-12-02', 817, 'Récord de Velocidad', 43, '00:04:44', 5, 1100),
	('2020-12-02', 818, 'Récord de Velocidad', 43, '00:04:50', 6, 1000),
	('2020-12-02', 819, 'Récord de Velocidad', 43, '00:04:51', 7, 950),
	('2020-12-02', 820, 'Récord de Velocidad', 43, '00:05:04', 8, 850),
	('2020-12-02', 821, 'Récord de Velocidad', 43, '00:05:19', 9, 750),
	('2020-12-02', 822, 'Récord de Velocidad', 43, '00:05:24', 10, 700),
	('2020-12-03', 73, 'Carrera de Aceleración', 10, '00:00:41', 1, 1000),
	('2020-12-03', 74, 'Carrera de Aceleración', 10, '00:00:43', 2, 850),
	('2020-12-03', 75, 'Carrera de Aceleración', 10, '00:00:32', 3, 600),
	('2020-12-04', 571, 'Copa', 41, '00:11:59', 1, 3000),
	('2020-12-04', 572, 'Copa', 41, '00:14:56', 2, 2988),
	('2020-12-04', 573, 'Copa', 41, '00:15:16', 3, 2896),
	('2020-12-04', 574, 'Copa', 41, '00:16:13', 4, 2751),
	('2020-12-04', 575, 'Copa', 41, '00:16:51', 5, 2742),
	('2020-12-04', 576, 'Copa', 41, '00:18:04', 6, 2654),
	('2020-12-04', 577, 'Copa', 41, '00:19:36', 7, 2541),
	('2020-12-04', 578, 'Copa', 41, '00:20:02', 8, 2498),
	('2020-12-04', 579, 'Copa', 41, '00:20:39', 9, 2365),
	('2020-12-04', 580, 'Copa', 41, '00:24:45', 10, 2344),
	('2020-12-04', 581, 'Copa', 41, '00:26:06', 11, 2299),
	('2020-12-04', 582, 'Copa', 41, '00:26:34', 12, 2123),
	('2020-12-04', 583, 'Copa', 41, '00:27:12', 13, 2025),
	('2020-12-04', 584, 'Copa', 41, '00:27:13', 14, 1968),
	('2020-12-04', 585, 'Copa', 41, '00:28:05', 15, 1896),
	('2020-12-04', 586, 'Copa', 41, '00:28:46', 16, 1756),
	('2020-12-04', 587, 'Copa', 41, '00:30:13', 17, 1698),
	('2020-12-04', 588, 'Copa', 41, '00:35:13', 18, 1598),
	('2020-12-04', 589, 'Copa', 41, '00:35:59', 19, 1462),
	('2020-12-04', 590, 'Copa', 41, '00:37:26', 20, 1354),
	('2020-12-04', 591, 'Copa', 41, '00:38:22', 21, 1203),
	('2020-12-04', 592, 'Copa', 41, '00:39:43', 22, 1054),
	('2020-12-05', 76, 'Cazador', 32, '00:00:45', 1, 1200),
	('2020-12-05', 77, 'Cazador', 32, '00:00:46', 2, 1150),
	('2020-12-05', 78, 'Cazador', 32, '00:00:47', 3, 1100),
	('2020-12-05', 79, 'Cazador', 32, '00:01:03', 4, 1000),
	('2020-12-05', 80, 'Cazador', 32, '00:01:05', 5, 950),
	('2020-12-05', 81, 'Cazador', 32, '00:01:07', 6, 900),
	('2020-12-05', 82, 'Cazador', 32, '00:01:07', 7, 850),
	('2020-12-05', 83, 'Cazador', 32, '00:01:08', 8, 800),
	('2020-12-05', 84, 'Cazador', 32, '00:01:14', 9, 750),
	('2020-12-05', 85, 'Cazador', 32, '00:01:25', 10, 700),
	('2020-12-06', 443, 'Velocidad Instantánea', 40, '00:01:47', 1, 1822),
	('2020-12-06', 444, 'Velocidad Instantánea', 40, '00:01:48', 2, 1745),
	('2020-12-06', 445, 'Velocidad Instantánea', 40, '00:01:52', 3, 1654),
	('2020-12-06', 446, 'Velocidad Instantánea', 40, '00:01:52', 4, 1520),
	('2020-12-06', 447, 'Velocidad Instantánea', 40, '00:01:53', 5, 1420),
	('2020-12-06', 448, 'Velocidad Instantánea', 40, '00:01:57', 6, 1389),
	('2020-12-06', 449, 'Velocidad Instantánea', 40, '00:01:58', 7, 1285),
	('2020-12-06', 450, 'Velocidad Instantánea', 40, '00:01:58', 8, 1100),
	('2020-12-06', 451, 'Velocidad Instantánea', 40, '00:02:00', 9, 895),
	('2020-12-06', 452, 'Velocidad Instantánea', 40, '00:02:00', 10, 562),
	('2020-12-12', 551, 'Cazador', 28, '00:02:54', 1, 1200),
	('2020-12-12', 552, 'Cazador', 28, '00:02:59', 2, 1150),
	('2020-12-12', 553, 'Cazador', 28, '00:03:00', 3, 1100),
	('2020-12-12', 554, 'Cazador', 28, '00:03:00', 4, 1000),
	('2020-12-12', 555, 'Cazador', 28, '00:03:10', 5, 950),
	('2020-12-12', 556, 'Cazador', 28, '00:03:11', 6, 900),
	('2020-12-12', 557, 'Cazador', 28, '00:03:12', 7, 850),
	('2020-12-12', 558, 'Cazador', 28, '00:03:13', 8, 800),
	('2020-12-12', 559, 'Cazador', 28, '00:03:21', 9, 750),
	('2020-12-12', 560, 'Cazador', 28, '00:03:23', 10, 700),
	('2020-12-13', 498, 'Eliminación', 50, '00:02:40', 1, 2000),
	('2020-12-13', 499, 'Eliminación', 50, '00:02:20', 2, 1954),
	('2020-12-13', 500, 'Eliminación', 50, '00:02:00', 3, 1752),
	('2020-12-13', 501, 'Eliminación', 50, '00:01:40', 4, 1423),
	('2020-12-13', 502, 'Eliminación', 50, '00:01:20', 5, 1236),
	('2020-12-13', 503, 'Eliminación', 50, '00:01:00', 6, 1159),
	('2020-12-13', 504, 'Eliminación', 50, '00:00:40', 7, 985),
	('2020-12-13', 505, 'Eliminación', 50, '00:00:20', 8, 758),
	('2020-12-19', 898, 'Resistencia', 21, '00:08:08', 1, 2600),
	('2020-12-19', 899, 'Resistencia', 21, '00:08:15', 2, 2510),
	('2020-12-19', 900, 'Resistencia', 21, '00:08:25', 3, 2345),
	('2020-12-19', 901, 'Resistencia', 21, '00:08:25', 4, 2254),
	('2020-12-19', 902, 'Resistencia', 21, '00:08:49', 5, 2241),
	('2020-12-19', 903, 'Resistencia', 21, '00:09:19', 6, 2203),
	('2020-12-19', 904, 'Resistencia', 21, '00:09:34', 7, 1540),
	('2020-12-19', 905, 'Resistencia', 21, '00:09:37', 8, 1890),
	('2020-12-19', 906, 'Resistencia', 21, '00:09:37', 9, 1874),
	('2020-12-19', 907, 'Resistencia', 21, '00:09:50', 10, 1600),
	('2020-12-29', 698, 'Autocross', 36, '00:01:43', 1, 1500),
	('2020-12-29', 699, 'Autocross', 36, '00:01:46', 2, 1450),
	('2020-12-29', 700, 'Autocross', 36, '00:01:48', 3, 1400),
	('2020-12-29', 701, 'Autocross', 36, '00:01:48', 4, 1350),
	('2020-12-29', 702, 'Autocross', 36, '00:01:49', 5, 1320),
	('2020-12-29', 703, 'Autocross', 36, '00:01:59', 6, 1263),
	('2020-12-29', 704, 'Autocross', 36, '00:02:00', 7, 1223),
	('2020-12-29', 705, 'Autocross', 36, '00:02:05', 8, 1125),
	('2020-12-29', 706, 'Autocross', 36, '00:02:13', 9, 1063),
	('2020-12-29', 707, 'Autocross', 36, '00:02:28', 10, 980),
	('2020-12-31', 358, 'Carrera de Aceleración', 47, '00:00:34', 1, 1000),
	('2020-12-31', 359, 'Carrera de Aceleración', 47, '00:00:37', 2, 850),
	('2020-12-31', 360, 'Carrera de Aceleración', 47, '00:00:56', 3, 600),
	('2021-01-03', 508, 'Autocross', 28, '00:01:05', 1, 1500),
	('2021-01-03', 509, 'Autocross', 28, '00:01:09', 2, 1450),
	('2021-01-03', 510, 'Autocross', 28, '00:01:31', 3, 1400),
	('2021-01-03', 511, 'Autocross', 28, '00:01:34', 4, 1350),
	('2021-01-03', 512, 'Autocross', 28, '00:01:36', 5, 1320),
	('2021-01-03', 513, 'Autocross', 28, '00:01:49', 6, 1263),
	('2021-01-03', 514, 'Autocross', 28, '00:02:20', 7, 1223),
	('2021-01-03', 515, 'Autocross', 28, '00:02:22', 8, 1125),
	('2021-01-03', 516, 'Autocross', 28, '00:02:22', 9, 1063),
	('2021-01-03', 517, 'Autocross', 28, '00:02:27', 10, 980),
	('2021-01-05', 983, 'Autocross', 33, '00:01:45', 1, 1500),
	('2021-01-05', 984, 'Autocross', 33, '00:01:49', 2, 1450),
	('2021-01-05', 985, 'Autocross', 33, '00:01:52', 3, 1400),
	('2021-01-05', 986, 'Autocross', 33, '00:01:53', 4, 1350),
	('2021-01-05', 987, 'Autocross', 33, '00:02:03', 5, 1320),
	('2021-01-05', 988, 'Autocross', 33, '00:02:10', 6, 1263),
	('2021-01-05', 989, 'Autocross', 33, '00:02:12', 7, 1223),
	('2021-01-05', 990, 'Autocross', 33, '00:02:31', 8, 1125),
	('2021-01-05', 991, 'Autocross', 33, '00:02:36', 9, 1063),
	('2021-01-05', 992, 'Autocross', 33, '00:02:42', 10, 980),
	('2021-01-07', 86, 'Contrarreloj', 47, '00:01:32', 1, 1000),
	('2021-01-07', 87, 'Contrarreloj', 47, '00:01:35', 2, 950),
	('2021-01-07', 88, 'Contrarreloj', 47, '00:01:39', 3, 900),
	('2021-01-07', 89, 'Contrarreloj', 47, '00:01:40', 4, 850),
	('2021-01-07', 90, 'Contrarreloj', 47, '00:01:40', 5, 800),
	('2021-01-07', 91, 'Contrarreloj', 47, '00:01:41', 6, 750),
	('2021-01-07', 92, 'Contrarreloj', 47, '00:01:53', 7, 700),
	('2021-01-07', 93, 'Contrarreloj', 47, '00:01:55', 8, 650),
	('2021-01-07', 94, 'Contrarreloj', 47, '00:01:56', 9, 600),
	('2021-01-07', 95, 'Contrarreloj', 47, '00:01:57', 10, 550),
	('2021-02-15', 466, 'Contrarreloj', 23, '00:05:03', 1, 1000),
	('2021-02-15', 467, 'Contrarreloj', 23, '00:05:04', 2, 950),
	('2021-02-15', 468, 'Contrarreloj', 23, '00:05:07', 3, 900),
	('2021-02-15', 469, 'Contrarreloj', 23, '00:05:12', 4, 850),
	('2021-02-15', 470, 'Contrarreloj', 23, '00:05:12', 5, 800),
	('2021-02-15', 471, 'Contrarreloj', 23, '00:05:14', 6, 750),
	('2021-02-15', 472, 'Contrarreloj', 23, '00:05:34', 7, 700),
	('2021-02-15', 473, 'Contrarreloj', 23, '00:05:52', 8, 650),
	('2021-02-15', 474, 'Contrarreloj', 23, '00:05:57', 9, 600),
	('2021-02-15', 475, 'Contrarreloj', 23, '00:05:57', 10, 550),
	('2021-02-24', 613, 'Resistencia', 49, '00:08:01', 1, 2600),
	('2021-02-24', 614, 'Resistencia', 49, '00:09:11', 2, 2510),
	('2021-02-24', 615, 'Resistencia', 49, '00:09:17', 3, 2345),
	('2021-02-24', 616, 'Resistencia', 49, '00:09:36', 4, 2254),
	('2021-02-24', 617, 'Resistencia', 49, '00:09:38', 5, 2241),
	('2021-02-24', 618, 'Resistencia', 49, '00:09:40', 6, 2203),
	('2021-02-24', 619, 'Resistencia', 49, '00:09:40', 7, 1540),
	('2021-02-24', 620, 'Resistencia', 49, '00:09:40', 8, 1890),
	('2021-02-24', 621, 'Resistencia', 49, '00:09:41', 9, 1874),
	('2021-02-24', 622, 'Resistencia', 49, '00:09:43', 10, 1600);
/*!40000 ALTER TABLE `resultados` ENABLE KEYS */;

-- Volcando estructura para disparador proyecto.disparador1__proyecto
SET @OLDTMP_SQL_MODE=@@SQL_MODE, SQL_MODE='STRICT_TRANS_TABLES,NO_ENGINE_SUBSTITUTION';
DELIMITER //
CREATE TRIGGER `disparador1__proyecto` BEFORE UPDATE ON `pilotos` FOR EACH ROW BEGIN

	if (NEW.edad < 18) then
		INSERT INTO menor_edad VALUES (OLD.codigo, NEW.edad, NOW());
	END if;	
END//
DELIMITER ;
SET SQL_MODE=@OLDTMP_SQL_MODE;

-- Volcando estructura para disparador proyecto.disparador2__proyecto
SET @OLDTMP_SQL_MODE=@@SQL_MODE, SQL_MODE='STRICT_TRANS_TABLES,NO_ENGINE_SUBSTITUTION';
DELIMITER //
CREATE TRIGGER `disparador2__proyecto` BEFORE UPDATE ON `resultados` FOR EACH ROW BEGIN

	if (NEW.posicion <> OLD.posicion) then
		INSERT INTO resultados VALUES (OLD.posicion);
	END if;
	
END//
DELIMITER ;
SET SQL_MODE=@OLDTMP_SQL_MODE;

/*!40101 SET SQL_MODE=IFNULL(@OLD_SQL_MODE, '') */;
/*!40014 SET FOREIGN_KEY_CHECKS=IFNULL(@OLD_FOREIGN_KEY_CHECKS, 1) */;
/*!40101 SET CHARACTER_SET_CLIENT=@OLD_CHARACTER_SET_CLIENT */;
/*!40111 SET SQL_NOTES=IFNULL(@OLD_SQL_NOTES, 1) */;
